Copyright 1986-2022 Xilinx, Inc. All Rights Reserved. Copyright 2022-2024 Advanced Micro Devices, Inc. All Rights Reserved.
--------------------------------------------------------------------------------------------------------------------------------------------------------------------------
| Tool Version : Vivado v.2024.2 (win64) Build 5239630 Fri Nov 08 22:35:27 MST 2024
| Date         : Tue Apr 15 16:53:36 2025
| Host         : Amith_Zen running 64-bit major release  (build 9200)
| Command      : report_methodology -file alchitry_top_methodology_drc_routed.rpt -pb alchitry_top_methodology_drc_routed.pb -rpx alchitry_top_methodology_drc_routed.rpx
| Design       : alchitry_top
| Device       : xc7a35tftg256-1
| Speed File   : -1
| Design State : Fully Routed
--------------------------------------------------------------------------------------------------------------------------------------------------------------------------

Report Methodology

Table of Contents
-----------------
1. REPORT SUMMARY
2. REPORT DETAILS

1. REPORT SUMMARY
-----------------
            Netlist: netlist
          Floorplan: design_1
      Design limits: <entire design considered>
             Max checks: <unlimited>
             Checks found: 458
+-----------+----------+-------------------------------+--------+
| Rule      | Severity | Description                   | Checks |
+-----------+----------+-------------------------------+--------+
| SYNTH-10  | Warning  | Wide multiplier               | 3      |
| TIMING-16 | Warning  | Large setup violation         | 386    |
| TIMING-18 | Warning  | Missing input or output delay | 69     |
+-----------+----------+-------------------------------+--------+

2. REPORT DETAILS
-----------------
SYNTH-10#1 Warning
Wide multiplier  
Detected multiplier at game_datapath/game_alu/out_sig0 of size 16x18, it is decomposed from a wide multipler into 4 DSP blocks.
Related violations: <none>

SYNTH-10#2 Warning
Wide multiplier  
Detected multiplier at game_datapath/game_alu/out_sig0__0 of size 18x18, it is decomposed from a wide multipler into 4 DSP blocks.
Related violations: <none>

SYNTH-10#3 Warning
Wide multiplier  
Detected multiplier at game_datapath/game_alu/out_sig0__1 of size 18x16, it is decomposed from a wide multipler into 4 DSP blocks.
Related violations: <none>

TIMING-16#1 Warning
Large setup violation  
There is a large setup violation of -1.005 ns between game_datapath/game_cu/FSM_onehot_D_game_fsm_q_reg[26]/C (clocked by clk_0) and game_datapath/game_regfiles/D_current_round_q_reg[7]/D (clocked by clk_0). Large setup violations at the end of those stages might be difficult to fix during the post-placement implementation flow and could be the result of non-optimal XDC constraints or non-optimal design architecture
Related violations: <none>

TIMING-16#2 Warning
Large setup violation  
There is a large setup violation of -1.008 ns between game_datapath/game_cu/FSM_onehot_D_game_fsm_q_reg[26]/C (clocked by clk_0) and game_datapath/game_regfiles/D_attempts_q_reg[7]/D (clocked by clk_0). Large setup violations at the end of those stages might be difficult to fix during the post-placement implementation flow and could be the result of non-optimal XDC constraints or non-optimal design architecture
Related violations: <none>

TIMING-16#3 Warning
Large setup violation  
There is a large setup violation of -1.015 ns between game_datapath/game_cu/FSM_onehot_D_game_fsm_q_reg[26]/C (clocked by clk_0) and game_datapath/game_regfiles/D_user_input_q_reg[6]/D (clocked by clk_0). Large setup violations at the end of those stages might be difficult to fix during the post-placement implementation flow and could be the result of non-optimal XDC constraints or non-optimal design architecture
Related violations: <none>

TIMING-16#4 Warning
Large setup violation  
There is a large setup violation of -1.129 ns between game_datapath/game_cu/FSM_onehot_D_game_fsm_q_reg[26]/C (clocked by clk_0) and game_datapath/game_regfiles/D_pointer_q_reg[6]/D (clocked by clk_0). Large setup violations at the end of those stages might be difficult to fix during the post-placement implementation flow and could be the result of non-optimal XDC constraints or non-optimal design architecture
Related violations: <none>

TIMING-16#5 Warning
Large setup violation  
There is a large setup violation of -1.132 ns between game_datapath/game_cu/FSM_onehot_D_game_fsm_q_reg[26]/C (clocked by clk_0) and game_datapath/game_regfiles/D_difficulty_q_reg[7]/D (clocked by clk_0). Large setup violations at the end of those stages might be difficult to fix during the post-placement implementation flow and could be the result of non-optimal XDC constraints or non-optimal design architecture
Related violations: <none>

TIMING-16#6 Warning
Large setup violation  
There is a large setup violation of -1.158 ns between game_datapath/game_cu/FSM_onehot_D_game_fsm_q_reg[26]/C (clocked by clk_0) and game_datapath/game_regfiles/D_difficulty_q_reg[15]/D (clocked by clk_0). Large setup violations at the end of those stages might be difficult to fix during the post-placement implementation flow and could be the result of non-optimal XDC constraints or non-optimal design architecture
Related violations: <none>

TIMING-16#7 Warning
Large setup violation  
There is a large setup violation of -1.166 ns between game_datapath/game_cu/FSM_onehot_D_game_fsm_q_reg[26]/C (clocked by clk_0) and game_datapath/game_regfiles/D_game_state_q_reg[6]/D (clocked by clk_0). Large setup violations at the end of those stages might be difficult to fix during the post-placement implementation flow and could be the result of non-optimal XDC constraints or non-optimal design architecture
Related violations: <none>

TIMING-16#8 Warning
Large setup violation  
There is a large setup violation of -1.181 ns between game_datapath/game_cu/FSM_onehot_D_game_fsm_q_reg[26]/C (clocked by clk_0) and game_datapath/game_regfiles/D_current_button_light_q_reg[13]/D (clocked by clk_0). Large setup violations at the end of those stages might be difficult to fix during the post-placement implementation flow and could be the result of non-optimal XDC constraints or non-optimal design architecture
Related violations: <none>

TIMING-16#9 Warning
Large setup violation  
There is a large setup violation of -1.183 ns between game_datapath/game_cu/FSM_onehot_D_game_fsm_q_reg[26]/C (clocked by clk_0) and game_datapath/game_regfiles/D_current_button_light_q_reg[15]/D (clocked by clk_0). Large setup violations at the end of those stages might be difficult to fix during the post-placement implementation flow and could be the result of non-optimal XDC constraints or non-optimal design architecture
Related violations: <none>

TIMING-16#10 Warning
Large setup violation  
There is a large setup violation of -1.188 ns between game_datapath/game_cu/FSM_onehot_D_game_fsm_q_reg[26]/C (clocked by clk_0) and game_datapath/game_regfiles/D_user_input_q_reg[7]/D (clocked by clk_0). Large setup violations at the end of those stages might be difficult to fix during the post-placement implementation flow and could be the result of non-optimal XDC constraints or non-optimal design architecture
Related violations: <none>

TIMING-16#11 Warning
Large setup violation  
There is a large setup violation of -1.215 ns between game_datapath/game_cu/FSM_onehot_D_game_fsm_q_reg[26]/C (clocked by clk_0) and game_datapath/game_regfiles/D_current_round_q_reg[13]/D (clocked by clk_0). Large setup violations at the end of those stages might be difficult to fix during the post-placement implementation flow and could be the result of non-optimal XDC constraints or non-optimal design architecture
Related violations: <none>

TIMING-16#12 Warning
Large setup violation  
There is a large setup violation of -1.220 ns between game_datapath/game_cu/FSM_onehot_D_game_fsm_q_reg[26]/C (clocked by clk_0) and game_datapath/game_regfiles/D_current_player_q_reg[6]/D (clocked by clk_0). Large setup violations at the end of those stages might be difficult to fix during the post-placement implementation flow and could be the result of non-optimal XDC constraints or non-optimal design architecture
Related violations: <none>

TIMING-16#13 Warning
Large setup violation  
There is a large setup violation of -1.227 ns between game_datapath/game_cu/FSM_onehot_D_game_fsm_q_reg[26]/C (clocked by clk_0) and game_datapath/game_regfiles/D_current_player_q_reg[12]/D (clocked by clk_0). Large setup violations at the end of those stages might be difficult to fix during the post-placement implementation flow and could be the result of non-optimal XDC constraints or non-optimal design architecture
Related violations: <none>

TIMING-16#14 Warning
Large setup violation  
There is a large setup violation of -1.248 ns between game_datapath/game_cu/FSM_onehot_D_game_fsm_q_reg[26]/C (clocked by clk_0) and game_datapath/game_regfiles/D_attempts_q_reg[12]/D (clocked by clk_0). Large setup violations at the end of those stages might be difficult to fix during the post-placement implementation flow and could be the result of non-optimal XDC constraints or non-optimal design architecture
Related violations: <none>

TIMING-16#15 Warning
Large setup violation  
There is a large setup violation of -1.256 ns between game_datapath/game_cu/FSM_onehot_D_game_fsm_q_reg[26]/C (clocked by clk_0) and game_datapath/game_regfiles/D_password_q_reg[6]/D (clocked by clk_0). Large setup violations at the end of those stages might be difficult to fix during the post-placement implementation flow and could be the result of non-optimal XDC constraints or non-optimal design architecture
Related violations: <none>

TIMING-16#16 Warning
Large setup violation  
There is a large setup violation of -1.262 ns between game_datapath/game_cu/FSM_onehot_D_game_fsm_q_reg[26]/C (clocked by clk_0) and game_datapath/game_regfiles/D_boolean_q_reg[15]/D (clocked by clk_0). Large setup violations at the end of those stages might be difficult to fix during the post-placement implementation flow and could be the result of non-optimal XDC constraints or non-optimal design architecture
Related violations: <none>

TIMING-16#17 Warning
Large setup violation  
There is a large setup violation of -1.267 ns between game_datapath/game_cu/FSM_onehot_D_game_fsm_q_reg[26]/C (clocked by clk_0) and game_datapath/game_regfiles/D_attempts_q_reg[13]/D (clocked by clk_0). Large setup violations at the end of those stages might be difficult to fix during the post-placement implementation flow and could be the result of non-optimal XDC constraints or non-optimal design architecture
Related violations: <none>

TIMING-16#18 Warning
Large setup violation  
There is a large setup violation of -1.270 ns between game_datapath/game_cu/FSM_onehot_D_game_fsm_q_reg[26]/C (clocked by clk_0) and game_datapath/game_regfiles/D_password_q_reg[13]/D (clocked by clk_0). Large setup violations at the end of those stages might be difficult to fix during the post-placement implementation flow and could be the result of non-optimal XDC constraints or non-optimal design architecture
Related violations: <none>

TIMING-16#19 Warning
Large setup violation  
There is a large setup violation of -1.273 ns between game_datapath/game_cu/FSM_onehot_D_game_fsm_q_reg[26]/C (clocked by clk_0) and game_datapath/game_regfiles/D_timer_q_reg[7]/D (clocked by clk_0). Large setup violations at the end of those stages might be difficult to fix during the post-placement implementation flow and could be the result of non-optimal XDC constraints or non-optimal design architecture
Related violations: <none>

TIMING-16#20 Warning
Large setup violation  
There is a large setup violation of -1.283 ns between game_datapath/game_cu/FSM_onehot_D_game_fsm_q_reg[26]/C (clocked by clk_0) and game_datapath/game_regfiles/D_current_round_q_reg[6]/D (clocked by clk_0). Large setup violations at the end of those stages might be difficult to fix during the post-placement implementation flow and could be the result of non-optimal XDC constraints or non-optimal design architecture
Related violations: <none>

TIMING-16#21 Warning
Large setup violation  
There is a large setup violation of -1.292 ns between game_datapath/game_cu/FSM_onehot_D_game_fsm_q_reg[26]/C (clocked by clk_0) and game_datapath/game_regfiles/D_filtered_password_q_reg[13]/D (clocked by clk_0). Large setup violations at the end of those stages might be difficult to fix during the post-placement implementation flow and could be the result of non-optimal XDC constraints or non-optimal design architecture
Related violations: <none>

TIMING-16#22 Warning
Large setup violation  
There is a large setup violation of -1.300 ns between game_datapath/game_cu/FSM_onehot_D_game_fsm_q_reg[26]/C (clocked by clk_0) and game_datapath/game_regfiles/D_current_button_light_q_reg[6]/D (clocked by clk_0). Large setup violations at the end of those stages might be difficult to fix during the post-placement implementation flow and could be the result of non-optimal XDC constraints or non-optimal design architecture
Related violations: <none>

TIMING-16#23 Warning
Large setup violation  
There is a large setup violation of -1.300 ns between game_datapath/game_cu/FSM_onehot_D_game_fsm_q_reg[26]/C (clocked by clk_0) and game_datapath/game_regfiles/D_pointer_q_reg[13]/D (clocked by clk_0). Large setup violations at the end of those stages might be difficult to fix during the post-placement implementation flow and could be the result of non-optimal XDC constraints or non-optimal design architecture
Related violations: <none>

TIMING-16#24 Warning
Large setup violation  
There is a large setup violation of -1.306 ns between game_datapath/game_cu/FSM_onehot_D_game_fsm_q_reg[26]/C (clocked by clk_0) and game_datapath/game_regfiles/D_current_player_q_reg[13]/D (clocked by clk_0). Large setup violations at the end of those stages might be difficult to fix during the post-placement implementation flow and could be the result of non-optimal XDC constraints or non-optimal design architecture
Related violations: <none>

TIMING-16#25 Warning
Large setup violation  
There is a large setup violation of -1.310 ns between game_datapath/game_cu/FSM_onehot_D_game_fsm_q_reg[26]/C (clocked by clk_0) and game_datapath/game_regfiles/D_game_state_q_reg[13]/D (clocked by clk_0). Large setup violations at the end of those stages might be difficult to fix during the post-placement implementation flow and could be the result of non-optimal XDC constraints or non-optimal design architecture
Related violations: <none>

TIMING-16#26 Warning
Large setup violation  
There is a large setup violation of -1.312 ns between game_datapath/game_cu/FSM_onehot_D_game_fsm_q_reg[26]/C (clocked by clk_0) and game_datapath/game_regfiles/D_current_round_q_reg[15]/D (clocked by clk_0). Large setup violations at the end of those stages might be difficult to fix during the post-placement implementation flow and could be the result of non-optimal XDC constraints or non-optimal design architecture
Related violations: <none>

TIMING-16#27 Warning
Large setup violation  
There is a large setup violation of -1.333 ns between game_datapath/game_cu/FSM_onehot_D_game_fsm_q_reg[26]/C (clocked by clk_0) and game_datapath/game_regfiles/D_current_player_q_reg[15]/D (clocked by clk_0). Large setup violations at the end of those stages might be difficult to fix during the post-placement implementation flow and could be the result of non-optimal XDC constraints or non-optimal design architecture
Related violations: <none>

TIMING-16#28 Warning
Large setup violation  
There is a large setup violation of -1.337 ns between game_datapath/game_cu/FSM_onehot_D_game_fsm_q_reg[26]/C (clocked by clk_0) and game_datapath/game_regfiles/D_attempts_q_reg[0]/D (clocked by clk_0). Large setup violations at the end of those stages might be difficult to fix during the post-placement implementation flow and could be the result of non-optimal XDC constraints or non-optimal design architecture
Related violations: <none>

TIMING-16#29 Warning
Large setup violation  
There is a large setup violation of -1.355 ns between game_datapath/game_cu/FSM_onehot_D_game_fsm_q_reg[26]/C (clocked by clk_0) and game_datapath/game_regfiles/D_difficulty_q_reg[8]/D (clocked by clk_0). Large setup violations at the end of those stages might be difficult to fix during the post-placement implementation flow and could be the result of non-optimal XDC constraints or non-optimal design architecture
Related violations: <none>

TIMING-16#30 Warning
Large setup violation  
There is a large setup violation of -1.362 ns between game_datapath/game_cu/FSM_onehot_D_game_fsm_q_reg[26]/C (clocked by clk_0) and game_datapath/game_regfiles/D_password_q_reg[8]/D (clocked by clk_0). Large setup violations at the end of those stages might be difficult to fix during the post-placement implementation flow and could be the result of non-optimal XDC constraints or non-optimal design architecture
Related violations: <none>

TIMING-16#31 Warning
Large setup violation  
There is a large setup violation of -1.363 ns between game_datapath/game_cu/FSM_onehot_D_game_fsm_q_reg[26]/C (clocked by clk_0) and game_datapath/game_regfiles/D_attempts_q_reg[15]/D (clocked by clk_0). Large setup violations at the end of those stages might be difficult to fix during the post-placement implementation flow and could be the result of non-optimal XDC constraints or non-optimal design architecture
Related violations: <none>

TIMING-16#32 Warning
Large setup violation  
There is a large setup violation of -1.371 ns between game_datapath/game_cu/FSM_onehot_D_game_fsm_q_reg[26]/C (clocked by clk_0) and game_datapath/game_regfiles/D_boolean_q_reg[13]/D (clocked by clk_0). Large setup violations at the end of those stages might be difficult to fix during the post-placement implementation flow and could be the result of non-optimal XDC constraints or non-optimal design architecture
Related violations: <none>

TIMING-16#33 Warning
Large setup violation  
There is a large setup violation of -1.373 ns between game_datapath/game_cu/FSM_onehot_D_game_fsm_q_reg[26]/C (clocked by clk_0) and game_datapath/game_regfiles/D_filtered_password_q_reg[6]/D (clocked by clk_0). Large setup violations at the end of those stages might be difficult to fix during the post-placement implementation flow and could be the result of non-optimal XDC constraints or non-optimal design architecture
Related violations: <none>

TIMING-16#34 Warning
Large setup violation  
There is a large setup violation of -1.382 ns between game_datapath/game_cu/FSM_onehot_D_game_fsm_q_reg[26]/C (clocked by clk_0) and game_datapath/game_regfiles/D_boolean_q_reg[9]/D (clocked by clk_0). Large setup violations at the end of those stages might be difficult to fix during the post-placement implementation flow and could be the result of non-optimal XDC constraints or non-optimal design architecture
Related violations: <none>

TIMING-16#35 Warning
Large setup violation  
There is a large setup violation of -1.397 ns between game_datapath/game_cu/FSM_onehot_D_game_fsm_q_reg[26]/C (clocked by clk_0) and game_datapath/game_regfiles/D_filtered_password_q_reg[12]/D (clocked by clk_0). Large setup violations at the end of those stages might be difficult to fix during the post-placement implementation flow and could be the result of non-optimal XDC constraints or non-optimal design architecture
Related violations: <none>

TIMING-16#36 Warning
Large setup violation  
There is a large setup violation of -1.398 ns between game_datapath/game_cu/FSM_onehot_D_game_fsm_q_reg[26]/C (clocked by clk_0) and game_datapath/game_regfiles/D_filtered_password_q_reg[5]/D (clocked by clk_0). Large setup violations at the end of those stages might be difficult to fix during the post-placement implementation flow and could be the result of non-optimal XDC constraints or non-optimal design architecture
Related violations: <none>

TIMING-16#37 Warning
Large setup violation  
There is a large setup violation of -1.398 ns between game_datapath/game_cu/FSM_onehot_D_game_fsm_q_reg[26]/C (clocked by clk_0) and game_datapath/game_regfiles/D_timer_q_reg[8]/D (clocked by clk_0). Large setup violations at the end of those stages might be difficult to fix during the post-placement implementation flow and could be the result of non-optimal XDC constraints or non-optimal design architecture
Related violations: <none>

TIMING-16#38 Warning
Large setup violation  
There is a large setup violation of -1.403 ns between game_datapath/game_cu/FSM_onehot_D_game_fsm_q_reg[26]/C (clocked by clk_0) and game_datapath/game_regfiles/D_difficulty_q_reg[6]/D (clocked by clk_0). Large setup violations at the end of those stages might be difficult to fix during the post-placement implementation flow and could be the result of non-optimal XDC constraints or non-optimal design architecture
Related violations: <none>

TIMING-16#39 Warning
Large setup violation  
There is a large setup violation of -1.409 ns between game_datapath/game_cu/FSM_onehot_D_game_fsm_q_reg[26]/C (clocked by clk_0) and game_datapath/game_regfiles/D_attempts_q_reg[6]/D (clocked by clk_0). Large setup violations at the end of those stages might be difficult to fix during the post-placement implementation flow and could be the result of non-optimal XDC constraints or non-optimal design architecture
Related violations: <none>

TIMING-16#40 Warning
Large setup violation  
There is a large setup violation of -1.416 ns between game_datapath/game_cu/FSM_onehot_D_game_fsm_q_reg[26]/C (clocked by clk_0) and game_datapath/game_regfiles/D_game_state_q_reg[12]/D (clocked by clk_0). Large setup violations at the end of those stages might be difficult to fix during the post-placement implementation flow and could be the result of non-optimal XDC constraints or non-optimal design architecture
Related violations: <none>

TIMING-16#41 Warning
Large setup violation  
There is a large setup violation of -1.423 ns between game_datapath/game_cu/FSM_onehot_D_game_fsm_q_reg[26]/C (clocked by clk_0) and game_datapath/game_regfiles/D_user_input_q_reg[13]/D (clocked by clk_0). Large setup violations at the end of those stages might be difficult to fix during the post-placement implementation flow and could be the result of non-optimal XDC constraints or non-optimal design architecture
Related violations: <none>

TIMING-16#42 Warning
Large setup violation  
There is a large setup violation of -1.426 ns between game_datapath/game_cu/FSM_onehot_D_game_fsm_q_reg[26]/C (clocked by clk_0) and game_datapath/game_regfiles/D_current_round_q_reg[8]/D (clocked by clk_0). Large setup violations at the end of those stages might be difficult to fix during the post-placement implementation flow and could be the result of non-optimal XDC constraints or non-optimal design architecture
Related violations: <none>

TIMING-16#43 Warning
Large setup violation  
There is a large setup violation of -1.431 ns between game_datapath/game_cu/FSM_onehot_D_game_fsm_q_reg[26]/C (clocked by clk_0) and game_datapath/game_regfiles/D_timer_q_reg[13]/D (clocked by clk_0). Large setup violations at the end of those stages might be difficult to fix during the post-placement implementation flow and could be the result of non-optimal XDC constraints or non-optimal design architecture
Related violations: <none>

TIMING-16#44 Warning
Large setup violation  
There is a large setup violation of -1.435 ns between game_datapath/game_cu/FSM_onehot_D_game_fsm_q_reg[26]/C (clocked by clk_0) and game_datapath/game_regfiles/D_difficulty_q_reg[13]/D (clocked by clk_0). Large setup violations at the end of those stages might be difficult to fix during the post-placement implementation flow and could be the result of non-optimal XDC constraints or non-optimal design architecture
Related violations: <none>

TIMING-16#45 Warning
Large setup violation  
There is a large setup violation of -1.435 ns between game_datapath/game_cu/FSM_onehot_D_game_fsm_q_reg[26]/C (clocked by clk_0) and game_datapath/game_regfiles/D_timer_q_reg[6]/D (clocked by clk_0). Large setup violations at the end of those stages might be difficult to fix during the post-placement implementation flow and could be the result of non-optimal XDC constraints or non-optimal design architecture
Related violations: <none>

TIMING-16#46 Warning
Large setup violation  
There is a large setup violation of -1.448 ns between game_datapath/game_cu/FSM_onehot_D_game_fsm_q_reg[26]/C (clocked by clk_0) and game_datapath/game_regfiles/D_attempts_q_reg[9]/D (clocked by clk_0). Large setup violations at the end of those stages might be difficult to fix during the post-placement implementation flow and could be the result of non-optimal XDC constraints or non-optimal design architecture
Related violations: <none>

TIMING-16#47 Warning
Large setup violation  
There is a large setup violation of -1.448 ns between game_datapath/game_cu/FSM_onehot_D_game_fsm_q_reg[26]/C (clocked by clk_0) and game_datapath/game_regfiles/D_boolean_q_reg[12]/D (clocked by clk_0). Large setup violations at the end of those stages might be difficult to fix during the post-placement implementation flow and could be the result of non-optimal XDC constraints or non-optimal design architecture
Related violations: <none>

TIMING-16#48 Warning
Large setup violation  
There is a large setup violation of -1.449 ns between game_datapath/game_cu/FSM_onehot_D_game_fsm_q_reg[26]/C (clocked by clk_0) and game_datapath/game_regfiles/D_pointer_q_reg[15]/D (clocked by clk_0). Large setup violations at the end of those stages might be difficult to fix during the post-placement implementation flow and could be the result of non-optimal XDC constraints or non-optimal design architecture
Related violations: <none>

TIMING-16#49 Warning
Large setup violation  
There is a large setup violation of -1.466 ns between game_datapath/game_cu/FSM_onehot_D_game_fsm_q_reg[26]/C (clocked by clk_0) and game_datapath/game_regfiles/D_user_input_q_reg[15]/D (clocked by clk_0). Large setup violations at the end of those stages might be difficult to fix during the post-placement implementation flow and could be the result of non-optimal XDC constraints or non-optimal design architecture
Related violations: <none>

TIMING-16#50 Warning
Large setup violation  
There is a large setup violation of -1.479 ns between game_datapath/game_cu/FSM_onehot_D_game_fsm_q_reg[26]/C (clocked by clk_0) and game_datapath/game_regfiles/D_current_button_light_q_reg[9]/D (clocked by clk_0). Large setup violations at the end of those stages might be difficult to fix during the post-placement implementation flow and could be the result of non-optimal XDC constraints or non-optimal design architecture
Related violations: <none>

TIMING-16#51 Warning
Large setup violation  
There is a large setup violation of -1.482 ns between game_datapath/game_cu/FSM_onehot_D_game_fsm_q_reg[26]/C (clocked by clk_0) and game_datapath/game_regfiles/D_game_state_q_reg[15]/D (clocked by clk_0). Large setup violations at the end of those stages might be difficult to fix during the post-placement implementation flow and could be the result of non-optimal XDC constraints or non-optimal design architecture
Related violations: <none>

TIMING-16#52 Warning
Large setup violation  
There is a large setup violation of -1.485 ns between game_datapath/game_cu/FSM_onehot_D_game_fsm_q_reg[26]/C (clocked by clk_0) and game_datapath/game_regfiles/D_boolean_q_reg[6]/D (clocked by clk_0). Large setup violations at the end of those stages might be difficult to fix during the post-placement implementation flow and could be the result of non-optimal XDC constraints or non-optimal design architecture
Related violations: <none>

TIMING-16#53 Warning
Large setup violation  
There is a large setup violation of -1.487 ns between game_datapath/game_cu/FSM_onehot_D_game_fsm_q_reg[26]/C (clocked by clk_0) and game_datapath/game_regfiles/D_filtered_password_q_reg[0]/D (clocked by clk_0). Large setup violations at the end of those stages might be difficult to fix during the post-placement implementation flow and could be the result of non-optimal XDC constraints or non-optimal design architecture
Related violations: <none>

TIMING-16#54 Warning
Large setup violation  
There is a large setup violation of -1.489 ns between game_datapath/game_cu/FSM_onehot_D_game_fsm_q_reg[26]/C (clocked by clk_0) and game_datapath/game_regfiles/D_filtered_password_q_reg[8]/D (clocked by clk_0). Large setup violations at the end of those stages might be difficult to fix during the post-placement implementation flow and could be the result of non-optimal XDC constraints or non-optimal design architecture
Related violations: <none>

TIMING-16#55 Warning
Large setup violation  
There is a large setup violation of -1.491 ns between game_datapath/game_cu/FSM_onehot_D_game_fsm_q_reg[26]/C (clocked by clk_0) and game_datapath/game_regfiles/D_difficulty_q_reg[12]/D (clocked by clk_0). Large setup violations at the end of those stages might be difficult to fix during the post-placement implementation flow and could be the result of non-optimal XDC constraints or non-optimal design architecture
Related violations: <none>

TIMING-16#56 Warning
Large setup violation  
There is a large setup violation of -1.492 ns between game_datapath/game_cu/FSM_onehot_D_game_fsm_q_reg[26]/C (clocked by clk_0) and game_datapath/game_regfiles/D_user_input_q_reg[0]/D (clocked by clk_0). Large setup violations at the end of those stages might be difficult to fix during the post-placement implementation flow and could be the result of non-optimal XDC constraints or non-optimal design architecture
Related violations: <none>

TIMING-16#57 Warning
Large setup violation  
There is a large setup violation of -1.493 ns between game_datapath/game_cu/FSM_onehot_D_game_fsm_q_reg[26]/C (clocked by clk_0) and game_datapath/game_regfiles/D_password_q_reg[15]/D (clocked by clk_0). Large setup violations at the end of those stages might be difficult to fix during the post-placement implementation flow and could be the result of non-optimal XDC constraints or non-optimal design architecture
Related violations: <none>

TIMING-16#58 Warning
Large setup violation  
There is a large setup violation of -1.497 ns between game_datapath/game_cu/FSM_onehot_D_game_fsm_q_reg[26]/C (clocked by clk_0) and game_datapath/game_regfiles/D_user_input_q_reg[5]/D (clocked by clk_0). Large setup violations at the end of those stages might be difficult to fix during the post-placement implementation flow and could be the result of non-optimal XDC constraints or non-optimal design architecture
Related violations: <none>

TIMING-16#59 Warning
Large setup violation  
There is a large setup violation of -1.503 ns between game_datapath/game_cu/FSM_onehot_D_game_fsm_q_reg[26]/C (clocked by clk_0) and game_datapath/game_regfiles/D_game_state_q_reg[8]/D (clocked by clk_0). Large setup violations at the end of those stages might be difficult to fix during the post-placement implementation flow and could be the result of non-optimal XDC constraints or non-optimal design architecture
Related violations: <none>

TIMING-16#60 Warning
Large setup violation  
There is a large setup violation of -1.504 ns between game_datapath/game_cu/FSM_onehot_D_game_fsm_q_reg[26]/C (clocked by clk_0) and game_datapath/game_regfiles/D_user_input_q_reg[8]/D (clocked by clk_0). Large setup violations at the end of those stages might be difficult to fix during the post-placement implementation flow and could be the result of non-optimal XDC constraints or non-optimal design architecture
Related violations: <none>

TIMING-16#61 Warning
Large setup violation  
There is a large setup violation of -1.505 ns between game_datapath/game_cu/FSM_onehot_D_game_fsm_q_reg[26]/C (clocked by clk_0) and game_datapath/game_regfiles/D_filtered_password_q_reg[15]/D (clocked by clk_0). Large setup violations at the end of those stages might be difficult to fix during the post-placement implementation flow and could be the result of non-optimal XDC constraints or non-optimal design architecture
Related violations: <none>

TIMING-16#62 Warning
Large setup violation  
There is a large setup violation of -1.505 ns between game_datapath/game_cu/FSM_onehot_D_game_fsm_q_reg[26]/C (clocked by clk_0) and game_datapath/game_regfiles/D_pointer_q_reg[8]/D (clocked by clk_0). Large setup violations at the end of those stages might be difficult to fix during the post-placement implementation flow and could be the result of non-optimal XDC constraints or non-optimal design architecture
Related violations: <none>

TIMING-16#63 Warning
Large setup violation  
There is a large setup violation of -1.510 ns between game_datapath/game_cu/FSM_onehot_D_game_fsm_q_reg[26]/C (clocked by clk_0) and game_datapath/game_regfiles/D_timer_q_reg[12]/D (clocked by clk_0). Large setup violations at the end of those stages might be difficult to fix during the post-placement implementation flow and could be the result of non-optimal XDC constraints or non-optimal design architecture
Related violations: <none>

TIMING-16#64 Warning
Large setup violation  
There is a large setup violation of -1.515 ns between game_datapath/game_cu/FSM_onehot_D_game_fsm_q_reg[26]/C (clocked by clk_0) and game_datapath/game_regfiles/D_current_button_light_q_reg[5]/D (clocked by clk_0). Large setup violations at the end of those stages might be difficult to fix during the post-placement implementation flow and could be the result of non-optimal XDC constraints or non-optimal design architecture
Related violations: <none>

TIMING-16#65 Warning
Large setup violation  
There is a large setup violation of -1.517 ns between game_datapath/game_cu/FSM_onehot_D_game_fsm_q_reg[26]/C (clocked by clk_0) and game_datapath/game_regfiles/D_current_player_q_reg[8]/D (clocked by clk_0). Large setup violations at the end of those stages might be difficult to fix during the post-placement implementation flow and could be the result of non-optimal XDC constraints or non-optimal design architecture
Related violations: <none>

TIMING-16#66 Warning
Large setup violation  
There is a large setup violation of -1.542 ns between game_datapath/game_cu/FSM_onehot_D_game_fsm_q_reg[26]/C (clocked by clk_0) and game_datapath/game_regfiles/D_timer_q_reg[5]/D (clocked by clk_0). Large setup violations at the end of those stages might be difficult to fix during the post-placement implementation flow and could be the result of non-optimal XDC constraints or non-optimal design architecture
Related violations: <none>

TIMING-16#67 Warning
Large setup violation  
There is a large setup violation of -1.550 ns between game_datapath/game_cu/FSM_onehot_D_game_fsm_q_reg[26]/C (clocked by clk_0) and game_datapath/game_regfiles/D_user_input_q_reg[12]/D (clocked by clk_0). Large setup violations at the end of those stages might be difficult to fix during the post-placement implementation flow and could be the result of non-optimal XDC constraints or non-optimal design architecture
Related violations: <none>

TIMING-16#68 Warning
Large setup violation  
There is a large setup violation of -1.557 ns between game_datapath/game_cu/FSM_onehot_D_game_fsm_q_reg[26]/C (clocked by clk_0) and game_datapath/game_regfiles/D_password_q_reg[9]/D (clocked by clk_0). Large setup violations at the end of those stages might be difficult to fix during the post-placement implementation flow and could be the result of non-optimal XDC constraints or non-optimal design architecture
Related violations: <none>

TIMING-16#69 Warning
Large setup violation  
There is a large setup violation of -1.563 ns between game_datapath/game_cu/FSM_onehot_D_game_fsm_q_reg[26]/C (clocked by clk_0) and game_datapath/game_regfiles/D_difficulty_q_reg[9]/D (clocked by clk_0). Large setup violations at the end of those stages might be difficult to fix during the post-placement implementation flow and could be the result of non-optimal XDC constraints or non-optimal design architecture
Related violations: <none>

TIMING-16#70 Warning
Large setup violation  
There is a large setup violation of -1.566 ns between game_datapath/game_cu/FSM_onehot_D_game_fsm_q_reg[26]/C (clocked by clk_0) and game_datapath/game_regfiles/D_boolean_q_reg[8]/D (clocked by clk_0). Large setup violations at the end of those stages might be difficult to fix during the post-placement implementation flow and could be the result of non-optimal XDC constraints or non-optimal design architecture
Related violations: <none>

TIMING-16#71 Warning
Large setup violation  
There is a large setup violation of -1.576 ns between game_datapath/game_cu/FSM_onehot_D_game_fsm_q_reg[26]/C (clocked by clk_0) and game_datapath/game_regfiles/D_current_round_q_reg[9]/D (clocked by clk_0). Large setup violations at the end of those stages might be difficult to fix during the post-placement implementation flow and could be the result of non-optimal XDC constraints or non-optimal design architecture
Related violations: <none>

TIMING-16#72 Warning
Large setup violation  
There is a large setup violation of -1.582 ns between game_datapath/game_cu/FSM_onehot_D_game_fsm_q_reg[26]/C (clocked by clk_0) and game_datapath/game_regfiles/D_timer_q_reg[15]/D (clocked by clk_0). Large setup violations at the end of those stages might be difficult to fix during the post-placement implementation flow and could be the result of non-optimal XDC constraints or non-optimal design architecture
Related violations: <none>

TIMING-16#73 Warning
Large setup violation  
There is a large setup violation of -1.586 ns between game_datapath/game_cu/FSM_onehot_D_game_fsm_q_reg[26]/C (clocked by clk_0) and game_datapath/game_regfiles/D_current_player_q_reg[2]/D (clocked by clk_0). Large setup violations at the end of those stages might be difficult to fix during the post-placement implementation flow and could be the result of non-optimal XDC constraints or non-optimal design architecture
Related violations: <none>

TIMING-16#74 Warning
Large setup violation  
There is a large setup violation of -1.590 ns between game_datapath/game_cu/FSM_onehot_D_game_fsm_q_reg[26]/C (clocked by clk_0) and game_datapath/game_regfiles/D_attempts_q_reg[14]/D (clocked by clk_0). Large setup violations at the end of those stages might be difficult to fix during the post-placement implementation flow and could be the result of non-optimal XDC constraints or non-optimal design architecture
Related violations: <none>

TIMING-16#75 Warning
Large setup violation  
There is a large setup violation of -1.596 ns between game_datapath/game_cu/FSM_onehot_D_game_fsm_q_reg[26]/C (clocked by clk_0) and game_datapath/game_regfiles/D_user_input_q_reg[9]/D (clocked by clk_0). Large setup violations at the end of those stages might be difficult to fix during the post-placement implementation flow and could be the result of non-optimal XDC constraints or non-optimal design architecture
Related violations: <none>

TIMING-16#76 Warning
Large setup violation  
There is a large setup violation of -1.613 ns between game_datapath/game_cu/FSM_onehot_D_game_fsm_q_reg[26]/C (clocked by clk_0) and game_datapath/game_regfiles/D_current_button_light_q_reg[8]/D (clocked by clk_0). Large setup violations at the end of those stages might be difficult to fix during the post-placement implementation flow and could be the result of non-optimal XDC constraints or non-optimal design architecture
Related violations: <none>

TIMING-16#77 Warning
Large setup violation  
There is a large setup violation of -1.616 ns between game_datapath/game_cu/FSM_onehot_D_game_fsm_q_reg[26]/C (clocked by clk_0) and game_datapath/game_regfiles/D_filtered_password_q_reg[9]/D (clocked by clk_0). Large setup violations at the end of those stages might be difficult to fix during the post-placement implementation flow and could be the result of non-optimal XDC constraints or non-optimal design architecture
Related violations: <none>

TIMING-16#78 Warning
Large setup violation  
There is a large setup violation of -1.617 ns between game_datapath/game_cu/FSM_onehot_D_game_fsm_q_reg[26]/C (clocked by clk_0) and game_datapath/game_regfiles/D_user_input_q_reg[2]/D (clocked by clk_0). Large setup violations at the end of those stages might be difficult to fix during the post-placement implementation flow and could be the result of non-optimal XDC constraints or non-optimal design architecture
Related violations: <none>

TIMING-16#79 Warning
Large setup violation  
There is a large setup violation of -1.631 ns between game_datapath/game_cu/FSM_onehot_D_game_fsm_q_reg[26]/C (clocked by clk_0) and game_datapath/game_regfiles/D_current_button_light_q_reg[12]/D (clocked by clk_0). Large setup violations at the end of those stages might be difficult to fix during the post-placement implementation flow and could be the result of non-optimal XDC constraints or non-optimal design architecture
Related violations: <none>

TIMING-16#80 Warning
Large setup violation  
There is a large setup violation of -1.632 ns between game_datapath/game_cu/FSM_onehot_D_game_fsm_q_reg[26]/C (clocked by clk_0) and game_datapath/game_regfiles/D_current_player_q_reg[0]_lopt_replica/D (clocked by clk_0). Large setup violations at the end of those stages might be difficult to fix during the post-placement implementation flow and could be the result of non-optimal XDC constraints or non-optimal design architecture
Related violations: <none>

TIMING-16#81 Warning
Large setup violation  
There is a large setup violation of -1.633 ns between game_datapath/game_cu/FSM_onehot_D_game_fsm_q_reg[26]/C (clocked by clk_0) and game_datapath/game_regfiles/D_boolean_q_reg[0]/D (clocked by clk_0). Large setup violations at the end of those stages might be difficult to fix during the post-placement implementation flow and could be the result of non-optimal XDC constraints or non-optimal design architecture
Related violations: <none>

TIMING-16#82 Warning
Large setup violation  
There is a large setup violation of -1.636 ns between game_datapath/game_cu/FSM_onehot_D_game_fsm_q_reg[26]/C (clocked by clk_0) and game_datapath/game_regfiles/D_pointer_q_reg[0]/D (clocked by clk_0). Large setup violations at the end of those stages might be difficult to fix during the post-placement implementation flow and could be the result of non-optimal XDC constraints or non-optimal design architecture
Related violations: <none>

TIMING-16#83 Warning
Large setup violation  
There is a large setup violation of -1.642 ns between game_datapath/game_cu/FSM_onehot_D_game_fsm_q_reg[26]/C (clocked by clk_0) and game_datapath/game_regfiles/D_attempts_q_reg[8]/D (clocked by clk_0). Large setup violations at the end of those stages might be difficult to fix during the post-placement implementation flow and could be the result of non-optimal XDC constraints or non-optimal design architecture
Related violations: <none>

TIMING-16#84 Warning
Large setup violation  
There is a large setup violation of -1.643 ns between game_datapath/game_cu/FSM_onehot_D_game_fsm_q_reg[26]/C (clocked by clk_0) and game_datapath/game_regfiles/D_difficulty_q_reg[5]/D (clocked by clk_0). Large setup violations at the end of those stages might be difficult to fix during the post-placement implementation flow and could be the result of non-optimal XDC constraints or non-optimal design architecture
Related violations: <none>

TIMING-16#85 Warning
Large setup violation  
There is a large setup violation of -1.651 ns between game_datapath/game_cu/FSM_onehot_D_game_fsm_q_reg[26]/C (clocked by clk_0) and game_datapath/game_regfiles/D_password_q_reg[0]/D (clocked by clk_0). Large setup violations at the end of those stages might be difficult to fix during the post-placement implementation flow and could be the result of non-optimal XDC constraints or non-optimal design architecture
Related violations: <none>

TIMING-16#86 Warning
Large setup violation  
There is a large setup violation of -1.654 ns between game_datapath/game_cu/FSM_onehot_D_game_fsm_q_reg[26]/C (clocked by clk_0) and game_datapath/game_regfiles/D_current_round_q_reg[5]/D (clocked by clk_0). Large setup violations at the end of those stages might be difficult to fix during the post-placement implementation flow and could be the result of non-optimal XDC constraints or non-optimal design architecture
Related violations: <none>

TIMING-16#87 Warning
Large setup violation  
There is a large setup violation of -1.660 ns between game_datapath/game_cu/FSM_onehot_D_game_fsm_q_reg[26]/C (clocked by clk_0) and game_datapath/game_regfiles/D_boolean_q_reg[5]/D (clocked by clk_0). Large setup violations at the end of those stages might be difficult to fix during the post-placement implementation flow and could be the result of non-optimal XDC constraints or non-optimal design architecture
Related violations: <none>

TIMING-16#88 Warning
Large setup violation  
There is a large setup violation of -1.668 ns between game_datapath/game_cu/FSM_onehot_D_game_fsm_q_reg[26]/C (clocked by clk_0) and game_datapath/game_regfiles/D_password_q_reg[5]/D (clocked by clk_0). Large setup violations at the end of those stages might be difficult to fix during the post-placement implementation flow and could be the result of non-optimal XDC constraints or non-optimal design architecture
Related violations: <none>

TIMING-16#89 Warning
Large setup violation  
There is a large setup violation of -1.685 ns between game_datapath/game_cu/FSM_onehot_D_game_fsm_q_reg[26]/C (clocked by clk_0) and game_datapath/game_regfiles/D_pointer_q_reg[9]/D (clocked by clk_0). Large setup violations at the end of those stages might be difficult to fix during the post-placement implementation flow and could be the result of non-optimal XDC constraints or non-optimal design architecture
Related violations: <none>

TIMING-16#90 Warning
Large setup violation  
There is a large setup violation of -1.685 ns between game_datapath/game_cu/FSM_onehot_D_game_fsm_q_reg[26]/C (clocked by clk_0) and game_datapath/game_regfiles/D_timer_q_reg[0]/D (clocked by clk_0). Large setup violations at the end of those stages might be difficult to fix during the post-placement implementation flow and could be the result of non-optimal XDC constraints or non-optimal design architecture
Related violations: <none>

TIMING-16#91 Warning
Large setup violation  
There is a large setup violation of -1.686 ns between game_datapath/game_cu/FSM_onehot_D_game_fsm_q_reg[26]/C (clocked by clk_0) and game_datapath/game_regfiles/D_current_player_q_reg[5]/D (clocked by clk_0). Large setup violations at the end of those stages might be difficult to fix during the post-placement implementation flow and could be the result of non-optimal XDC constraints or non-optimal design architecture
Related violations: <none>

TIMING-16#92 Warning
Large setup violation  
There is a large setup violation of -1.689 ns between game_datapath/game_cu/FSM_onehot_D_game_fsm_q_reg[26]/C (clocked by clk_0) and game_datapath/game_regfiles/D_pointer_q_reg[5]/D (clocked by clk_0). Large setup violations at the end of those stages might be difficult to fix during the post-placement implementation flow and could be the result of non-optimal XDC constraints or non-optimal design architecture
Related violations: <none>

TIMING-16#93 Warning
Large setup violation  
There is a large setup violation of -1.690 ns between game_datapath/game_cu/FSM_onehot_D_game_fsm_q_reg[26]/C (clocked by clk_0) and game_datapath/game_regfiles/D_current_round_q_reg[14]/D (clocked by clk_0). Large setup violations at the end of those stages might be difficult to fix during the post-placement implementation flow and could be the result of non-optimal XDC constraints or non-optimal design architecture
Related violations: <none>

TIMING-16#94 Warning
Large setup violation  
There is a large setup violation of -1.694 ns between game_datapath/game_cu/FSM_onehot_D_game_fsm_q_reg[26]/C (clocked by clk_0) and game_datapath/game_regfiles/D_timer_q_reg[9]/D (clocked by clk_0). Large setup violations at the end of those stages might be difficult to fix during the post-placement implementation flow and could be the result of non-optimal XDC constraints or non-optimal design architecture
Related violations: <none>

TIMING-16#95 Warning
Large setup violation  
There is a large setup violation of -1.694 ns between game_datapath/game_cu/FSM_onehot_D_game_fsm_q_reg[26]/C (clocked by clk_0) and game_datapath/game_regfiles/D_user_input_q_reg[1]_lopt_replica/D (clocked by clk_0). Large setup violations at the end of those stages might be difficult to fix during the post-placement implementation flow and could be the result of non-optimal XDC constraints or non-optimal design architecture
Related violations: <none>

TIMING-16#96 Warning
Large setup violation  
There is a large setup violation of -1.695 ns between game_datapath/game_cu/FSM_onehot_D_game_fsm_q_reg[26]/C (clocked by clk_0) and game_datapath/game_regfiles/D_user_input_q_reg[0]_lopt_replica/D (clocked by clk_0). Large setup violations at the end of those stages might be difficult to fix during the post-placement implementation flow and could be the result of non-optimal XDC constraints or non-optimal design architecture
Related violations: <none>

TIMING-16#97 Warning
Large setup violation  
There is a large setup violation of -1.696 ns between game_datapath/game_cu/FSM_onehot_D_game_fsm_q_reg[26]/C (clocked by clk_0) and game_datapath/game_regfiles/D_current_button_light_q_reg[14]/D (clocked by clk_0). Large setup violations at the end of those stages might be difficult to fix during the post-placement implementation flow and could be the result of non-optimal XDC constraints or non-optimal design architecture
Related violations: <none>

TIMING-16#98 Warning
Large setup violation  
There is a large setup violation of -1.697 ns between game_datapath/game_cu/FSM_onehot_D_game_fsm_q_reg[26]/C (clocked by clk_0) and game_datapath/game_regfiles/D_current_player_q_reg[9]/D (clocked by clk_0). Large setup violations at the end of those stages might be difficult to fix during the post-placement implementation flow and could be the result of non-optimal XDC constraints or non-optimal design architecture
Related violations: <none>

TIMING-16#99 Warning
Large setup violation  
There is a large setup violation of -1.704 ns between game_datapath/game_cu/FSM_onehot_D_game_fsm_q_reg[26]/C (clocked by clk_0) and game_datapath/game_regfiles/D_current_round_q_reg[12]/D (clocked by clk_0). Large setup violations at the end of those stages might be difficult to fix during the post-placement implementation flow and could be the result of non-optimal XDC constraints or non-optimal design architecture
Related violations: <none>

TIMING-16#100 Warning
Large setup violation  
There is a large setup violation of -1.707 ns between game_datapath/game_cu/FSM_onehot_D_game_fsm_q_reg[26]/C (clocked by clk_0) and game_datapath/game_regfiles/D_attempts_q_reg[5]/D (clocked by clk_0). Large setup violations at the end of those stages might be difficult to fix during the post-placement implementation flow and could be the result of non-optimal XDC constraints or non-optimal design architecture
Related violations: <none>

TIMING-16#101 Warning
Large setup violation  
There is a large setup violation of -1.710 ns between game_datapath/game_cu/FSM_onehot_D_game_fsm_q_reg[26]/C (clocked by clk_0) and game_datapath/game_regfiles/D_game_state_q_reg[9]/D (clocked by clk_0). Large setup violations at the end of those stages might be difficult to fix during the post-placement implementation flow and could be the result of non-optimal XDC constraints or non-optimal design architecture
Related violations: <none>

TIMING-16#102 Warning
Large setup violation  
There is a large setup violation of -1.716 ns between game_datapath/game_cu/FSM_onehot_D_game_fsm_q_reg[26]/C (clocked by clk_0) and game_datapath/game_regfiles/D_timer_q_reg[2]/D (clocked by clk_0). Large setup violations at the end of those stages might be difficult to fix during the post-placement implementation flow and could be the result of non-optimal XDC constraints or non-optimal design architecture
Related violations: <none>

TIMING-16#103 Warning
Large setup violation  
There is a large setup violation of -1.718 ns between game_datapath/game_cu/FSM_onehot_D_game_fsm_q_reg[26]/C (clocked by clk_0) and game_datapath/game_regfiles/D_pointer_q_reg[12]/D (clocked by clk_0). Large setup violations at the end of those stages might be difficult to fix during the post-placement implementation flow and could be the result of non-optimal XDC constraints or non-optimal design architecture
Related violations: <none>

TIMING-16#104 Warning
Large setup violation  
There is a large setup violation of -1.719 ns between game_datapath/game_cu/FSM_onehot_D_game_fsm_q_reg[26]/C (clocked by clk_0) and game_datapath/game_regfiles/D_difficulty_q_reg[2]/D (clocked by clk_0). Large setup violations at the end of those stages might be difficult to fix during the post-placement implementation flow and could be the result of non-optimal XDC constraints or non-optimal design architecture
Related violations: <none>

TIMING-16#105 Warning
Large setup violation  
There is a large setup violation of -1.724 ns between game_datapath/game_cu/FSM_onehot_D_game_fsm_q_reg[26]/C (clocked by clk_0) and game_datapath/game_regfiles/D_boolean_q_reg[14]/D (clocked by clk_0). Large setup violations at the end of those stages might be difficult to fix during the post-placement implementation flow and could be the result of non-optimal XDC constraints or non-optimal design architecture
Related violations: <none>

TIMING-16#106 Warning
Large setup violation  
There is a large setup violation of -1.731 ns between game_datapath/game_cu/FSM_onehot_D_game_fsm_q_reg[26]/C (clocked by clk_0) and game_datapath/game_regfiles/D_boolean_q_reg[2]/D (clocked by clk_0). Large setup violations at the end of those stages might be difficult to fix during the post-placement implementation flow and could be the result of non-optimal XDC constraints or non-optimal design architecture
Related violations: <none>

TIMING-16#107 Warning
Large setup violation  
There is a large setup violation of -1.747 ns between game_datapath/game_cu/FSM_onehot_D_game_fsm_q_reg[26]/C (clocked by clk_0) and game_datapath/game_regfiles/D_attempts_q_reg[2]/D (clocked by clk_0). Large setup violations at the end of those stages might be difficult to fix during the post-placement implementation flow and could be the result of non-optimal XDC constraints or non-optimal design architecture
Related violations: <none>

TIMING-16#108 Warning
Large setup violation  
There is a large setup violation of -1.751 ns between game_datapath/game_cu/FSM_onehot_D_game_fsm_q_reg[26]/C (clocked by clk_0) and game_datapath/game_regfiles/D_password_q_reg[12]/D (clocked by clk_0). Large setup violations at the end of those stages might be difficult to fix during the post-placement implementation flow and could be the result of non-optimal XDC constraints or non-optimal design architecture
Related violations: <none>

TIMING-16#109 Warning
Large setup violation  
There is a large setup violation of -1.757 ns between game_datapath/game_cu/FSM_onehot_D_game_fsm_q_reg[26]/C (clocked by clk_0) and game_datapath/game_regfiles/D_filtered_password_q_reg[2]/D (clocked by clk_0). Large setup violations at the end of those stages might be difficult to fix during the post-placement implementation flow and could be the result of non-optimal XDC constraints or non-optimal design architecture
Related violations: <none>

TIMING-16#110 Warning
Large setup violation  
There is a large setup violation of -1.791 ns between game_datapath/game_cu/FSM_onehot_D_game_fsm_q_reg[26]/C (clocked by clk_0) and game_datapath/game_regfiles/D_current_round_q_reg[0]/D (clocked by clk_0). Large setup violations at the end of those stages might be difficult to fix during the post-placement implementation flow and could be the result of non-optimal XDC constraints or non-optimal design architecture
Related violations: <none>

TIMING-16#111 Warning
Large setup violation  
There is a large setup violation of -1.796 ns between game_datapath/game_cu/FSM_onehot_D_game_fsm_q_reg[26]/C (clocked by clk_0) and game_datapath/game_regfiles/D_password_q_reg[10]/D (clocked by clk_0). Large setup violations at the end of those stages might be difficult to fix during the post-placement implementation flow and could be the result of non-optimal XDC constraints or non-optimal design architecture
Related violations: <none>

TIMING-16#112 Warning
Large setup violation  
There is a large setup violation of -1.809 ns between game_datapath/game_cu/FSM_onehot_D_game_fsm_q_reg[26]/C (clocked by clk_0) and game_datapath/game_regfiles/D_game_state_q_reg[5]/D (clocked by clk_0). Large setup violations at the end of those stages might be difficult to fix during the post-placement implementation flow and could be the result of non-optimal XDC constraints or non-optimal design architecture
Related violations: <none>

TIMING-16#113 Warning
Large setup violation  
There is a large setup violation of -1.815 ns between game_datapath/game_cu/FSM_onehot_D_game_fsm_q_reg[26]/C (clocked by clk_0) and game_datapath/game_regfiles/D_filtered_password_q_reg[14]/D (clocked by clk_0). Large setup violations at the end of those stages might be difficult to fix during the post-placement implementation flow and could be the result of non-optimal XDC constraints or non-optimal design architecture
Related violations: <none>

TIMING-16#114 Warning
Large setup violation  
There is a large setup violation of -1.829 ns between game_datapath/game_cu/FSM_onehot_D_game_fsm_q_reg[26]/C (clocked by clk_0) and game_datapath/game_regfiles/D_current_player_q_reg[0]/D (clocked by clk_0). Large setup violations at the end of those stages might be difficult to fix during the post-placement implementation flow and could be the result of non-optimal XDC constraints or non-optimal design architecture
Related violations: <none>

TIMING-16#115 Warning
Large setup violation  
There is a large setup violation of -1.830 ns between game_datapath/game_cu/FSM_onehot_D_game_fsm_q_reg[26]/C (clocked by clk_0) and game_datapath/game_regfiles/D_difficulty_q_reg[10]/D (clocked by clk_0). Large setup violations at the end of those stages might be difficult to fix during the post-placement implementation flow and could be the result of non-optimal XDC constraints or non-optimal design architecture
Related violations: <none>

TIMING-16#116 Warning
Large setup violation  
There is a large setup violation of -1.838 ns between game_datapath/game_cu/FSM_onehot_D_game_fsm_q_reg[26]/C (clocked by clk_0) and game_datapath/game_regfiles/D_current_player_q_reg[14]/D (clocked by clk_0). Large setup violations at the end of those stages might be difficult to fix during the post-placement implementation flow and could be the result of non-optimal XDC constraints or non-optimal design architecture
Related violations: <none>

TIMING-16#117 Warning
Large setup violation  
There is a large setup violation of -1.842 ns between game_datapath/game_cu/FSM_onehot_D_game_fsm_q_reg[26]/C (clocked by clk_0) and game_datapath/game_regfiles/D_timer_q_reg[14]/D (clocked by clk_0). Large setup violations at the end of those stages might be difficult to fix during the post-placement implementation flow and could be the result of non-optimal XDC constraints or non-optimal design architecture
Related violations: <none>

TIMING-16#118 Warning
Large setup violation  
There is a large setup violation of -1.842 ns between game_datapath/game_cu/FSM_onehot_D_game_fsm_q_reg[26]/C (clocked by clk_0) and game_datapath/game_regfiles/D_user_input_q_reg[2]_lopt_replica/D (clocked by clk_0). Large setup violations at the end of those stages might be difficult to fix during the post-placement implementation flow and could be the result of non-optimal XDC constraints or non-optimal design architecture
Related violations: <none>

TIMING-16#119 Warning
Large setup violation  
There is a large setup violation of -1.848 ns between game_datapath/game_cu/FSM_onehot_D_game_fsm_q_reg[26]/C (clocked by clk_0) and game_datapath/game_regfiles/D_game_state_q_reg[1]/D (clocked by clk_0). Large setup violations at the end of those stages might be difficult to fix during the post-placement implementation flow and could be the result of non-optimal XDC constraints or non-optimal design architecture
Related violations: <none>

TIMING-16#120 Warning
Large setup violation  
There is a large setup violation of -1.848 ns between game_datapath/game_cu/FSM_onehot_D_game_fsm_q_reg[26]/C (clocked by clk_0) and game_datapath/game_regfiles/D_pointer_q_reg[2]/D (clocked by clk_0). Large setup violations at the end of those stages might be difficult to fix during the post-placement implementation flow and could be the result of non-optimal XDC constraints or non-optimal design architecture
Related violations: <none>

TIMING-16#121 Warning
Large setup violation  
There is a large setup violation of -1.855 ns between game_datapath/game_cu/FSM_onehot_D_game_fsm_q_reg[26]/C (clocked by clk_0) and game_datapath/game_regfiles/D_game_state_q_reg[14]/D (clocked by clk_0). Large setup violations at the end of those stages might be difficult to fix during the post-placement implementation flow and could be the result of non-optimal XDC constraints or non-optimal design architecture
Related violations: <none>

TIMING-16#122 Warning
Large setup violation  
There is a large setup violation of -1.867 ns between game_datapath/game_cu/FSM_onehot_D_game_fsm_q_reg[26]/C (clocked by clk_0) and game_datapath/game_regfiles/D_attempts_q_reg[10]/D (clocked by clk_0). Large setup violations at the end of those stages might be difficult to fix during the post-placement implementation flow and could be the result of non-optimal XDC constraints or non-optimal design architecture
Related violations: <none>

TIMING-16#123 Warning
Large setup violation  
There is a large setup violation of -1.869 ns between game_datapath/game_cu/FSM_onehot_D_game_fsm_q_reg[26]/C (clocked by clk_0) and game_datapath/game_regfiles/D_current_round_q_reg[2]/D (clocked by clk_0). Large setup violations at the end of those stages might be difficult to fix during the post-placement implementation flow and could be the result of non-optimal XDC constraints or non-optimal design architecture
Related violations: <none>

TIMING-16#124 Warning
Large setup violation  
There is a large setup violation of -1.870 ns between game_datapath/game_cu/FSM_onehot_D_game_fsm_q_reg[26]/C (clocked by clk_0) and game_datapath/game_regfiles/D_current_round_q_reg[10]/D (clocked by clk_0). Large setup violations at the end of those stages might be difficult to fix during the post-placement implementation flow and could be the result of non-optimal XDC constraints or non-optimal design architecture
Related violations: <none>

TIMING-16#125 Warning
Large setup violation  
There is a large setup violation of -1.871 ns between game_datapath/game_cu/FSM_onehot_D_game_fsm_q_reg[26]/C (clocked by clk_0) and game_datapath/game_regfiles/D_pointer_q_reg[11]/D (clocked by clk_0). Large setup violations at the end of those stages might be difficult to fix during the post-placement implementation flow and could be the result of non-optimal XDC constraints or non-optimal design architecture
Related violations: <none>

TIMING-16#126 Warning
Large setup violation  
There is a large setup violation of -1.878 ns between game_datapath/game_cu/FSM_onehot_D_game_fsm_q_reg[26]/C (clocked by clk_0) and game_datapath/game_regfiles/D_current_round_q_reg[4]/D (clocked by clk_0). Large setup violations at the end of those stages might be difficult to fix during the post-placement implementation flow and could be the result of non-optimal XDC constraints or non-optimal design architecture
Related violations: <none>

TIMING-16#127 Warning
Large setup violation  
There is a large setup violation of -1.881 ns between game_datapath/game_cu/FSM_onehot_D_game_fsm_q_reg[26]/C (clocked by clk_0) and game_datapath/game_regfiles/D_difficulty_q_reg[14]/D (clocked by clk_0). Large setup violations at the end of those stages might be difficult to fix during the post-placement implementation flow and could be the result of non-optimal XDC constraints or non-optimal design architecture
Related violations: <none>

TIMING-16#128 Warning
Large setup violation  
There is a large setup violation of -1.910 ns between game_datapath/game_cu/FSM_onehot_D_game_fsm_q_reg[26]/C (clocked by clk_0) and game_datapath/game_regfiles/D_current_button_light_q_reg[0]/D (clocked by clk_0). Large setup violations at the end of those stages might be difficult to fix during the post-placement implementation flow and could be the result of non-optimal XDC constraints or non-optimal design architecture
Related violations: <none>

TIMING-16#129 Warning
Large setup violation  
There is a large setup violation of -1.923 ns between game_datapath/game_cu/FSM_onehot_D_game_fsm_q_reg[26]/C (clocked by clk_0) and game_datapath/game_regfiles/D_timer_q_reg[10]/D (clocked by clk_0). Large setup violations at the end of those stages might be difficult to fix during the post-placement implementation flow and could be the result of non-optimal XDC constraints or non-optimal design architecture
Related violations: <none>

TIMING-16#130 Warning
Large setup violation  
There is a large setup violation of -1.927 ns between game_datapath/game_cu/FSM_onehot_D_game_fsm_q_reg[26]/C (clocked by clk_0) and game_datapath/game_regfiles/D_password_q_reg[14]/D (clocked by clk_0). Large setup violations at the end of those stages might be difficult to fix during the post-placement implementation flow and could be the result of non-optimal XDC constraints or non-optimal design architecture
Related violations: <none>

TIMING-16#131 Warning
Large setup violation  
There is a large setup violation of -1.929 ns between game_datapath/game_cu/FSM_onehot_D_game_fsm_q_reg[26]/C (clocked by clk_0) and game_datapath/game_regfiles/D_current_player_q_reg[11]/D (clocked by clk_0). Large setup violations at the end of those stages might be difficult to fix during the post-placement implementation flow and could be the result of non-optimal XDC constraints or non-optimal design architecture
Related violations: <none>

TIMING-16#132 Warning
Large setup violation  
There is a large setup violation of -1.933 ns between game_datapath/game_cu/FSM_onehot_D_game_fsm_q_reg[26]/C (clocked by clk_0) and game_datapath/game_regfiles/D_password_q_reg[2]/D (clocked by clk_0). Large setup violations at the end of those stages might be difficult to fix during the post-placement implementation flow and could be the result of non-optimal XDC constraints or non-optimal design architecture
Related violations: <none>

TIMING-16#133 Warning
Large setup violation  
There is a large setup violation of -1.936 ns between game_datapath/game_cu/FSM_onehot_D_game_fsm_q_reg[26]/C (clocked by clk_0) and game_datapath/game_regfiles/D_current_button_light_q_reg[2]/D (clocked by clk_0). Large setup violations at the end of those stages might be difficult to fix during the post-placement implementation flow and could be the result of non-optimal XDC constraints or non-optimal design architecture
Related violations: <none>

TIMING-16#134 Warning
Large setup violation  
There is a large setup violation of -1.940 ns between game_datapath/game_cu/FSM_onehot_D_game_fsm_q_reg[26]/C (clocked by clk_0) and game_datapath/game_regfiles/D_user_input_q_reg[10]/D (clocked by clk_0). Large setup violations at the end of those stages might be difficult to fix during the post-placement implementation flow and could be the result of non-optimal XDC constraints or non-optimal design architecture
Related violations: <none>

TIMING-16#135 Warning
Large setup violation  
There is a large setup violation of -1.941 ns between game_datapath/game_cu/FSM_onehot_D_game_fsm_q_reg[26]/C (clocked by clk_0) and game_datapath/game_regfiles/D_game_state_q_reg[0]/D (clocked by clk_0). Large setup violations at the end of those stages might be difficult to fix during the post-placement implementation flow and could be the result of non-optimal XDC constraints or non-optimal design architecture
Related violations: <none>

TIMING-16#136 Warning
Large setup violation  
There is a large setup violation of -1.951 ns between game_datapath/game_cu/FSM_onehot_D_game_fsm_q_reg[26]/C (clocked by clk_0) and game_datapath/game_regfiles/D_game_state_q_reg[10]/D (clocked by clk_0). Large setup violations at the end of those stages might be difficult to fix during the post-placement implementation flow and could be the result of non-optimal XDC constraints or non-optimal design architecture
Related violations: <none>

TIMING-16#137 Warning
Large setup violation  
There is a large setup violation of -1.962 ns between game_datapath/game_cu/FSM_onehot_D_game_fsm_q_reg[26]/C (clocked by clk_0) and game_datapath/game_regfiles/D_timer_q_reg[3]_lopt_replica/D (clocked by clk_0). Large setup violations at the end of those stages might be difficult to fix during the post-placement implementation flow and could be the result of non-optimal XDC constraints or non-optimal design architecture
Related violations: <none>

TIMING-16#138 Warning
Large setup violation  
There is a large setup violation of -1.964 ns between game_datapath/game_cu/FSM_onehot_D_game_fsm_q_reg[26]/C (clocked by clk_0) and game_datapath/game_regfiles/D_current_player_q_reg[10]/D (clocked by clk_0). Large setup violations at the end of those stages might be difficult to fix during the post-placement implementation flow and could be the result of non-optimal XDC constraints or non-optimal design architecture
Related violations: <none>

TIMING-16#139 Warning
Large setup violation  
There is a large setup violation of -1.972 ns between game_datapath/game_cu/FSM_onehot_D_game_fsm_q_reg[26]/C (clocked by clk_0) and game_datapath/game_regfiles/D_game_state_q_reg[2]/D (clocked by clk_0). Large setup violations at the end of those stages might be difficult to fix during the post-placement implementation flow and could be the result of non-optimal XDC constraints or non-optimal design architecture
Related violations: <none>

TIMING-16#140 Warning
Large setup violation  
There is a large setup violation of -1.977 ns between game_datapath/game_cu/FSM_onehot_D_game_fsm_q_reg[26]/C (clocked by clk_0) and game_datapath/game_regfiles/D_pointer_q_reg[10]/D (clocked by clk_0). Large setup violations at the end of those stages might be difficult to fix during the post-placement implementation flow and could be the result of non-optimal XDC constraints or non-optimal design architecture
Related violations: <none>

TIMING-16#141 Warning
Large setup violation  
There is a large setup violation of -1.983 ns between game_datapath/game_cu/FSM_onehot_D_game_fsm_q_reg[26]/C (clocked by clk_0) and game_datapath/game_regfiles/D_filtered_password_q_reg[10]/D (clocked by clk_0). Large setup violations at the end of those stages might be difficult to fix during the post-placement implementation flow and could be the result of non-optimal XDC constraints or non-optimal design architecture
Related violations: <none>

TIMING-16#142 Warning
Large setup violation  
There is a large setup violation of -1.986 ns between game_datapath/game_cu/FSM_onehot_D_game_fsm_q_reg[26]/C (clocked by clk_0) and game_datapath/game_regfiles/D_attempts_q_reg[3]/D (clocked by clk_0). Large setup violations at the end of those stages might be difficult to fix during the post-placement implementation flow and could be the result of non-optimal XDC constraints or non-optimal design architecture
Related violations: <none>

TIMING-16#143 Warning
Large setup violation  
There is a large setup violation of -1.991 ns between game_datapath/game_cu/FSM_onehot_D_game_fsm_q_reg[26]/C (clocked by clk_0) and game_datapath/game_regfiles/D_user_input_q_reg[14]/D (clocked by clk_0). Large setup violations at the end of those stages might be difficult to fix during the post-placement implementation flow and could be the result of non-optimal XDC constraints or non-optimal design architecture
Related violations: <none>

TIMING-16#144 Warning
Large setup violation  
There is a large setup violation of -1.991 ns between game_datapath/game_cu/FSM_onehot_D_game_fsm_q_reg[26]/C (clocked by clk_0) and game_datapath/game_regfiles/D_user_input_q_reg[3]_lopt_replica/D (clocked by clk_0). Large setup violations at the end of those stages might be difficult to fix during the post-placement implementation flow and could be the result of non-optimal XDC constraints or non-optimal design architecture
Related violations: <none>

TIMING-16#145 Warning
Large setup violation  
There is a large setup violation of -1.998 ns between game_datapath/game_cu/FSM_onehot_D_game_fsm_q_reg[26]/C (clocked by clk_0) and game_datapath/game_regfiles/D_pointer_q_reg[1]/D (clocked by clk_0). Large setup violations at the end of those stages might be difficult to fix during the post-placement implementation flow and could be the result of non-optimal XDC constraints or non-optimal design architecture
Related violations: <none>

TIMING-16#146 Warning
Large setup violation  
There is a large setup violation of -2.010 ns between game_datapath/game_cu/FSM_onehot_D_game_fsm_q_reg[26]/C (clocked by clk_0) and game_datapath/game_regfiles/D_password_q_reg[3]/D (clocked by clk_0). Large setup violations at the end of those stages might be difficult to fix during the post-placement implementation flow and could be the result of non-optimal XDC constraints or non-optimal design architecture
Related violations: <none>

TIMING-16#147 Warning
Large setup violation  
There is a large setup violation of -2.016 ns between game_datapath/game_cu/FSM_onehot_D_game_fsm_q_reg[26]/C (clocked by clk_0) and game_datapath/game_regfiles/D_pointer_q_reg[14]/D (clocked by clk_0). Large setup violations at the end of those stages might be difficult to fix during the post-placement implementation flow and could be the result of non-optimal XDC constraints or non-optimal design architecture
Related violations: <none>

TIMING-16#148 Warning
Large setup violation  
There is a large setup violation of -2.018 ns between game_datapath/game_cu/FSM_onehot_D_game_fsm_q_reg[26]/C (clocked by clk_0) and game_datapath/game_regfiles/D_timer_q_reg[2]_lopt_replica/D (clocked by clk_0). Large setup violations at the end of those stages might be difficult to fix during the post-placement implementation flow and could be the result of non-optimal XDC constraints or non-optimal design architecture
Related violations: <none>

TIMING-16#149 Warning
Large setup violation  
There is a large setup violation of -2.021 ns between game_datapath/game_cu/FSM_onehot_D_game_fsm_q_reg[26]/C (clocked by clk_0) and game_datapath/game_regfiles/D_game_state_q_reg[4]/D (clocked by clk_0). Large setup violations at the end of those stages might be difficult to fix during the post-placement implementation flow and could be the result of non-optimal XDC constraints or non-optimal design architecture
Related violations: <none>

TIMING-16#150 Warning
Large setup violation  
There is a large setup violation of -2.023 ns between game_datapath/game_cu/FSM_onehot_D_game_fsm_q_reg[26]/C (clocked by clk_0) and game_datapath/game_regfiles/D_boolean_q_reg[11]/D (clocked by clk_0). Large setup violations at the end of those stages might be difficult to fix during the post-placement implementation flow and could be the result of non-optimal XDC constraints or non-optimal design architecture
Related violations: <none>

TIMING-16#151 Warning
Large setup violation  
There is a large setup violation of -2.038 ns between game_datapath/game_cu/FSM_onehot_D_game_fsm_q_reg[26]/C (clocked by clk_0) and game_datapath/game_regfiles/D_current_player_q_reg[3]/D (clocked by clk_0). Large setup violations at the end of those stages might be difficult to fix during the post-placement implementation flow and could be the result of non-optimal XDC constraints or non-optimal design architecture
Related violations: <none>

TIMING-16#152 Warning
Large setup violation  
There is a large setup violation of -2.041 ns between game_datapath/game_cu/FSM_onehot_D_game_fsm_q_reg[26]/C (clocked by clk_0) and game_datapath/game_regfiles/D_attempts_q_reg[4]/D (clocked by clk_0). Large setup violations at the end of those stages might be difficult to fix during the post-placement implementation flow and could be the result of non-optimal XDC constraints or non-optimal design architecture
Related violations: <none>

TIMING-16#153 Warning
Large setup violation  
There is a large setup violation of -2.046 ns between game_datapath/game_cu/FSM_onehot_D_game_fsm_q_reg[26]/C (clocked by clk_0) and game_datapath/game_regfiles/D_boolean_q_reg[3]/D (clocked by clk_0). Large setup violations at the end of those stages might be difficult to fix during the post-placement implementation flow and could be the result of non-optimal XDC constraints or non-optimal design architecture
Related violations: <none>

TIMING-16#154 Warning
Large setup violation  
There is a large setup violation of -2.057 ns between game_datapath/game_cu/FSM_onehot_D_game_fsm_q_reg[26]/C (clocked by clk_0) and game_datapath/game_regfiles/D_game_state_q_reg[3]/D (clocked by clk_0). Large setup violations at the end of those stages might be difficult to fix during the post-placement implementation flow and could be the result of non-optimal XDC constraints or non-optimal design architecture
Related violations: <none>

TIMING-16#155 Warning
Large setup violation  
There is a large setup violation of -2.058 ns between game_datapath/game_cu/FSM_onehot_D_game_fsm_q_reg[26]/C (clocked by clk_0) and game_datapath/game_regfiles/D_boolean_q_reg[10]/D (clocked by clk_0). Large setup violations at the end of those stages might be difficult to fix during the post-placement implementation flow and could be the result of non-optimal XDC constraints or non-optimal design architecture
Related violations: <none>

TIMING-16#156 Warning
Large setup violation  
There is a large setup violation of -2.061 ns between game_datapath/game_cu/FSM_onehot_D_game_fsm_q_reg[26]/C (clocked by clk_0) and game_datapath/game_regfiles/D_filtered_password_q_reg[1]/D (clocked by clk_0). Large setup violations at the end of those stages might be difficult to fix during the post-placement implementation flow and could be the result of non-optimal XDC constraints or non-optimal design architecture
Related violations: <none>

TIMING-16#157 Warning
Large setup violation  
There is a large setup violation of -2.061 ns between game_datapath/game_cu/FSM_onehot_D_game_fsm_q_reg[26]/C (clocked by clk_0) and game_datapath/game_regfiles/D_user_input_q_reg[11]/D (clocked by clk_0). Large setup violations at the end of those stages might be difficult to fix during the post-placement implementation flow and could be the result of non-optimal XDC constraints or non-optimal design architecture
Related violations: <none>

TIMING-16#158 Warning
Large setup violation  
There is a large setup violation of -2.066 ns between game_datapath/game_cu/FSM_onehot_D_game_fsm_q_reg[26]/C (clocked by clk_0) and game_datapath/game_regfiles/D_current_button_light_q_reg[10]/D (clocked by clk_0). Large setup violations at the end of those stages might be difficult to fix during the post-placement implementation flow and could be the result of non-optimal XDC constraints or non-optimal design architecture
Related violations: <none>

TIMING-16#159 Warning
Large setup violation  
There is a large setup violation of -2.070 ns between game_datapath/game_cu/FSM_onehot_D_game_fsm_q_reg[26]/C (clocked by clk_0) and game_datapath/game_regfiles/D_timer_q_reg[0]_lopt_replica/D (clocked by clk_0). Large setup violations at the end of those stages might be difficult to fix during the post-placement implementation flow and could be the result of non-optimal XDC constraints or non-optimal design architecture
Related violations: <none>

TIMING-16#160 Warning
Large setup violation  
There is a large setup violation of -2.074 ns between game_datapath/game_cu/FSM_onehot_D_game_fsm_q_reg[26]/C (clocked by clk_0) and game_datapath/game_regfiles/D_current_round_q_reg[3]/D (clocked by clk_0). Large setup violations at the end of those stages might be difficult to fix during the post-placement implementation flow and could be the result of non-optimal XDC constraints or non-optimal design architecture
Related violations: <none>

TIMING-16#161 Warning
Large setup violation  
There is a large setup violation of -2.089 ns between game_datapath/game_cu/FSM_onehot_D_game_fsm_q_reg[26]/C (clocked by clk_0) and game_datapath/game_regfiles/D_attempts_q_reg[11]/D (clocked by clk_0). Large setup violations at the end of those stages might be difficult to fix during the post-placement implementation flow and could be the result of non-optimal XDC constraints or non-optimal design architecture
Related violations: <none>

TIMING-16#162 Warning
Large setup violation  
There is a large setup violation of -2.093 ns between game_datapath/game_cu/FSM_onehot_D_game_fsm_q_reg[26]/C (clocked by clk_0) and game_datapath/game_regfiles/D_password_q_reg[11]/D (clocked by clk_0). Large setup violations at the end of those stages might be difficult to fix during the post-placement implementation flow and could be the result of non-optimal XDC constraints or non-optimal design architecture
Related violations: <none>

TIMING-16#163 Warning
Large setup violation  
There is a large setup violation of -2.097 ns between game_datapath/game_cu/FSM_onehot_D_game_fsm_q_reg[26]/C (clocked by clk_0) and game_datapath/game_regfiles/D_filtered_password_q_reg[11]/D (clocked by clk_0). Large setup violations at the end of those stages might be difficult to fix during the post-placement implementation flow and could be the result of non-optimal XDC constraints or non-optimal design architecture
Related violations: <none>

TIMING-16#164 Warning
Large setup violation  
There is a large setup violation of -2.098 ns between game_datapath/game_cu/FSM_onehot_D_game_fsm_q_reg[26]/C (clocked by clk_0) and game_datapath/game_regfiles/D_pointer_q_reg[3]/D (clocked by clk_0). Large setup violations at the end of those stages might be difficult to fix during the post-placement implementation flow and could be the result of non-optimal XDC constraints or non-optimal design architecture
Related violations: <none>

TIMING-16#165 Warning
Large setup violation  
There is a large setup violation of -2.102 ns between game_datapath/game_cu/FSM_onehot_D_game_fsm_q_reg[26]/C (clocked by clk_0) and game_datapath/game_regfiles/D_user_input_q_reg[1]/D (clocked by clk_0). Large setup violations at the end of those stages might be difficult to fix during the post-placement implementation flow and could be the result of non-optimal XDC constraints or non-optimal design architecture
Related violations: <none>

TIMING-16#166 Warning
Large setup violation  
There is a large setup violation of -2.126 ns between game_datapath/game_cu/FSM_onehot_D_game_fsm_q_reg[26]/C (clocked by clk_0) and game_datapath/game_regfiles/D_attempts_q_reg[1]/D (clocked by clk_0). Large setup violations at the end of those stages might be difficult to fix during the post-placement implementation flow and could be the result of non-optimal XDC constraints or non-optimal design architecture
Related violations: <none>

TIMING-16#167 Warning
Large setup violation  
There is a large setup violation of -2.147 ns between game_datapath/game_cu/FSM_onehot_D_game_fsm_q_reg[26]/C (clocked by clk_0) and game_datapath/game_regfiles/D_timer_q_reg[11]/D (clocked by clk_0). Large setup violations at the end of those stages might be difficult to fix during the post-placement implementation flow and could be the result of non-optimal XDC constraints or non-optimal design architecture
Related violations: <none>

TIMING-16#168 Warning
Large setup violation  
There is a large setup violation of -2.168 ns between game_datapath/game_cu/FSM_onehot_D_game_fsm_q_reg[26]/C (clocked by clk_0) and game_datapath/game_regfiles/D_password_q_reg[16]/D (clocked by clk_0). Large setup violations at the end of those stages might be difficult to fix during the post-placement implementation flow and could be the result of non-optimal XDC constraints or non-optimal design architecture
Related violations: <none>

TIMING-16#169 Warning
Large setup violation  
There is a large setup violation of -2.169 ns between game_datapath/game_cu/FSM_onehot_D_game_fsm_q_reg[26]/C (clocked by clk_0) and game_datapath/game_regfiles/D_pointer_q_reg[4]/D (clocked by clk_0). Large setup violations at the end of those stages might be difficult to fix during the post-placement implementation flow and could be the result of non-optimal XDC constraints or non-optimal design architecture
Related violations: <none>

TIMING-16#170 Warning
Large setup violation  
There is a large setup violation of -2.175 ns between game_datapath/game_cu/FSM_onehot_D_game_fsm_q_reg[26]/C (clocked by clk_0) and game_datapath/game_regfiles/D_difficulty_q_reg[3]/D (clocked by clk_0). Large setup violations at the end of those stages might be difficult to fix during the post-placement implementation flow and could be the result of non-optimal XDC constraints or non-optimal design architecture
Related violations: <none>

TIMING-16#171 Warning
Large setup violation  
There is a large setup violation of -2.175 ns between game_datapath/game_cu/FSM_onehot_D_game_fsm_q_reg[26]/C (clocked by clk_0) and game_datapath/game_regfiles/D_timer_q_reg[1]_lopt_replica/D (clocked by clk_0). Large setup violations at the end of those stages might be difficult to fix during the post-placement implementation flow and could be the result of non-optimal XDC constraints or non-optimal design architecture
Related violations: <none>

TIMING-16#172 Warning
Large setup violation  
There is a large setup violation of -2.178 ns between game_datapath/game_cu/FSM_onehot_D_game_fsm_q_reg[26]/C (clocked by clk_0) and game_datapath/game_regfiles/D_filtered_password_q_reg[3]/D (clocked by clk_0). Large setup violations at the end of those stages might be difficult to fix during the post-placement implementation flow and could be the result of non-optimal XDC constraints or non-optimal design architecture
Related violations: <none>

TIMING-16#173 Warning
Large setup violation  
There is a large setup violation of -2.180 ns between game_datapath/game_cu/FSM_onehot_D_game_fsm_q_reg[26]/C (clocked by clk_0) and game_datapath/game_regfiles/D_boolean_q_reg[4]/D (clocked by clk_0). Large setup violations at the end of those stages might be difficult to fix during the post-placement implementation flow and could be the result of non-optimal XDC constraints or non-optimal design architecture
Related violations: <none>

TIMING-16#174 Warning
Large setup violation  
There is a large setup violation of -2.180 ns between game_datapath/game_cu/FSM_onehot_D_game_fsm_q_reg[26]/C (clocked by clk_0) and game_datapath/game_regfiles/D_password_q_reg[1]/D (clocked by clk_0). Large setup violations at the end of those stages might be difficult to fix during the post-placement implementation flow and could be the result of non-optimal XDC constraints or non-optimal design architecture
Related violations: <none>

TIMING-16#175 Warning
Large setup violation  
There is a large setup violation of -2.188 ns between game_datapath/game_cu/FSM_onehot_D_game_fsm_q_reg[26]/C (clocked by clk_0) and game_datapath/game_regfiles/D_current_round_q_reg[1]/D (clocked by clk_0). Large setup violations at the end of those stages might be difficult to fix during the post-placement implementation flow and could be the result of non-optimal XDC constraints or non-optimal design architecture
Related violations: <none>

TIMING-16#176 Warning
Large setup violation  
There is a large setup violation of -2.189 ns between game_datapath/game_cu/FSM_onehot_D_game_fsm_q_reg[26]/C (clocked by clk_0) and game_datapath/game_regfiles/D_difficulty_q_reg[11]/D (clocked by clk_0). Large setup violations at the end of those stages might be difficult to fix during the post-placement implementation flow and could be the result of non-optimal XDC constraints or non-optimal design architecture
Related violations: <none>

TIMING-16#177 Warning
Large setup violation  
There is a large setup violation of -2.194 ns between game_datapath/game_cu/FSM_onehot_D_game_fsm_q_reg[26]/C (clocked by clk_0) and game_datapath/game_regfiles/D_game_state_q_reg[11]/D (clocked by clk_0). Large setup violations at the end of those stages might be difficult to fix during the post-placement implementation flow and could be the result of non-optimal XDC constraints or non-optimal design architecture
Related violations: <none>

TIMING-16#178 Warning
Large setup violation  
There is a large setup violation of -2.197 ns between game_datapath/game_cu/FSM_onehot_D_game_fsm_q_reg[26]/C (clocked by clk_0) and game_datapath/game_regfiles/D_boolean_q_reg[1]/D (clocked by clk_0). Large setup violations at the end of those stages might be difficult to fix during the post-placement implementation flow and could be the result of non-optimal XDC constraints or non-optimal design architecture
Related violations: <none>

TIMING-16#179 Warning
Large setup violation  
There is a large setup violation of -2.201 ns between game_datapath/game_cu/FSM_onehot_D_game_fsm_q_reg[26]/C (clocked by clk_0) and game_datapath/game_regfiles/D_current_button_light_q_reg[11]/D (clocked by clk_0). Large setup violations at the end of those stages might be difficult to fix during the post-placement implementation flow and could be the result of non-optimal XDC constraints or non-optimal design architecture
Related violations: <none>

TIMING-16#180 Warning
Large setup violation  
There is a large setup violation of -2.205 ns between game_datapath/game_cu/FSM_onehot_D_game_fsm_q_reg[26]/C (clocked by clk_0) and game_datapath/game_regfiles/D_current_button_light_q_reg[4]/D (clocked by clk_0). Large setup violations at the end of those stages might be difficult to fix during the post-placement implementation flow and could be the result of non-optimal XDC constraints or non-optimal design architecture
Related violations: <none>

TIMING-16#181 Warning
Large setup violation  
There is a large setup violation of -2.223 ns between game_datapath/game_cu/FSM_onehot_D_game_fsm_q_reg[26]/C (clocked by clk_0) and game_datapath/game_regfiles/D_filtered_password_q_reg[4]/D (clocked by clk_0). Large setup violations at the end of those stages might be difficult to fix during the post-placement implementation flow and could be the result of non-optimal XDC constraints or non-optimal design architecture
Related violations: <none>

TIMING-16#182 Warning
Large setup violation  
There is a large setup violation of -2.225 ns between game_datapath/game_cu/FSM_onehot_D_game_fsm_q_reg[26]/C (clocked by clk_0) and game_datapath/game_regfiles/D_current_round_q_reg[11]/D (clocked by clk_0). Large setup violations at the end of those stages might be difficult to fix during the post-placement implementation flow and could be the result of non-optimal XDC constraints or non-optimal design architecture
Related violations: <none>

TIMING-16#183 Warning
Large setup violation  
There is a large setup violation of -2.244 ns between game_datapath/game_cu/FSM_onehot_D_game_fsm_q_reg[26]/C (clocked by clk_0) and game_datapath/game_regfiles/D_timer_q_reg[3]/D (clocked by clk_0). Large setup violations at the end of those stages might be difficult to fix during the post-placement implementation flow and could be the result of non-optimal XDC constraints or non-optimal design architecture
Related violations: <none>

TIMING-16#184 Warning
Large setup violation  
There is a large setup violation of -2.251 ns between game_datapath/game_cu/FSM_onehot_D_game_fsm_q_reg[26]/C (clocked by clk_0) and game_datapath/game_regfiles/D_current_button_light_q_reg[16]/D (clocked by clk_0). Large setup violations at the end of those stages might be difficult to fix during the post-placement implementation flow and could be the result of non-optimal XDC constraints or non-optimal design architecture
Related violations: <none>

TIMING-16#185 Warning
Large setup violation  
There is a large setup violation of -2.252 ns between game_datapath/game_cu/FSM_onehot_D_game_fsm_q_reg[26]/C (clocked by clk_0) and game_datapath/game_regfiles/D_timer_q_reg[4]_lopt_replica/D (clocked by clk_0). Large setup violations at the end of those stages might be difficult to fix during the post-placement implementation flow and could be the result of non-optimal XDC constraints or non-optimal design architecture
Related violations: <none>

TIMING-16#186 Warning
Large setup violation  
There is a large setup violation of -2.254 ns between game_datapath/game_cu/FSM_onehot_D_game_fsm_q_reg[26]/C (clocked by clk_0) and game_datapath/game_regfiles/D_filtered_password_q_reg[16]/D (clocked by clk_0). Large setup violations at the end of those stages might be difficult to fix during the post-placement implementation flow and could be the result of non-optimal XDC constraints or non-optimal design architecture
Related violations: <none>

TIMING-16#187 Warning
Large setup violation  
There is a large setup violation of -2.258 ns between game_datapath/game_cu/FSM_onehot_D_game_fsm_q_reg[26]/C (clocked by clk_0) and game_datapath/game_regfiles/D_user_input_q_reg[3]/D (clocked by clk_0). Large setup violations at the end of those stages might be difficult to fix during the post-placement implementation flow and could be the result of non-optimal XDC constraints or non-optimal design architecture
Related violations: <none>

TIMING-16#188 Warning
Large setup violation  
There is a large setup violation of -2.262 ns between game_datapath/game_cu/FSM_onehot_D_game_fsm_q_reg[26]/C (clocked by clk_0) and game_datapath/game_regfiles/D_difficulty_q_reg[4]/D (clocked by clk_0). Large setup violations at the end of those stages might be difficult to fix during the post-placement implementation flow and could be the result of non-optimal XDC constraints or non-optimal design architecture
Related violations: <none>

TIMING-16#189 Warning
Large setup violation  
There is a large setup violation of -2.263 ns between game_datapath/game_cu/FSM_onehot_D_game_fsm_q_reg[26]/C (clocked by clk_0) and game_datapath/game_regfiles/D_password_q_reg[4]/D (clocked by clk_0). Large setup violations at the end of those stages might be difficult to fix during the post-placement implementation flow and could be the result of non-optimal XDC constraints or non-optimal design architecture
Related violations: <none>

TIMING-16#190 Warning
Large setup violation  
There is a large setup violation of -2.282 ns between game_datapath/game_cu/FSM_onehot_D_game_fsm_q_reg[26]/C (clocked by clk_0) and game_datapath/game_regfiles/D_user_input_q_reg[4]/D (clocked by clk_0). Large setup violations at the end of those stages might be difficult to fix during the post-placement implementation flow and could be the result of non-optimal XDC constraints or non-optimal design architecture
Related violations: <none>

TIMING-16#191 Warning
Large setup violation  
There is a large setup violation of -2.294 ns between game_datapath/game_cu/FSM_onehot_D_game_fsm_q_reg[26]/C (clocked by clk_0) and game_datapath/game_regfiles/D_current_round_q_reg[16]/D (clocked by clk_0). Large setup violations at the end of those stages might be difficult to fix during the post-placement implementation flow and could be the result of non-optimal XDC constraints or non-optimal design architecture
Related violations: <none>

TIMING-16#192 Warning
Large setup violation  
There is a large setup violation of -2.308 ns between game_datapath/game_cu/FSM_onehot_D_game_fsm_q_reg[26]/C (clocked by clk_0) and game_datapath/game_regfiles/D_current_player_q_reg[1]/D (clocked by clk_0). Large setup violations at the end of those stages might be difficult to fix during the post-placement implementation flow and could be the result of non-optimal XDC constraints or non-optimal design architecture
Related violations: <none>

TIMING-16#193 Warning
Large setup violation  
There is a large setup violation of -2.321 ns between game_datapath/game_cu/FSM_onehot_D_game_fsm_q_reg[26]/C (clocked by clk_0) and game_datapath/game_regfiles/D_timer_q_reg[1]/D (clocked by clk_0). Large setup violations at the end of those stages might be difficult to fix during the post-placement implementation flow and could be the result of non-optimal XDC constraints or non-optimal design architecture
Related violations: <none>

TIMING-16#194 Warning
Large setup violation  
There is a large setup violation of -2.323 ns between game_datapath/game_cu/FSM_onehot_D_game_fsm_q_reg[26]/C (clocked by clk_0) and game_datapath/game_regfiles/D_difficulty_q_reg[1]/D (clocked by clk_0). Large setup violations at the end of those stages might be difficult to fix during the post-placement implementation flow and could be the result of non-optimal XDC constraints or non-optimal design architecture
Related violations: <none>

TIMING-16#195 Warning
Large setup violation  
There is a large setup violation of -2.326 ns between game_datapath/game_cu/FSM_onehot_D_game_fsm_q_reg[26]/C (clocked by clk_0) and game_datapath/game_regfiles/D_game_state_q_reg[16]/D (clocked by clk_0). Large setup violations at the end of those stages might be difficult to fix during the post-placement implementation flow and could be the result of non-optimal XDC constraints or non-optimal design architecture
Related violations: <none>

TIMING-16#196 Warning
Large setup violation  
There is a large setup violation of -2.328 ns between game_datapath/game_cu/FSM_onehot_D_game_fsm_q_reg[26]/C (clocked by clk_0) and game_datapath/game_regfiles/D_current_player_q_reg[16]/D (clocked by clk_0). Large setup violations at the end of those stages might be difficult to fix during the post-placement implementation flow and could be the result of non-optimal XDC constraints or non-optimal design architecture
Related violations: <none>

TIMING-16#197 Warning
Large setup violation  
There is a large setup violation of -2.337 ns between game_datapath/game_cu/FSM_onehot_D_game_fsm_q_reg[26]/C (clocked by clk_0) and game_datapath/game_regfiles/D_timer_q_reg[4]/D (clocked by clk_0). Large setup violations at the end of those stages might be difficult to fix during the post-placement implementation flow and could be the result of non-optimal XDC constraints or non-optimal design architecture
Related violations: <none>

TIMING-16#198 Warning
Large setup violation  
There is a large setup violation of -2.356 ns between game_datapath/game_cu/FSM_onehot_D_game_fsm_q_reg[26]/C (clocked by clk_0) and game_datapath/game_regfiles/D_current_button_light_q_reg[3]/D (clocked by clk_0). Large setup violations at the end of those stages might be difficult to fix during the post-placement implementation flow and could be the result of non-optimal XDC constraints or non-optimal design architecture
Related violations: <none>

TIMING-16#199 Warning
Large setup violation  
There is a large setup violation of -2.367 ns between game_datapath/game_cu/FSM_onehot_D_game_fsm_q_reg[26]/C (clocked by clk_0) and game_datapath/game_regfiles/D_attempts_q_reg[16]/D (clocked by clk_0). Large setup violations at the end of those stages might be difficult to fix during the post-placement implementation flow and could be the result of non-optimal XDC constraints or non-optimal design architecture
Related violations: <none>

TIMING-16#200 Warning
Large setup violation  
There is a large setup violation of -2.375 ns between game_datapath/game_cu/FSM_onehot_D_game_fsm_q_reg[26]/C (clocked by clk_0) and game_datapath/game_regfiles/D_current_player_q_reg[4]/D (clocked by clk_0). Large setup violations at the end of those stages might be difficult to fix during the post-placement implementation flow and could be the result of non-optimal XDC constraints or non-optimal design architecture
Related violations: <none>

TIMING-16#201 Warning
Large setup violation  
There is a large setup violation of -2.377 ns between game_datapath/game_cu/FSM_onehot_D_game_fsm_q_reg[26]/C (clocked by clk_0) and game_datapath/game_regfiles/D_current_button_light_q_reg[1]/D (clocked by clk_0). Large setup violations at the end of those stages might be difficult to fix during the post-placement implementation flow and could be the result of non-optimal XDC constraints or non-optimal design architecture
Related violations: <none>

TIMING-16#202 Warning
Large setup violation  
There is a large setup violation of -2.388 ns between game_datapath/game_cu/FSM_onehot_D_game_fsm_q_reg[26]/C (clocked by clk_0) and game_datapath/game_regfiles/D_difficulty_q_reg[16]/D (clocked by clk_0). Large setup violations at the end of those stages might be difficult to fix during the post-placement implementation flow and could be the result of non-optimal XDC constraints or non-optimal design architecture
Related violations: <none>

TIMING-16#203 Warning
Large setup violation  
There is a large setup violation of -2.389 ns between game_datapath/game_cu/FSM_onehot_D_game_fsm_q_reg[26]/C (clocked by clk_0) and game_datapath/game_regfiles/D_timer_q_reg[16]/D (clocked by clk_0). Large setup violations at the end of those stages might be difficult to fix during the post-placement implementation flow and could be the result of non-optimal XDC constraints or non-optimal design architecture
Related violations: <none>

TIMING-16#204 Warning
Large setup violation  
There is a large setup violation of -2.434 ns between game_datapath/game_cu/FSM_onehot_D_game_fsm_q_reg[26]/C (clocked by clk_0) and game_datapath/game_regfiles/D_pointer_q_reg[16]/D (clocked by clk_0). Large setup violations at the end of those stages might be difficult to fix during the post-placement implementation flow and could be the result of non-optimal XDC constraints or non-optimal design architecture
Related violations: <none>

TIMING-16#205 Warning
Large setup violation  
There is a large setup violation of -2.534 ns between game_datapath/game_cu/FSM_onehot_D_game_fsm_q_reg[26]/C (clocked by clk_0) and game_datapath/game_regfiles/D_user_input_q_reg[16]/D (clocked by clk_0). Large setup violations at the end of those stages might be difficult to fix during the post-placement implementation flow and could be the result of non-optimal XDC constraints or non-optimal design architecture
Related violations: <none>

TIMING-16#206 Warning
Large setup violation  
There is a large setup violation of -2.568 ns between game_datapath/game_cu/FSM_onehot_D_game_fsm_q_reg[26]/C (clocked by clk_0) and game_datapath/game_regfiles/D_boolean_q_reg[16]/D (clocked by clk_0). Large setup violations at the end of those stages might be difficult to fix during the post-placement implementation flow and could be the result of non-optimal XDC constraints or non-optimal design architecture
Related violations: <none>

TIMING-16#207 Warning
Large setup violation  
There is a large setup violation of -2.732 ns between game_datapath/game_cu/FSM_onehot_D_game_fsm_q_reg[26]/C (clocked by clk_0) and game_datapath/game_regfiles/D_difficulty_q_reg[17]/D (clocked by clk_0). Large setup violations at the end of those stages might be difficult to fix during the post-placement implementation flow and could be the result of non-optimal XDC constraints or non-optimal design architecture
Related violations: <none>

TIMING-16#208 Warning
Large setup violation  
There is a large setup violation of -2.863 ns between game_datapath/game_cu/FSM_onehot_D_game_fsm_q_reg[26]/C (clocked by clk_0) and game_datapath/game_regfiles/D_timer_q_reg[26]/D (clocked by clk_0). Large setup violations at the end of those stages might be difficult to fix during the post-placement implementation flow and could be the result of non-optimal XDC constraints or non-optimal design architecture
Related violations: <none>

TIMING-16#209 Warning
Large setup violation  
There is a large setup violation of -2.933 ns between game_datapath/game_cu/FSM_onehot_D_game_fsm_q_reg[26]/C (clocked by clk_0) and game_datapath/game_regfiles/D_user_input_q_reg[28]/D (clocked by clk_0). Large setup violations at the end of those stages might be difficult to fix during the post-placement implementation flow and could be the result of non-optimal XDC constraints or non-optimal design architecture
Related violations: <none>

TIMING-16#210 Warning
Large setup violation  
There is a large setup violation of -3.031 ns between game_datapath/game_cu/FSM_onehot_D_game_fsm_q_reg[26]/C (clocked by clk_0) and game_datapath/game_regfiles/D_password_q_reg[20]/D (clocked by clk_0). Large setup violations at the end of those stages might be difficult to fix during the post-placement implementation flow and could be the result of non-optimal XDC constraints or non-optimal design architecture
Related violations: <none>

TIMING-16#211 Warning
Large setup violation  
There is a large setup violation of -3.042 ns between game_datapath/game_cu/FSM_onehot_D_game_fsm_q_reg[26]/C (clocked by clk_0) and game_datapath/game_regfiles/D_game_state_q_reg[18]/D (clocked by clk_0). Large setup violations at the end of those stages might be difficult to fix during the post-placement implementation flow and could be the result of non-optimal XDC constraints or non-optimal design architecture
Related violations: <none>

TIMING-16#212 Warning
Large setup violation  
There is a large setup violation of -3.060 ns between game_datapath/game_cu/FSM_onehot_D_game_fsm_q_reg[26]/C (clocked by clk_0) and game_datapath/game_regfiles/D_game_state_q_reg[17]/D (clocked by clk_0). Large setup violations at the end of those stages might be difficult to fix during the post-placement implementation flow and could be the result of non-optimal XDC constraints or non-optimal design architecture
Related violations: <none>

TIMING-16#213 Warning
Large setup violation  
There is a large setup violation of -3.065 ns between game_datapath/game_cu/FSM_onehot_D_game_fsm_q_reg[26]/C (clocked by clk_0) and game_datapath/game_regfiles/D_current_round_q_reg[23]/D (clocked by clk_0). Large setup violations at the end of those stages might be difficult to fix during the post-placement implementation flow and could be the result of non-optimal XDC constraints or non-optimal design architecture
Related violations: <none>

TIMING-16#214 Warning
Large setup violation  
There is a large setup violation of -3.072 ns between game_datapath/game_cu/FSM_onehot_D_game_fsm_q_reg[26]/C (clocked by clk_0) and game_datapath/game_regfiles/D_game_state_q_reg[31]/D (clocked by clk_0). Large setup violations at the end of those stages might be difficult to fix during the post-placement implementation flow and could be the result of non-optimal XDC constraints or non-optimal design architecture
Related violations: <none>

TIMING-16#215 Warning
Large setup violation  
There is a large setup violation of -3.155 ns between game_datapath/game_cu/FSM_onehot_D_game_fsm_q_reg[26]/C (clocked by clk_0) and game_datapath/game_regfiles/D_pointer_q_reg[24]/D (clocked by clk_0). Large setup violations at the end of those stages might be difficult to fix during the post-placement implementation flow and could be the result of non-optimal XDC constraints or non-optimal design architecture
Related violations: <none>

TIMING-16#216 Warning
Large setup violation  
There is a large setup violation of -3.192 ns between game_datapath/game_cu/FSM_onehot_D_game_fsm_q_reg[26]/C (clocked by clk_0) and game_datapath/game_regfiles/D_game_state_q_reg[27]/D (clocked by clk_0). Large setup violations at the end of those stages might be difficult to fix during the post-placement implementation flow and could be the result of non-optimal XDC constraints or non-optimal design architecture
Related violations: <none>

TIMING-16#217 Warning
Large setup violation  
There is a large setup violation of -3.219 ns between game_datapath/game_cu/FSM_onehot_D_game_fsm_q_reg[26]/C (clocked by clk_0) and game_datapath/game_regfiles/D_pointer_q_reg[17]/D (clocked by clk_0). Large setup violations at the end of those stages might be difficult to fix during the post-placement implementation flow and could be the result of non-optimal XDC constraints or non-optimal design architecture
Related violations: <none>

TIMING-16#218 Warning
Large setup violation  
There is a large setup violation of -3.221 ns between game_datapath/game_cu/FSM_onehot_D_game_fsm_q_reg[26]/C (clocked by clk_0) and game_datapath/game_regfiles/D_game_state_q_reg[29]/D (clocked by clk_0). Large setup violations at the end of those stages might be difficult to fix during the post-placement implementation flow and could be the result of non-optimal XDC constraints or non-optimal design architecture
Related violations: <none>

TIMING-16#219 Warning
Large setup violation  
There is a large setup violation of -3.237 ns between game_datapath/game_cu/FSM_onehot_D_game_fsm_q_reg[26]/C (clocked by clk_0) and game_datapath/game_regfiles/D_attempts_q_reg[17]/D (clocked by clk_0). Large setup violations at the end of those stages might be difficult to fix during the post-placement implementation flow and could be the result of non-optimal XDC constraints or non-optimal design architecture
Related violations: <none>

TIMING-16#220 Warning
Large setup violation  
There is a large setup violation of -3.246 ns between game_datapath/game_cu/FSM_onehot_D_game_fsm_q_reg[26]/C (clocked by clk_0) and game_datapath/game_regfiles/D_filtered_password_q_reg[17]/D (clocked by clk_0). Large setup violations at the end of those stages might be difficult to fix during the post-placement implementation flow and could be the result of non-optimal XDC constraints or non-optimal design architecture
Related violations: <none>

TIMING-16#221 Warning
Large setup violation  
There is a large setup violation of -3.255 ns between game_datapath/game_cu/FSM_onehot_D_game_fsm_q_reg[26]/C (clocked by clk_0) and game_datapath/game_regfiles/D_current_button_light_q_reg[17]/D (clocked by clk_0). Large setup violations at the end of those stages might be difficult to fix during the post-placement implementation flow and could be the result of non-optimal XDC constraints or non-optimal design architecture
Related violations: <none>

TIMING-16#222 Warning
Large setup violation  
There is a large setup violation of -3.268 ns between game_datapath/game_cu/FSM_onehot_D_game_fsm_q_reg[26]/C (clocked by clk_0) and game_datapath/game_regfiles/D_password_q_reg[17]/D (clocked by clk_0). Large setup violations at the end of those stages might be difficult to fix during the post-placement implementation flow and could be the result of non-optimal XDC constraints or non-optimal design architecture
Related violations: <none>

TIMING-16#223 Warning
Large setup violation  
There is a large setup violation of -3.294 ns between game_datapath/game_cu/FSM_onehot_D_game_fsm_q_reg[26]/C (clocked by clk_0) and game_datapath/game_regfiles/D_filtered_password_q_reg[28]/D (clocked by clk_0). Large setup violations at the end of those stages might be difficult to fix during the post-placement implementation flow and could be the result of non-optimal XDC constraints or non-optimal design architecture
Related violations: <none>

TIMING-16#224 Warning
Large setup violation  
There is a large setup violation of -3.307 ns between game_datapath/game_cu/FSM_onehot_D_game_fsm_q_reg[26]/C (clocked by clk_0) and game_datapath/game_regfiles/D_boolean_q_reg[17]/D (clocked by clk_0). Large setup violations at the end of those stages might be difficult to fix during the post-placement implementation flow and could be the result of non-optimal XDC constraints or non-optimal design architecture
Related violations: <none>

TIMING-16#225 Warning
Large setup violation  
There is a large setup violation of -3.340 ns between game_datapath/game_cu/FSM_onehot_D_game_fsm_q_reg[26]/C (clocked by clk_0) and game_datapath/game_regfiles/D_difficulty_q_reg[26]/D (clocked by clk_0). Large setup violations at the end of those stages might be difficult to fix during the post-placement implementation flow and could be the result of non-optimal XDC constraints or non-optimal design architecture
Related violations: <none>

TIMING-16#226 Warning
Large setup violation  
There is a large setup violation of -3.344 ns between game_datapath/game_cu/FSM_onehot_D_game_fsm_q_reg[26]/C (clocked by clk_0) and game_datapath/game_regfiles/D_current_player_q_reg[26]/D (clocked by clk_0). Large setup violations at the end of those stages might be difficult to fix during the post-placement implementation flow and could be the result of non-optimal XDC constraints or non-optimal design architecture
Related violations: <none>

TIMING-16#227 Warning
Large setup violation  
There is a large setup violation of -3.346 ns between game_datapath/game_cu/FSM_onehot_D_game_fsm_q_reg[26]/C (clocked by clk_0) and game_datapath/game_regfiles/D_timer_q_reg[17]/D (clocked by clk_0). Large setup violations at the end of those stages might be difficult to fix during the post-placement implementation flow and could be the result of non-optimal XDC constraints or non-optimal design architecture
Related violations: <none>

TIMING-16#228 Warning
Large setup violation  
There is a large setup violation of -3.359 ns between game_datapath/game_cu/FSM_onehot_D_game_fsm_q_reg[26]/C (clocked by clk_0) and game_datapath/game_regfiles/D_attempts_q_reg[26]/D (clocked by clk_0). Large setup violations at the end of those stages might be difficult to fix during the post-placement implementation flow and could be the result of non-optimal XDC constraints or non-optimal design architecture
Related violations: <none>

TIMING-16#229 Warning
Large setup violation  
There is a large setup violation of -3.359 ns between game_datapath/game_cu/FSM_onehot_D_game_fsm_q_reg[26]/C (clocked by clk_0) and game_datapath/game_regfiles/D_boolean_q_reg[26]/D (clocked by clk_0). Large setup violations at the end of those stages might be difficult to fix during the post-placement implementation flow and could be the result of non-optimal XDC constraints or non-optimal design architecture
Related violations: <none>

TIMING-16#230 Warning
Large setup violation  
There is a large setup violation of -3.371 ns between game_datapath/game_cu/FSM_onehot_D_game_fsm_q_reg[26]/C (clocked by clk_0) and game_datapath/game_regfiles/D_password_q_reg[26]/D (clocked by clk_0). Large setup violations at the end of those stages might be difficult to fix during the post-placement implementation flow and could be the result of non-optimal XDC constraints or non-optimal design architecture
Related violations: <none>

TIMING-16#231 Warning
Large setup violation  
There is a large setup violation of -3.383 ns between game_datapath/game_cu/FSM_onehot_D_game_fsm_q_reg[26]/C (clocked by clk_0) and game_datapath/game_regfiles/D_attempts_q_reg[20]/D (clocked by clk_0). Large setup violations at the end of those stages might be difficult to fix during the post-placement implementation flow and could be the result of non-optimal XDC constraints or non-optimal design architecture
Related violations: <none>

TIMING-16#232 Warning
Large setup violation  
There is a large setup violation of -3.393 ns between game_datapath/game_cu/FSM_onehot_D_game_fsm_q_reg[26]/C (clocked by clk_0) and game_datapath/game_regfiles/D_game_state_q_reg[30]/D (clocked by clk_0). Large setup violations at the end of those stages might be difficult to fix during the post-placement implementation flow and could be the result of non-optimal XDC constraints or non-optimal design architecture
Related violations: <none>

TIMING-16#233 Warning
Large setup violation  
There is a large setup violation of -3.395 ns between game_datapath/game_cu/FSM_onehot_D_game_fsm_q_reg[26]/C (clocked by clk_0) and game_datapath/game_regfiles/D_current_round_q_reg[17]/D (clocked by clk_0). Large setup violations at the end of those stages might be difficult to fix during the post-placement implementation flow and could be the result of non-optimal XDC constraints or non-optimal design architecture
Related violations: <none>

TIMING-16#234 Warning
Large setup violation  
There is a large setup violation of -3.417 ns between game_datapath/game_cu/FSM_onehot_D_game_fsm_q_reg[26]/C (clocked by clk_0) and game_datapath/game_regfiles/D_current_player_q_reg[17]/D (clocked by clk_0). Large setup violations at the end of those stages might be difficult to fix during the post-placement implementation flow and could be the result of non-optimal XDC constraints or non-optimal design architecture
Related violations: <none>

TIMING-16#235 Warning
Large setup violation  
There is a large setup violation of -3.420 ns between game_datapath/game_cu/FSM_onehot_D_game_fsm_q_reg[26]/C (clocked by clk_0) and game_datapath/game_regfiles/D_timer_q_reg[28]/D (clocked by clk_0). Large setup violations at the end of those stages might be difficult to fix during the post-placement implementation flow and could be the result of non-optimal XDC constraints or non-optimal design architecture
Related violations: <none>

TIMING-16#236 Warning
Large setup violation  
There is a large setup violation of -3.435 ns between game_datapath/game_cu/FSM_onehot_D_game_fsm_q_reg[26]/C (clocked by clk_0) and game_datapath/game_regfiles/D_difficulty_q_reg[30]/D (clocked by clk_0). Large setup violations at the end of those stages might be difficult to fix during the post-placement implementation flow and could be the result of non-optimal XDC constraints or non-optimal design architecture
Related violations: <none>

TIMING-16#237 Warning
Large setup violation  
There is a large setup violation of -3.435 ns between game_datapath/game_cu/FSM_onehot_D_game_fsm_q_reg[26]/C (clocked by clk_0) and game_datapath/game_regfiles/D_password_q_reg[28]/D (clocked by clk_0). Large setup violations at the end of those stages might be difficult to fix during the post-placement implementation flow and could be the result of non-optimal XDC constraints or non-optimal design architecture
Related violations: <none>

TIMING-16#238 Warning
Large setup violation  
There is a large setup violation of -3.443 ns between game_datapath/game_cu/FSM_onehot_D_game_fsm_q_reg[26]/C (clocked by clk_0) and game_datapath/game_regfiles/D_game_state_q_reg[28]/D (clocked by clk_0). Large setup violations at the end of those stages might be difficult to fix during the post-placement implementation flow and could be the result of non-optimal XDC constraints or non-optimal design architecture
Related violations: <none>

TIMING-16#239 Warning
Large setup violation  
There is a large setup violation of -3.451 ns between game_datapath/game_cu/FSM_onehot_D_game_fsm_q_reg[26]/C (clocked by clk_0) and game_datapath/game_regfiles/D_filtered_password_q_reg[18]/D (clocked by clk_0). Large setup violations at the end of those stages might be difficult to fix during the post-placement implementation flow and could be the result of non-optimal XDC constraints or non-optimal design architecture
Related violations: <none>

TIMING-16#240 Warning
Large setup violation  
There is a large setup violation of -3.452 ns between game_datapath/game_cu/FSM_onehot_D_game_fsm_q_reg[26]/C (clocked by clk_0) and game_datapath/game_regfiles/D_current_player_q_reg[28]/D (clocked by clk_0). Large setup violations at the end of those stages might be difficult to fix during the post-placement implementation flow and could be the result of non-optimal XDC constraints or non-optimal design architecture
Related violations: <none>

TIMING-16#241 Warning
Large setup violation  
There is a large setup violation of -3.453 ns between game_datapath/game_cu/FSM_onehot_D_game_fsm_q_reg[26]/C (clocked by clk_0) and game_datapath/game_regfiles/D_timer_q_reg[30]/D (clocked by clk_0). Large setup violations at the end of those stages might be difficult to fix during the post-placement implementation flow and could be the result of non-optimal XDC constraints or non-optimal design architecture
Related violations: <none>

TIMING-16#242 Warning
Large setup violation  
There is a large setup violation of -3.454 ns between game_datapath/game_cu/FSM_onehot_D_game_fsm_q_reg[26]/C (clocked by clk_0) and game_datapath/game_regfiles/D_current_round_q_reg[28]/D (clocked by clk_0). Large setup violations at the end of those stages might be difficult to fix during the post-placement implementation flow and could be the result of non-optimal XDC constraints or non-optimal design architecture
Related violations: <none>

TIMING-16#243 Warning
Large setup violation  
There is a large setup violation of -3.455 ns between game_datapath/game_cu/FSM_onehot_D_game_fsm_q_reg[26]/C (clocked by clk_0) and game_datapath/game_regfiles/D_attempts_q_reg[28]/D (clocked by clk_0). Large setup violations at the end of those stages might be difficult to fix during the post-placement implementation flow and could be the result of non-optimal XDC constraints or non-optimal design architecture
Related violations: <none>

TIMING-16#244 Warning
Large setup violation  
There is a large setup violation of -3.455 ns between game_datapath/game_cu/FSM_onehot_D_game_fsm_q_reg[26]/C (clocked by clk_0) and game_datapath/game_regfiles/D_current_player_q_reg[30]/D (clocked by clk_0). Large setup violations at the end of those stages might be difficult to fix during the post-placement implementation flow and could be the result of non-optimal XDC constraints or non-optimal design architecture
Related violations: <none>

TIMING-16#245 Warning
Large setup violation  
There is a large setup violation of -3.470 ns between game_datapath/game_cu/FSM_onehot_D_game_fsm_q_reg[26]/C (clocked by clk_0) and game_datapath/game_regfiles/D_boolean_q_reg[28]/D (clocked by clk_0). Large setup violations at the end of those stages might be difficult to fix during the post-placement implementation flow and could be the result of non-optimal XDC constraints or non-optimal design architecture
Related violations: <none>

TIMING-16#246 Warning
Large setup violation  
There is a large setup violation of -3.471 ns between game_datapath/game_cu/FSM_onehot_D_game_fsm_q_reg[26]/C (clocked by clk_0) and game_datapath/game_regfiles/D_current_button_light_q_reg[26]/D (clocked by clk_0). Large setup violations at the end of those stages might be difficult to fix during the post-placement implementation flow and could be the result of non-optimal XDC constraints or non-optimal design architecture
Related violations: <none>

TIMING-16#247 Warning
Large setup violation  
There is a large setup violation of -3.472 ns between game_datapath/game_cu/FSM_onehot_D_game_fsm_q_reg[26]/C (clocked by clk_0) and game_datapath/game_regfiles/D_current_button_light_q_reg[25]/D (clocked by clk_0). Large setup violations at the end of those stages might be difficult to fix during the post-placement implementation flow and could be the result of non-optimal XDC constraints or non-optimal design architecture
Related violations: <none>

TIMING-16#248 Warning
Large setup violation  
There is a large setup violation of -3.477 ns between game_datapath/game_cu/FSM_onehot_D_game_fsm_q_reg[26]/C (clocked by clk_0) and game_datapath/game_regfiles/D_game_state_q_reg[26]/D (clocked by clk_0). Large setup violations at the end of those stages might be difficult to fix during the post-placement implementation flow and could be the result of non-optimal XDC constraints or non-optimal design architecture
Related violations: <none>

TIMING-16#249 Warning
Large setup violation  
There is a large setup violation of -3.482 ns between game_datapath/game_cu/FSM_onehot_D_game_fsm_q_reg[26]/C (clocked by clk_0) and game_datapath/game_regfiles/D_filtered_password_q_reg[26]/D (clocked by clk_0). Large setup violations at the end of those stages might be difficult to fix during the post-placement implementation flow and could be the result of non-optimal XDC constraints or non-optimal design architecture
Related violations: <none>

TIMING-16#250 Warning
Large setup violation  
There is a large setup violation of -3.486 ns between game_datapath/game_cu/FSM_onehot_D_game_fsm_q_reg[26]/C (clocked by clk_0) and game_datapath/game_regfiles/D_password_q_reg[25]/D (clocked by clk_0). Large setup violations at the end of those stages might be difficult to fix during the post-placement implementation flow and could be the result of non-optimal XDC constraints or non-optimal design architecture
Related violations: <none>

TIMING-16#251 Warning
Large setup violation  
There is a large setup violation of -3.495 ns between game_datapath/game_cu/FSM_onehot_D_game_fsm_q_reg[26]/C (clocked by clk_0) and game_datapath/game_regfiles/D_user_input_q_reg[26]/D (clocked by clk_0). Large setup violations at the end of those stages might be difficult to fix during the post-placement implementation flow and could be the result of non-optimal XDC constraints or non-optimal design architecture
Related violations: <none>

TIMING-16#252 Warning
Large setup violation  
There is a large setup violation of -3.499 ns between game_datapath/game_cu/FSM_onehot_D_game_fsm_q_reg[26]/C (clocked by clk_0) and game_datapath/game_regfiles/D_current_round_q_reg[29]/D (clocked by clk_0). Large setup violations at the end of those stages might be difficult to fix during the post-placement implementation flow and could be the result of non-optimal XDC constraints or non-optimal design architecture
Related violations: <none>

TIMING-16#253 Warning
Large setup violation  
There is a large setup violation of -3.500 ns between game_datapath/game_cu/FSM_onehot_D_game_fsm_q_reg[26]/C (clocked by clk_0) and game_datapath/game_regfiles/D_game_state_q_reg[25]/D (clocked by clk_0). Large setup violations at the end of those stages might be difficult to fix during the post-placement implementation flow and could be the result of non-optimal XDC constraints or non-optimal design architecture
Related violations: <none>

TIMING-16#254 Warning
Large setup violation  
There is a large setup violation of -3.503 ns between game_datapath/game_cu/FSM_onehot_D_game_fsm_q_reg[26]/C (clocked by clk_0) and game_datapath/game_regfiles/D_boolean_q_reg[20]/D (clocked by clk_0). Large setup violations at the end of those stages might be difficult to fix during the post-placement implementation flow and could be the result of non-optimal XDC constraints or non-optimal design architecture
Related violations: <none>

TIMING-16#255 Warning
Large setup violation  
There is a large setup violation of -3.503 ns between game_datapath/game_cu/FSM_onehot_D_game_fsm_q_reg[26]/C (clocked by clk_0) and game_datapath/game_regfiles/D_current_round_q_reg[20]/D (clocked by clk_0). Large setup violations at the end of those stages might be difficult to fix during the post-placement implementation flow and could be the result of non-optimal XDC constraints or non-optimal design architecture
Related violations: <none>

TIMING-16#256 Warning
Large setup violation  
There is a large setup violation of -3.511 ns between game_datapath/game_cu/FSM_onehot_D_game_fsm_q_reg[26]/C (clocked by clk_0) and game_datapath/game_regfiles/D_user_input_q_reg[17]/D (clocked by clk_0). Large setup violations at the end of those stages might be difficult to fix during the post-placement implementation flow and could be the result of non-optimal XDC constraints or non-optimal design architecture
Related violations: <none>

TIMING-16#257 Warning
Large setup violation  
There is a large setup violation of -3.511 ns between game_datapath/game_cu/FSM_onehot_D_game_fsm_q_reg[26]/C (clocked by clk_0) and game_datapath/game_regfiles/D_user_input_q_reg[25]/D (clocked by clk_0). Large setup violations at the end of those stages might be difficult to fix during the post-placement implementation flow and could be the result of non-optimal XDC constraints or non-optimal design architecture
Related violations: <none>

TIMING-16#258 Warning
Large setup violation  
There is a large setup violation of -3.512 ns between game_datapath/game_cu/FSM_onehot_D_game_fsm_q_reg[26]/C (clocked by clk_0) and game_datapath/game_regfiles/D_timer_q_reg[25]/D (clocked by clk_0). Large setup violations at the end of those stages might be difficult to fix during the post-placement implementation flow and could be the result of non-optimal XDC constraints or non-optimal design architecture
Related violations: <none>

TIMING-16#259 Warning
Large setup violation  
There is a large setup violation of -3.513 ns between game_datapath/game_cu/FSM_onehot_D_game_fsm_q_reg[26]/C (clocked by clk_0) and game_datapath/game_regfiles/D_current_player_q_reg[22]/D (clocked by clk_0). Large setup violations at the end of those stages might be difficult to fix during the post-placement implementation flow and could be the result of non-optimal XDC constraints or non-optimal design architecture
Related violations: <none>

TIMING-16#260 Warning
Large setup violation  
There is a large setup violation of -3.515 ns between game_datapath/game_cu/FSM_onehot_D_game_fsm_q_reg[26]/C (clocked by clk_0) and game_datapath/game_regfiles/D_difficulty_q_reg[25]/D (clocked by clk_0). Large setup violations at the end of those stages might be difficult to fix during the post-placement implementation flow and could be the result of non-optimal XDC constraints or non-optimal design architecture
Related violations: <none>

TIMING-16#261 Warning
Large setup violation  
There is a large setup violation of -3.520 ns between game_datapath/game_cu/FSM_onehot_D_game_fsm_q_reg[26]/C (clocked by clk_0) and game_datapath/game_regfiles/D_attempts_q_reg[25]/D (clocked by clk_0). Large setup violations at the end of those stages might be difficult to fix during the post-placement implementation flow and could be the result of non-optimal XDC constraints or non-optimal design architecture
Related violations: <none>

TIMING-16#262 Warning
Large setup violation  
There is a large setup violation of -3.520 ns between game_datapath/game_cu/FSM_onehot_D_game_fsm_q_reg[26]/C (clocked by clk_0) and game_datapath/game_regfiles/D_pointer_q_reg[20]/D (clocked by clk_0). Large setup violations at the end of those stages might be difficult to fix during the post-placement implementation flow and could be the result of non-optimal XDC constraints or non-optimal design architecture
Related violations: <none>

TIMING-16#263 Warning
Large setup violation  
There is a large setup violation of -3.521 ns between game_datapath/game_cu/FSM_onehot_D_game_fsm_q_reg[26]/C (clocked by clk_0) and game_datapath/game_regfiles/D_user_input_q_reg[22]/D (clocked by clk_0). Large setup violations at the end of those stages might be difficult to fix during the post-placement implementation flow and could be the result of non-optimal XDC constraints or non-optimal design architecture
Related violations: <none>

TIMING-16#264 Warning
Large setup violation  
There is a large setup violation of -3.523 ns between game_datapath/game_cu/FSM_onehot_D_game_fsm_q_reg[26]/C (clocked by clk_0) and game_datapath/game_regfiles/D_timer_q_reg[20]/D (clocked by clk_0). Large setup violations at the end of those stages might be difficult to fix during the post-placement implementation flow and could be the result of non-optimal XDC constraints or non-optimal design architecture
Related violations: <none>

TIMING-16#265 Warning
Large setup violation  
There is a large setup violation of -3.528 ns between game_datapath/game_cu/FSM_onehot_D_game_fsm_q_reg[26]/C (clocked by clk_0) and game_datapath/game_regfiles/D_current_round_q_reg[26]/D (clocked by clk_0). Large setup violations at the end of those stages might be difficult to fix during the post-placement implementation flow and could be the result of non-optimal XDC constraints or non-optimal design architecture
Related violations: <none>

TIMING-16#266 Warning
Large setup violation  
There is a large setup violation of -3.529 ns between game_datapath/game_cu/FSM_onehot_D_game_fsm_q_reg[26]/C (clocked by clk_0) and game_datapath/game_regfiles/D_attempts_q_reg[29]/D (clocked by clk_0). Large setup violations at the end of those stages might be difficult to fix during the post-placement implementation flow and could be the result of non-optimal XDC constraints or non-optimal design architecture
Related violations: <none>

TIMING-16#267 Warning
Large setup violation  
There is a large setup violation of -3.541 ns between game_datapath/game_cu/FSM_onehot_D_game_fsm_q_reg[26]/C (clocked by clk_0) and game_datapath/game_regfiles/D_game_state_q_reg[22]/D (clocked by clk_0). Large setup violations at the end of those stages might be difficult to fix during the post-placement implementation flow and could be the result of non-optimal XDC constraints or non-optimal design architecture
Related violations: <none>

TIMING-16#268 Warning
Large setup violation  
There is a large setup violation of -3.542 ns between game_datapath/game_cu/FSM_onehot_D_game_fsm_q_reg[26]/C (clocked by clk_0) and game_datapath/game_regfiles/D_pointer_q_reg[22]/D (clocked by clk_0). Large setup violations at the end of those stages might be difficult to fix during the post-placement implementation flow and could be the result of non-optimal XDC constraints or non-optimal design architecture
Related violations: <none>

TIMING-16#269 Warning
Large setup violation  
There is a large setup violation of -3.550 ns between game_datapath/game_cu/FSM_onehot_D_game_fsm_q_reg[26]/C (clocked by clk_0) and game_datapath/game_regfiles/D_password_q_reg[18]/D (clocked by clk_0). Large setup violations at the end of those stages might be difficult to fix during the post-placement implementation flow and could be the result of non-optimal XDC constraints or non-optimal design architecture
Related violations: <none>

TIMING-16#270 Warning
Large setup violation  
There is a large setup violation of -3.552 ns between game_datapath/game_cu/FSM_onehot_D_game_fsm_q_reg[26]/C (clocked by clk_0) and game_datapath/game_regfiles/D_current_button_light_q_reg[28]/D (clocked by clk_0). Large setup violations at the end of those stages might be difficult to fix during the post-placement implementation flow and could be the result of non-optimal XDC constraints or non-optimal design architecture
Related violations: <none>

TIMING-16#271 Warning
Large setup violation  
There is a large setup violation of -3.552 ns between game_datapath/game_cu/FSM_onehot_D_game_fsm_q_reg[26]/C (clocked by clk_0) and game_datapath/game_regfiles/D_current_button_light_q_reg[30]/D (clocked by clk_0). Large setup violations at the end of those stages might be difficult to fix during the post-placement implementation flow and could be the result of non-optimal XDC constraints or non-optimal design architecture
Related violations: <none>

TIMING-16#272 Warning
Large setup violation  
There is a large setup violation of -3.552 ns between game_datapath/game_cu/FSM_onehot_D_game_fsm_q_reg[26]/C (clocked by clk_0) and game_datapath/game_regfiles/D_filtered_password_q_reg[22]/D (clocked by clk_0). Large setup violations at the end of those stages might be difficult to fix during the post-placement implementation flow and could be the result of non-optimal XDC constraints or non-optimal design architecture
Related violations: <none>

TIMING-16#273 Warning
Large setup violation  
There is a large setup violation of -3.558 ns between game_datapath/game_cu/FSM_onehot_D_game_fsm_q_reg[26]/C (clocked by clk_0) and game_datapath/game_regfiles/D_pointer_q_reg[26]/D (clocked by clk_0). Large setup violations at the end of those stages might be difficult to fix during the post-placement implementation flow and could be the result of non-optimal XDC constraints or non-optimal design architecture
Related violations: <none>

TIMING-16#274 Warning
Large setup violation  
There is a large setup violation of -3.561 ns between game_datapath/game_cu/FSM_onehot_D_game_fsm_q_reg[26]/C (clocked by clk_0) and game_datapath/game_regfiles/D_user_input_q_reg[30]/D (clocked by clk_0). Large setup violations at the end of those stages might be difficult to fix during the post-placement implementation flow and could be the result of non-optimal XDC constraints or non-optimal design architecture
Related violations: <none>

TIMING-16#275 Warning
Large setup violation  
There is a large setup violation of -3.565 ns between game_datapath/game_cu/FSM_onehot_D_game_fsm_q_reg[26]/C (clocked by clk_0) and game_datapath/game_regfiles/D_current_player_q_reg[18]/D (clocked by clk_0). Large setup violations at the end of those stages might be difficult to fix during the post-placement implementation flow and could be the result of non-optimal XDC constraints or non-optimal design architecture
Related violations: <none>

TIMING-16#276 Warning
Large setup violation  
There is a large setup violation of -3.565 ns between game_datapath/game_cu/FSM_onehot_D_game_fsm_q_reg[26]/C (clocked by clk_0) and game_datapath/game_regfiles/D_timer_q_reg[18]/D (clocked by clk_0). Large setup violations at the end of those stages might be difficult to fix during the post-placement implementation flow and could be the result of non-optimal XDC constraints or non-optimal design architecture
Related violations: <none>

TIMING-16#277 Warning
Large setup violation  
There is a large setup violation of -3.568 ns between game_datapath/game_cu/FSM_onehot_D_game_fsm_q_reg[26]/C (clocked by clk_0) and game_datapath/game_regfiles/D_boolean_q_reg[22]/D (clocked by clk_0). Large setup violations at the end of those stages might be difficult to fix during the post-placement implementation flow and could be the result of non-optimal XDC constraints or non-optimal design architecture
Related violations: <none>

TIMING-16#278 Warning
Large setup violation  
There is a large setup violation of -3.570 ns between game_datapath/game_cu/FSM_onehot_D_game_fsm_q_reg[26]/C (clocked by clk_0) and game_datapath/game_regfiles/D_attempts_q_reg[22]/D (clocked by clk_0). Large setup violations at the end of those stages might be difficult to fix during the post-placement implementation flow and could be the result of non-optimal XDC constraints or non-optimal design architecture
Related violations: <none>

TIMING-16#279 Warning
Large setup violation  
There is a large setup violation of -3.574 ns between game_datapath/game_cu/FSM_onehot_D_game_fsm_q_reg[26]/C (clocked by clk_0) and game_datapath/game_regfiles/D_user_input_q_reg[27]/D (clocked by clk_0). Large setup violations at the end of those stages might be difficult to fix during the post-placement implementation flow and could be the result of non-optimal XDC constraints or non-optimal design architecture
Related violations: <none>

TIMING-16#280 Warning
Large setup violation  
There is a large setup violation of -3.575 ns between game_datapath/game_cu/FSM_onehot_D_game_fsm_q_reg[26]/C (clocked by clk_0) and game_datapath/game_regfiles/D_attempts_q_reg[18]/D (clocked by clk_0). Large setup violations at the end of those stages might be difficult to fix during the post-placement implementation flow and could be the result of non-optimal XDC constraints or non-optimal design architecture
Related violations: <none>

TIMING-16#281 Warning
Large setup violation  
There is a large setup violation of -3.576 ns between game_datapath/game_cu/FSM_onehot_D_game_fsm_q_reg[26]/C (clocked by clk_0) and game_datapath/game_regfiles/D_timer_q_reg[22]/D (clocked by clk_0). Large setup violations at the end of those stages might be difficult to fix during the post-placement implementation flow and could be the result of non-optimal XDC constraints or non-optimal design architecture
Related violations: <none>

TIMING-16#282 Warning
Large setup violation  
There is a large setup violation of -3.580 ns between game_datapath/game_cu/FSM_onehot_D_game_fsm_q_reg[26]/C (clocked by clk_0) and game_datapath/game_regfiles/D_pointer_q_reg[18]/D (clocked by clk_0). Large setup violations at the end of those stages might be difficult to fix during the post-placement implementation flow and could be the result of non-optimal XDC constraints or non-optimal design architecture
Related violations: <none>

TIMING-16#283 Warning
Large setup violation  
There is a large setup violation of -3.582 ns between game_datapath/game_cu/FSM_onehot_D_game_fsm_q_reg[26]/C (clocked by clk_0) and game_datapath/game_regfiles/D_current_button_light_q_reg[23]/D (clocked by clk_0). Large setup violations at the end of those stages might be difficult to fix during the post-placement implementation flow and could be the result of non-optimal XDC constraints or non-optimal design architecture
Related violations: <none>

TIMING-16#284 Warning
Large setup violation  
There is a large setup violation of -3.586 ns between game_datapath/game_cu/FSM_onehot_D_game_fsm_q_reg[26]/C (clocked by clk_0) and game_datapath/game_regfiles/D_filtered_password_q_reg[30]/D (clocked by clk_0). Large setup violations at the end of those stages might be difficult to fix during the post-placement implementation flow and could be the result of non-optimal XDC constraints or non-optimal design architecture
Related violations: <none>

TIMING-16#285 Warning
Large setup violation  
There is a large setup violation of -3.606 ns between game_datapath/game_cu/FSM_onehot_D_game_fsm_q_reg[26]/C (clocked by clk_0) and game_datapath/game_regfiles/D_game_state_q_reg[23]/D (clocked by clk_0). Large setup violations at the end of those stages might be difficult to fix during the post-placement implementation flow and could be the result of non-optimal XDC constraints or non-optimal design architecture
Related violations: <none>

TIMING-16#286 Warning
Large setup violation  
There is a large setup violation of -3.609 ns between game_datapath/game_cu/FSM_onehot_D_game_fsm_q_reg[26]/C (clocked by clk_0) and game_datapath/game_regfiles/D_boolean_q_reg[25]/D (clocked by clk_0). Large setup violations at the end of those stages might be difficult to fix during the post-placement implementation flow and could be the result of non-optimal XDC constraints or non-optimal design architecture
Related violations: <none>

TIMING-16#287 Warning
Large setup violation  
There is a large setup violation of -3.609 ns between game_datapath/game_cu/FSM_onehot_D_game_fsm_q_reg[26]/C (clocked by clk_0) and game_datapath/game_regfiles/D_filtered_password_q_reg[24]/D (clocked by clk_0). Large setup violations at the end of those stages might be difficult to fix during the post-placement implementation flow and could be the result of non-optimal XDC constraints or non-optimal design architecture
Related violations: <none>

TIMING-16#288 Warning
Large setup violation  
There is a large setup violation of -3.612 ns between game_datapath/game_cu/FSM_onehot_D_game_fsm_q_reg[26]/C (clocked by clk_0) and game_datapath/game_regfiles/D_filtered_password_q_reg[23]/D (clocked by clk_0). Large setup violations at the end of those stages might be difficult to fix during the post-placement implementation flow and could be the result of non-optimal XDC constraints or non-optimal design architecture
Related violations: <none>

TIMING-16#289 Warning
Large setup violation  
There is a large setup violation of -3.614 ns between game_datapath/game_cu/FSM_onehot_D_game_fsm_q_reg[26]/C (clocked by clk_0) and game_datapath/game_regfiles/D_pointer_q_reg[23]/D (clocked by clk_0). Large setup violations at the end of those stages might be difficult to fix during the post-placement implementation flow and could be the result of non-optimal XDC constraints or non-optimal design architecture
Related violations: <none>

TIMING-16#290 Warning
Large setup violation  
There is a large setup violation of -3.616 ns between game_datapath/game_cu/FSM_onehot_D_game_fsm_q_reg[26]/C (clocked by clk_0) and game_datapath/game_regfiles/D_current_button_light_q_reg[18]/D (clocked by clk_0). Large setup violations at the end of those stages might be difficult to fix during the post-placement implementation flow and could be the result of non-optimal XDC constraints or non-optimal design architecture
Related violations: <none>

TIMING-16#291 Warning
Large setup violation  
There is a large setup violation of -3.618 ns between game_datapath/game_cu/FSM_onehot_D_game_fsm_q_reg[26]/C (clocked by clk_0) and game_datapath/game_regfiles/D_current_player_q_reg[24]/D (clocked by clk_0). Large setup violations at the end of those stages might be difficult to fix during the post-placement implementation flow and could be the result of non-optimal XDC constraints or non-optimal design architecture
Related violations: <none>

TIMING-16#292 Warning
Large setup violation  
There is a large setup violation of -3.618 ns between game_datapath/game_cu/FSM_onehot_D_game_fsm_q_reg[26]/C (clocked by clk_0) and game_datapath/game_regfiles/D_user_input_q_reg[23]/D (clocked by clk_0). Large setup violations at the end of those stages might be difficult to fix during the post-placement implementation flow and could be the result of non-optimal XDC constraints or non-optimal design architecture
Related violations: <none>

TIMING-16#293 Warning
Large setup violation  
There is a large setup violation of -3.621 ns between game_datapath/game_cu/FSM_onehot_D_game_fsm_q_reg[26]/C (clocked by clk_0) and game_datapath/game_regfiles/D_boolean_q_reg[23]/D (clocked by clk_0). Large setup violations at the end of those stages might be difficult to fix during the post-placement implementation flow and could be the result of non-optimal XDC constraints or non-optimal design architecture
Related violations: <none>

TIMING-16#294 Warning
Large setup violation  
There is a large setup violation of -3.622 ns between game_datapath/game_cu/FSM_onehot_D_game_fsm_q_reg[26]/C (clocked by clk_0) and game_datapath/game_regfiles/D_game_state_q_reg[20]/D (clocked by clk_0). Large setup violations at the end of those stages might be difficult to fix during the post-placement implementation flow and could be the result of non-optimal XDC constraints or non-optimal design architecture
Related violations: <none>

TIMING-16#295 Warning
Large setup violation  
There is a large setup violation of -3.623 ns between game_datapath/game_cu/FSM_onehot_D_game_fsm_q_reg[26]/C (clocked by clk_0) and game_datapath/game_regfiles/D_difficulty_q_reg[23]/D (clocked by clk_0). Large setup violations at the end of those stages might be difficult to fix during the post-placement implementation flow and could be the result of non-optimal XDC constraints or non-optimal design architecture
Related violations: <none>

TIMING-16#296 Warning
Large setup violation  
There is a large setup violation of -3.628 ns between game_datapath/game_cu/FSM_onehot_D_game_fsm_q_reg[26]/C (clocked by clk_0) and game_datapath/game_regfiles/D_password_q_reg[22]/D (clocked by clk_0). Large setup violations at the end of those stages might be difficult to fix during the post-placement implementation flow and could be the result of non-optimal XDC constraints or non-optimal design architecture
Related violations: <none>

TIMING-16#297 Warning
Large setup violation  
There is a large setup violation of -3.633 ns between game_datapath/game_cu/FSM_onehot_D_game_fsm_q_reg[26]/C (clocked by clk_0) and game_datapath/game_regfiles/D_user_input_q_reg[24]/D (clocked by clk_0). Large setup violations at the end of those stages might be difficult to fix during the post-placement implementation flow and could be the result of non-optimal XDC constraints or non-optimal design architecture
Related violations: <none>

TIMING-16#298 Warning
Large setup violation  
There is a large setup violation of -3.639 ns between game_datapath/game_cu/FSM_onehot_D_game_fsm_q_reg[26]/C (clocked by clk_0) and game_datapath/game_regfiles/D_current_player_q_reg[20]/D (clocked by clk_0). Large setup violations at the end of those stages might be difficult to fix during the post-placement implementation flow and could be the result of non-optimal XDC constraints or non-optimal design architecture
Related violations: <none>

TIMING-16#299 Warning
Large setup violation  
There is a large setup violation of -3.640 ns between game_datapath/game_cu/FSM_onehot_D_game_fsm_q_reg[26]/C (clocked by clk_0) and game_datapath/game_regfiles/D_attempts_q_reg[23]/D (clocked by clk_0). Large setup violations at the end of those stages might be difficult to fix during the post-placement implementation flow and could be the result of non-optimal XDC constraints or non-optimal design architecture
Related violations: <none>

TIMING-16#300 Warning
Large setup violation  
There is a large setup violation of -3.640 ns between game_datapath/game_cu/FSM_onehot_D_game_fsm_q_reg[26]/C (clocked by clk_0) and game_datapath/game_regfiles/D_difficulty_q_reg[20]/D (clocked by clk_0). Large setup violations at the end of those stages might be difficult to fix during the post-placement implementation flow and could be the result of non-optimal XDC constraints or non-optimal design architecture
Related violations: <none>

TIMING-16#301 Warning
Large setup violation  
There is a large setup violation of -3.640 ns between game_datapath/game_cu/FSM_onehot_D_game_fsm_q_reg[26]/C (clocked by clk_0) and game_datapath/game_regfiles/D_password_q_reg[23]/D (clocked by clk_0). Large setup violations at the end of those stages might be difficult to fix during the post-placement implementation flow and could be the result of non-optimal XDC constraints or non-optimal design architecture
Related violations: <none>

TIMING-16#302 Warning
Large setup violation  
There is a large setup violation of -3.642 ns between game_datapath/game_cu/FSM_onehot_D_game_fsm_q_reg[26]/C (clocked by clk_0) and game_datapath/game_regfiles/D_pointer_q_reg[25]/D (clocked by clk_0). Large setup violations at the end of those stages might be difficult to fix during the post-placement implementation flow and could be the result of non-optimal XDC constraints or non-optimal design architecture
Related violations: <none>

TIMING-16#303 Warning
Large setup violation  
There is a large setup violation of -3.647 ns between game_datapath/game_cu/FSM_onehot_D_game_fsm_q_reg[26]/C (clocked by clk_0) and game_datapath/game_regfiles/D_pointer_q_reg[21]/D (clocked by clk_0). Large setup violations at the end of those stages might be difficult to fix during the post-placement implementation flow and could be the result of non-optimal XDC constraints or non-optimal design architecture
Related violations: <none>

TIMING-16#304 Warning
Large setup violation  
There is a large setup violation of -3.650 ns between game_datapath/game_cu/FSM_onehot_D_game_fsm_q_reg[26]/C (clocked by clk_0) and game_datapath/game_regfiles/D_current_player_q_reg[25]/D (clocked by clk_0). Large setup violations at the end of those stages might be difficult to fix during the post-placement implementation flow and could be the result of non-optimal XDC constraints or non-optimal design architecture
Related violations: <none>

TIMING-16#305 Warning
Large setup violation  
There is a large setup violation of -3.650 ns between game_datapath/game_cu/FSM_onehot_D_game_fsm_q_reg[26]/C (clocked by clk_0) and game_datapath/game_regfiles/D_difficulty_q_reg[28]/D (clocked by clk_0). Large setup violations at the end of those stages might be difficult to fix during the post-placement implementation flow and could be the result of non-optimal XDC constraints or non-optimal design architecture
Related violations: <none>

TIMING-16#306 Warning
Large setup violation  
There is a large setup violation of -3.650 ns between game_datapath/game_cu/FSM_onehot_D_game_fsm_q_reg[26]/C (clocked by clk_0) and game_datapath/game_regfiles/D_password_q_reg[30]/D (clocked by clk_0). Large setup violations at the end of those stages might be difficult to fix during the post-placement implementation flow and could be the result of non-optimal XDC constraints or non-optimal design architecture
Related violations: <none>

TIMING-16#307 Warning
Large setup violation  
There is a large setup violation of -3.653 ns between game_datapath/game_cu/FSM_onehot_D_game_fsm_q_reg[26]/C (clocked by clk_0) and game_datapath/game_regfiles/D_boolean_q_reg[24]/D (clocked by clk_0). Large setup violations at the end of those stages might be difficult to fix during the post-placement implementation flow and could be the result of non-optimal XDC constraints or non-optimal design architecture
Related violations: <none>

TIMING-16#308 Warning
Large setup violation  
There is a large setup violation of -3.654 ns between game_datapath/game_cu/FSM_onehot_D_game_fsm_q_reg[26]/C (clocked by clk_0) and game_datapath/game_regfiles/D_current_round_q_reg[24]/D (clocked by clk_0). Large setup violations at the end of those stages might be difficult to fix during the post-placement implementation flow and could be the result of non-optimal XDC constraints or non-optimal design architecture
Related violations: <none>

TIMING-16#309 Warning
Large setup violation  
There is a large setup violation of -3.654 ns between game_datapath/game_cu/FSM_onehot_D_game_fsm_q_reg[26]/C (clocked by clk_0) and game_datapath/game_regfiles/D_game_state_q_reg[24]/D (clocked by clk_0). Large setup violations at the end of those stages might be difficult to fix during the post-placement implementation flow and could be the result of non-optimal XDC constraints or non-optimal design architecture
Related violations: <none>

TIMING-16#310 Warning
Large setup violation  
There is a large setup violation of -3.657 ns between game_datapath/game_cu/FSM_onehot_D_game_fsm_q_reg[26]/C (clocked by clk_0) and game_datapath/game_regfiles/D_timer_q_reg[23]/D (clocked by clk_0). Large setup violations at the end of those stages might be difficult to fix during the post-placement implementation flow and could be the result of non-optimal XDC constraints or non-optimal design architecture
Related violations: <none>

TIMING-16#311 Warning
Large setup violation  
There is a large setup violation of -3.658 ns between game_datapath/game_cu/FSM_onehot_D_game_fsm_q_reg[26]/C (clocked by clk_0) and game_datapath/game_regfiles/D_filtered_password_q_reg[25]/D (clocked by clk_0). Large setup violations at the end of those stages might be difficult to fix during the post-placement implementation flow and could be the result of non-optimal XDC constraints or non-optimal design architecture
Related violations: <none>

TIMING-16#312 Warning
Large setup violation  
There is a large setup violation of -3.658 ns between game_datapath/game_cu/FSM_onehot_D_game_fsm_q_reg[26]/C (clocked by clk_0) and game_datapath/game_regfiles/D_user_input_q_reg[20]/D (clocked by clk_0). Large setup violations at the end of those stages might be difficult to fix during the post-placement implementation flow and could be the result of non-optimal XDC constraints or non-optimal design architecture
Related violations: <none>

TIMING-16#313 Warning
Large setup violation  
There is a large setup violation of -3.660 ns between game_datapath/game_cu/FSM_onehot_D_game_fsm_q_reg[26]/C (clocked by clk_0) and game_datapath/game_regfiles/D_attempts_q_reg[24]/D (clocked by clk_0). Large setup violations at the end of those stages might be difficult to fix during the post-placement implementation flow and could be the result of non-optimal XDC constraints or non-optimal design architecture
Related violations: <none>

TIMING-16#314 Warning
Large setup violation  
There is a large setup violation of -3.660 ns between game_datapath/game_cu/FSM_onehot_D_game_fsm_q_reg[26]/C (clocked by clk_0) and game_datapath/game_regfiles/D_difficulty_q_reg[24]/D (clocked by clk_0). Large setup violations at the end of those stages might be difficult to fix during the post-placement implementation flow and could be the result of non-optimal XDC constraints or non-optimal design architecture
Related violations: <none>

TIMING-16#315 Warning
Large setup violation  
There is a large setup violation of -3.675 ns between game_datapath/game_cu/FSM_onehot_D_game_fsm_q_reg[26]/C (clocked by clk_0) and game_datapath/game_regfiles/D_current_player_q_reg[19]/D (clocked by clk_0). Large setup violations at the end of those stages might be difficult to fix during the post-placement implementation flow and could be the result of non-optimal XDC constraints or non-optimal design architecture
Related violations: <none>

TIMING-16#316 Warning
Large setup violation  
There is a large setup violation of -3.675 ns between game_datapath/game_cu/FSM_onehot_D_game_fsm_q_reg[26]/C (clocked by clk_0) and game_datapath/game_regfiles/D_timer_q_reg[19]/D (clocked by clk_0). Large setup violations at the end of those stages might be difficult to fix during the post-placement implementation flow and could be the result of non-optimal XDC constraints or non-optimal design architecture
Related violations: <none>

TIMING-16#317 Warning
Large setup violation  
There is a large setup violation of -3.675 ns between game_datapath/game_cu/FSM_onehot_D_game_fsm_q_reg[26]/C (clocked by clk_0) and game_datapath/game_regfiles/D_user_input_q_reg[19]/D (clocked by clk_0). Large setup violations at the end of those stages might be difficult to fix during the post-placement implementation flow and could be the result of non-optimal XDC constraints or non-optimal design architecture
Related violations: <none>

TIMING-16#318 Warning
Large setup violation  
There is a large setup violation of -3.676 ns between game_datapath/game_cu/FSM_onehot_D_game_fsm_q_reg[26]/C (clocked by clk_0) and game_datapath/game_regfiles/D_pointer_q_reg[19]/D (clocked by clk_0). Large setup violations at the end of those stages might be difficult to fix during the post-placement implementation flow and could be the result of non-optimal XDC constraints or non-optimal design architecture
Related violations: <none>

TIMING-16#319 Warning
Large setup violation  
There is a large setup violation of -3.677 ns between game_datapath/game_cu/FSM_onehot_D_game_fsm_q_reg[26]/C (clocked by clk_0) and game_datapath/game_regfiles/D_pointer_q_reg[28]/D (clocked by clk_0). Large setup violations at the end of those stages might be difficult to fix during the post-placement implementation flow and could be the result of non-optimal XDC constraints or non-optimal design architecture
Related violations: <none>

TIMING-16#320 Warning
Large setup violation  
There is a large setup violation of -3.681 ns between game_datapath/game_cu/FSM_onehot_D_game_fsm_q_reg[26]/C (clocked by clk_0) and game_datapath/game_regfiles/D_current_button_light_q_reg[22]/D (clocked by clk_0). Large setup violations at the end of those stages might be difficult to fix during the post-placement implementation flow and could be the result of non-optimal XDC constraints or non-optimal design architecture
Related violations: <none>

TIMING-16#321 Warning
Large setup violation  
There is a large setup violation of -3.682 ns between game_datapath/game_cu/FSM_onehot_D_game_fsm_q_reg[26]/C (clocked by clk_0) and game_datapath/game_regfiles/D_current_round_q_reg[22]/D (clocked by clk_0). Large setup violations at the end of those stages might be difficult to fix during the post-placement implementation flow and could be the result of non-optimal XDC constraints or non-optimal design architecture
Related violations: <none>

TIMING-16#322 Warning
Large setup violation  
There is a large setup violation of -3.684 ns between game_datapath/game_cu/FSM_onehot_D_game_fsm_q_reg[26]/C (clocked by clk_0) and game_datapath/game_regfiles/D_difficulty_q_reg[18]/D (clocked by clk_0). Large setup violations at the end of those stages might be difficult to fix during the post-placement implementation flow and could be the result of non-optimal XDC constraints or non-optimal design architecture
Related violations: <none>

TIMING-16#323 Warning
Large setup violation  
There is a large setup violation of -3.686 ns between game_datapath/game_cu/FSM_onehot_D_game_fsm_q_reg[26]/C (clocked by clk_0) and game_datapath/game_regfiles/D_boolean_q_reg[31]/D (clocked by clk_0). Large setup violations at the end of those stages might be difficult to fix during the post-placement implementation flow and could be the result of non-optimal XDC constraints or non-optimal design architecture
Related violations: <none>

TIMING-16#324 Warning
Large setup violation  
There is a large setup violation of -3.686 ns between game_datapath/game_cu/FSM_onehot_D_game_fsm_q_reg[26]/C (clocked by clk_0) and game_datapath/game_regfiles/D_current_round_q_reg[25]/D (clocked by clk_0). Large setup violations at the end of those stages might be difficult to fix during the post-placement implementation flow and could be the result of non-optimal XDC constraints or non-optimal design architecture
Related violations: <none>

TIMING-16#325 Warning
Large setup violation  
There is a large setup violation of -3.689 ns between game_datapath/game_cu/FSM_onehot_D_game_fsm_q_reg[26]/C (clocked by clk_0) and game_datapath/game_regfiles/D_current_round_q_reg[27]/D (clocked by clk_0). Large setup violations at the end of those stages might be difficult to fix during the post-placement implementation flow and could be the result of non-optimal XDC constraints or non-optimal design architecture
Related violations: <none>

TIMING-16#326 Warning
Large setup violation  
There is a large setup violation of -3.701 ns between game_datapath/game_cu/FSM_onehot_D_game_fsm_q_reg[26]/C (clocked by clk_0) and game_datapath/game_regfiles/D_timer_q_reg[31]/D (clocked by clk_0). Large setup violations at the end of those stages might be difficult to fix during the post-placement implementation flow and could be the result of non-optimal XDC constraints or non-optimal design architecture
Related violations: <none>

TIMING-16#327 Warning
Large setup violation  
There is a large setup violation of -3.702 ns between game_datapath/game_cu/FSM_onehot_D_game_fsm_q_reg[26]/C (clocked by clk_0) and game_datapath/game_regfiles/D_current_round_q_reg[19]/D (clocked by clk_0). Large setup violations at the end of those stages might be difficult to fix during the post-placement implementation flow and could be the result of non-optimal XDC constraints or non-optimal design architecture
Related violations: <none>

TIMING-16#328 Warning
Large setup violation  
There is a large setup violation of -3.703 ns between game_datapath/game_cu/FSM_onehot_D_game_fsm_q_reg[26]/C (clocked by clk_0) and game_datapath/game_regfiles/D_boolean_q_reg[19]/D (clocked by clk_0). Large setup violations at the end of those stages might be difficult to fix during the post-placement implementation flow and could be the result of non-optimal XDC constraints or non-optimal design architecture
Related violations: <none>

TIMING-16#329 Warning
Large setup violation  
There is a large setup violation of -3.707 ns between game_datapath/game_cu/FSM_onehot_D_game_fsm_q_reg[26]/C (clocked by clk_0) and game_datapath/game_regfiles/D_user_input_q_reg[18]/D (clocked by clk_0). Large setup violations at the end of those stages might be difficult to fix during the post-placement implementation flow and could be the result of non-optimal XDC constraints or non-optimal design architecture
Related violations: <none>

TIMING-16#330 Warning
Large setup violation  
There is a large setup violation of -3.710 ns between game_datapath/game_cu/FSM_onehot_D_game_fsm_q_reg[26]/C (clocked by clk_0) and game_datapath/game_regfiles/D_difficulty_q_reg[22]/D (clocked by clk_0). Large setup violations at the end of those stages might be difficult to fix during the post-placement implementation flow and could be the result of non-optimal XDC constraints or non-optimal design architecture
Related violations: <none>

TIMING-16#331 Warning
Large setup violation  
There is a large setup violation of -3.711 ns between game_datapath/game_cu/FSM_onehot_D_game_fsm_q_reg[26]/C (clocked by clk_0) and game_datapath/game_regfiles/D_boolean_q_reg[30]/D (clocked by clk_0). Large setup violations at the end of those stages might be difficult to fix during the post-placement implementation flow and could be the result of non-optimal XDC constraints or non-optimal design architecture
Related violations: <none>

TIMING-16#332 Warning
Large setup violation  
There is a large setup violation of -3.716 ns between game_datapath/game_cu/FSM_onehot_D_game_fsm_q_reg[26]/C (clocked by clk_0) and game_datapath/game_regfiles/D_timer_q_reg[27]/D (clocked by clk_0). Large setup violations at the end of those stages might be difficult to fix during the post-placement implementation flow and could be the result of non-optimal XDC constraints or non-optimal design architecture
Related violations: <none>

TIMING-16#333 Warning
Large setup violation  
There is a large setup violation of -3.721 ns between game_datapath/game_cu/FSM_onehot_D_game_fsm_q_reg[26]/C (clocked by clk_0) and game_datapath/game_regfiles/D_attempts_q_reg[30]/D (clocked by clk_0). Large setup violations at the end of those stages might be difficult to fix during the post-placement implementation flow and could be the result of non-optimal XDC constraints or non-optimal design architecture
Related violations: <none>

TIMING-16#334 Warning
Large setup violation  
There is a large setup violation of -3.721 ns between game_datapath/game_cu/FSM_onehot_D_game_fsm_q_reg[26]/C (clocked by clk_0) and game_datapath/game_regfiles/D_boolean_q_reg[18]/D (clocked by clk_0). Large setup violations at the end of those stages might be difficult to fix during the post-placement implementation flow and could be the result of non-optimal XDC constraints or non-optimal design architecture
Related violations: <none>

TIMING-16#335 Warning
Large setup violation  
There is a large setup violation of -3.721 ns between game_datapath/game_cu/FSM_onehot_D_game_fsm_q_reg[26]/C (clocked by clk_0) and game_datapath/game_regfiles/D_current_player_q_reg[27]/D (clocked by clk_0). Large setup violations at the end of those stages might be difficult to fix during the post-placement implementation flow and could be the result of non-optimal XDC constraints or non-optimal design architecture
Related violations: <none>

TIMING-16#336 Warning
Large setup violation  
There is a large setup violation of -3.722 ns between game_datapath/game_cu/FSM_onehot_D_game_fsm_q_reg[26]/C (clocked by clk_0) and game_datapath/game_regfiles/D_current_round_q_reg[30]/D (clocked by clk_0). Large setup violations at the end of those stages might be difficult to fix during the post-placement implementation flow and could be the result of non-optimal XDC constraints or non-optimal design architecture
Related violations: <none>

TIMING-16#337 Warning
Large setup violation  
There is a large setup violation of -3.727 ns between game_datapath/game_cu/FSM_onehot_D_game_fsm_q_reg[26]/C (clocked by clk_0) and game_datapath/game_regfiles/D_filtered_password_q_reg[29]/D (clocked by clk_0). Large setup violations at the end of those stages might be difficult to fix during the post-placement implementation flow and could be the result of non-optimal XDC constraints or non-optimal design architecture
Related violations: <none>

TIMING-16#338 Warning
Large setup violation  
There is a large setup violation of -3.730 ns between game_datapath/game_cu/FSM_onehot_D_game_fsm_q_reg[26]/C (clocked by clk_0) and game_datapath/game_regfiles/D_attempts_q_reg[27]/D (clocked by clk_0). Large setup violations at the end of those stages might be difficult to fix during the post-placement implementation flow and could be the result of non-optimal XDC constraints or non-optimal design architecture
Related violations: <none>

TIMING-16#339 Warning
Large setup violation  
There is a large setup violation of -3.732 ns between game_datapath/game_cu/FSM_onehot_D_game_fsm_q_reg[26]/C (clocked by clk_0) and game_datapath/game_regfiles/D_pointer_q_reg[27]/D (clocked by clk_0). Large setup violations at the end of those stages might be difficult to fix during the post-placement implementation flow and could be the result of non-optimal XDC constraints or non-optimal design architecture
Related violations: <none>

TIMING-16#340 Warning
Large setup violation  
There is a large setup violation of -3.733 ns between game_datapath/game_cu/FSM_onehot_D_game_fsm_q_reg[26]/C (clocked by clk_0) and game_datapath/game_regfiles/D_attempts_q_reg[19]/D (clocked by clk_0). Large setup violations at the end of those stages might be difficult to fix during the post-placement implementation flow and could be the result of non-optimal XDC constraints or non-optimal design architecture
Related violations: <none>

TIMING-16#341 Warning
Large setup violation  
There is a large setup violation of -3.733 ns between game_datapath/game_cu/FSM_onehot_D_game_fsm_q_reg[26]/C (clocked by clk_0) and game_datapath/game_regfiles/D_difficulty_q_reg[27]/D (clocked by clk_0). Large setup violations at the end of those stages might be difficult to fix during the post-placement implementation flow and could be the result of non-optimal XDC constraints or non-optimal design architecture
Related violations: <none>

TIMING-16#342 Warning
Large setup violation  
There is a large setup violation of -3.733 ns between game_datapath/game_cu/FSM_onehot_D_game_fsm_q_reg[26]/C (clocked by clk_0) and game_datapath/game_regfiles/D_password_q_reg[27]/D (clocked by clk_0). Large setup violations at the end of those stages might be difficult to fix during the post-placement implementation flow and could be the result of non-optimal XDC constraints or non-optimal design architecture
Related violations: <none>

TIMING-16#343 Warning
Large setup violation  
There is a large setup violation of -3.733 ns between game_datapath/game_cu/FSM_onehot_D_game_fsm_q_reg[26]/C (clocked by clk_0) and game_datapath/game_regfiles/D_timer_q_reg[29]/D (clocked by clk_0). Large setup violations at the end of those stages might be difficult to fix during the post-placement implementation flow and could be the result of non-optimal XDC constraints or non-optimal design architecture
Related violations: <none>

TIMING-16#344 Warning
Large setup violation  
There is a large setup violation of -3.734 ns between game_datapath/game_cu/FSM_onehot_D_game_fsm_q_reg[26]/C (clocked by clk_0) and game_datapath/game_regfiles/D_current_round_q_reg[18]/D (clocked by clk_0). Large setup violations at the end of those stages might be difficult to fix during the post-placement implementation flow and could be the result of non-optimal XDC constraints or non-optimal design architecture
Related violations: <none>

TIMING-16#345 Warning
Large setup violation  
There is a large setup violation of -3.741 ns between game_datapath/game_cu/FSM_onehot_D_game_fsm_q_reg[26]/C (clocked by clk_0) and game_datapath/game_regfiles/D_filtered_password_q_reg[19]/D (clocked by clk_0). Large setup violations at the end of those stages might be difficult to fix during the post-placement implementation flow and could be the result of non-optimal XDC constraints or non-optimal design architecture
Related violations: <none>

TIMING-16#346 Warning
Large setup violation  
There is a large setup violation of -3.741 ns between game_datapath/game_cu/FSM_onehot_D_game_fsm_q_reg[26]/C (clocked by clk_0) and game_datapath/game_regfiles/D_user_input_q_reg[21]/D (clocked by clk_0). Large setup violations at the end of those stages might be difficult to fix during the post-placement implementation flow and could be the result of non-optimal XDC constraints or non-optimal design architecture
Related violations: <none>

TIMING-16#347 Warning
Large setup violation  
There is a large setup violation of -3.743 ns between game_datapath/game_cu/FSM_onehot_D_game_fsm_q_reg[26]/C (clocked by clk_0) and game_datapath/game_regfiles/D_pointer_q_reg[29]/D (clocked by clk_0). Large setup violations at the end of those stages might be difficult to fix during the post-placement implementation flow and could be the result of non-optimal XDC constraints or non-optimal design architecture
Related violations: <none>

TIMING-16#348 Warning
Large setup violation  
There is a large setup violation of -3.746 ns between game_datapath/game_cu/FSM_onehot_D_game_fsm_q_reg[26]/C (clocked by clk_0) and game_datapath/game_regfiles/D_game_state_q_reg[19]/D (clocked by clk_0). Large setup violations at the end of those stages might be difficult to fix during the post-placement implementation flow and could be the result of non-optimal XDC constraints or non-optimal design architecture
Related violations: <none>

TIMING-16#349 Warning
Large setup violation  
There is a large setup violation of -3.749 ns between game_datapath/game_cu/FSM_onehot_D_game_fsm_q_reg[26]/C (clocked by clk_0) and game_datapath/game_regfiles/D_current_button_light_q_reg[24]/D (clocked by clk_0). Large setup violations at the end of those stages might be difficult to fix during the post-placement implementation flow and could be the result of non-optimal XDC constraints or non-optimal design architecture
Related violations: <none>

TIMING-16#350 Warning
Large setup violation  
There is a large setup violation of -3.758 ns between game_datapath/game_cu/FSM_onehot_D_game_fsm_q_reg[26]/C (clocked by clk_0) and game_datapath/game_regfiles/D_password_q_reg[31]/D (clocked by clk_0). Large setup violations at the end of those stages might be difficult to fix during the post-placement implementation flow and could be the result of non-optimal XDC constraints or non-optimal design architecture
Related violations: <none>

TIMING-16#351 Warning
Large setup violation  
There is a large setup violation of -3.760 ns between game_datapath/game_cu/FSM_onehot_D_game_fsm_q_reg[26]/C (clocked by clk_0) and game_datapath/game_regfiles/D_timer_q_reg[24]/D (clocked by clk_0). Large setup violations at the end of those stages might be difficult to fix during the post-placement implementation flow and could be the result of non-optimal XDC constraints or non-optimal design architecture
Related violations: <none>

TIMING-16#352 Warning
Large setup violation  
There is a large setup violation of -3.762 ns between game_datapath/game_cu/FSM_onehot_D_game_fsm_q_reg[26]/C (clocked by clk_0) and game_datapath/game_regfiles/D_current_button_light_q_reg[20]/D (clocked by clk_0). Large setup violations at the end of those stages might be difficult to fix during the post-placement implementation flow and could be the result of non-optimal XDC constraints or non-optimal design architecture
Related violations: <none>

TIMING-16#353 Warning
Large setup violation  
There is a large setup violation of -3.762 ns between game_datapath/game_cu/FSM_onehot_D_game_fsm_q_reg[26]/C (clocked by clk_0) and game_datapath/game_regfiles/D_password_q_reg[21]/D (clocked by clk_0). Large setup violations at the end of those stages might be difficult to fix during the post-placement implementation flow and could be the result of non-optimal XDC constraints or non-optimal design architecture
Related violations: <none>

TIMING-16#354 Warning
Large setup violation  
There is a large setup violation of -3.763 ns between game_datapath/game_cu/FSM_onehot_D_game_fsm_q_reg[26]/C (clocked by clk_0) and game_datapath/game_regfiles/D_boolean_q_reg[21]/D (clocked by clk_0). Large setup violations at the end of those stages might be difficult to fix during the post-placement implementation flow and could be the result of non-optimal XDC constraints or non-optimal design architecture
Related violations: <none>

TIMING-16#355 Warning
Large setup violation  
There is a large setup violation of -3.763 ns between game_datapath/game_cu/FSM_onehot_D_game_fsm_q_reg[26]/C (clocked by clk_0) and game_datapath/game_regfiles/D_filtered_password_q_reg[31]/D (clocked by clk_0). Large setup violations at the end of those stages might be difficult to fix during the post-placement implementation flow and could be the result of non-optimal XDC constraints or non-optimal design architecture
Related violations: <none>

TIMING-16#356 Warning
Large setup violation  
There is a large setup violation of -3.764 ns between game_datapath/game_cu/FSM_onehot_D_game_fsm_q_reg[26]/C (clocked by clk_0) and game_datapath/game_regfiles/D_filtered_password_q_reg[21]/D (clocked by clk_0). Large setup violations at the end of those stages might be difficult to fix during the post-placement implementation flow and could be the result of non-optimal XDC constraints or non-optimal design architecture
Related violations: <none>

TIMING-16#357 Warning
Large setup violation  
There is a large setup violation of -3.765 ns between game_datapath/game_cu/FSM_onehot_D_game_fsm_q_reg[26]/C (clocked by clk_0) and game_datapath/game_regfiles/D_timer_q_reg[21]/D (clocked by clk_0). Large setup violations at the end of those stages might be difficult to fix during the post-placement implementation flow and could be the result of non-optimal XDC constraints or non-optimal design architecture
Related violations: <none>

TIMING-16#358 Warning
Large setup violation  
There is a large setup violation of -3.774 ns between game_datapath/game_cu/FSM_onehot_D_game_fsm_q_reg[26]/C (clocked by clk_0) and game_datapath/game_regfiles/D_current_round_q_reg[21]/D (clocked by clk_0). Large setup violations at the end of those stages might be difficult to fix during the post-placement implementation flow and could be the result of non-optimal XDC constraints or non-optimal design architecture
Related violations: <none>

TIMING-16#359 Warning
Large setup violation  
There is a large setup violation of -3.774 ns between game_datapath/game_cu/FSM_onehot_D_game_fsm_q_reg[26]/C (clocked by clk_0) and game_datapath/game_regfiles/D_game_state_q_reg[21]/D (clocked by clk_0). Large setup violations at the end of those stages might be difficult to fix during the post-placement implementation flow and could be the result of non-optimal XDC constraints or non-optimal design architecture
Related violations: <none>

TIMING-16#360 Warning
Large setup violation  
There is a large setup violation of -3.776 ns between game_datapath/game_cu/FSM_onehot_D_game_fsm_q_reg[26]/C (clocked by clk_0) and game_datapath/game_regfiles/D_current_button_light_q_reg[21]/D (clocked by clk_0). Large setup violations at the end of those stages might be difficult to fix during the post-placement implementation flow and could be the result of non-optimal XDC constraints or non-optimal design architecture
Related violations: <none>

TIMING-16#361 Warning
Large setup violation  
There is a large setup violation of -3.781 ns between game_datapath/game_cu/FSM_onehot_D_game_fsm_q_reg[26]/C (clocked by clk_0) and game_datapath/game_regfiles/D_current_player_q_reg[21]/D (clocked by clk_0). Large setup violations at the end of those stages might be difficult to fix during the post-placement implementation flow and could be the result of non-optimal XDC constraints or non-optimal design architecture
Related violations: <none>

TIMING-16#362 Warning
Large setup violation  
There is a large setup violation of -3.786 ns between game_datapath/game_cu/FSM_onehot_D_game_fsm_q_reg[26]/C (clocked by clk_0) and game_datapath/game_regfiles/D_difficulty_q_reg[21]/D (clocked by clk_0). Large setup violations at the end of those stages might be difficult to fix during the post-placement implementation flow and could be the result of non-optimal XDC constraints or non-optimal design architecture
Related violations: <none>

TIMING-16#363 Warning
Large setup violation  
There is a large setup violation of -3.789 ns between game_datapath/game_cu/FSM_onehot_D_game_fsm_q_reg[26]/C (clocked by clk_0) and game_datapath/game_regfiles/D_filtered_password_q_reg[20]/D (clocked by clk_0). Large setup violations at the end of those stages might be difficult to fix during the post-placement implementation flow and could be the result of non-optimal XDC constraints or non-optimal design architecture
Related violations: <none>

TIMING-16#364 Warning
Large setup violation  
There is a large setup violation of -3.790 ns between game_datapath/game_cu/FSM_onehot_D_game_fsm_q_reg[26]/C (clocked by clk_0) and game_datapath/game_regfiles/D_user_input_q_reg[31]/D (clocked by clk_0). Large setup violations at the end of those stages might be difficult to fix during the post-placement implementation flow and could be the result of non-optimal XDC constraints or non-optimal design architecture
Related violations: <none>

TIMING-16#365 Warning
Large setup violation  
There is a large setup violation of -3.808 ns between game_datapath/game_cu/FSM_onehot_D_game_fsm_q_reg[26]/C (clocked by clk_0) and game_datapath/game_regfiles/D_current_player_q_reg[23]/D (clocked by clk_0). Large setup violations at the end of those stages might be difficult to fix during the post-placement implementation flow and could be the result of non-optimal XDC constraints or non-optimal design architecture
Related violations: <none>

TIMING-16#366 Warning
Large setup violation  
There is a large setup violation of -3.815 ns between game_datapath/game_cu/FSM_onehot_D_game_fsm_q_reg[26]/C (clocked by clk_0) and game_datapath/game_regfiles/D_password_q_reg[19]/D (clocked by clk_0). Large setup violations at the end of those stages might be difficult to fix during the post-placement implementation flow and could be the result of non-optimal XDC constraints or non-optimal design architecture
Related violations: <none>

TIMING-16#367 Warning
Large setup violation  
There is a large setup violation of -3.823 ns between game_datapath/game_cu/FSM_onehot_D_game_fsm_q_reg[26]/C (clocked by clk_0) and game_datapath/game_regfiles/D_pointer_q_reg[31]/D (clocked by clk_0). Large setup violations at the end of those stages might be difficult to fix during the post-placement implementation flow and could be the result of non-optimal XDC constraints or non-optimal design architecture
Related violations: <none>

TIMING-16#368 Warning
Large setup violation  
There is a large setup violation of -3.833 ns between game_datapath/game_cu/FSM_onehot_D_game_fsm_q_reg[26]/C (clocked by clk_0) and game_datapath/game_regfiles/D_current_button_light_q_reg[19]/D (clocked by clk_0). Large setup violations at the end of those stages might be difficult to fix during the post-placement implementation flow and could be the result of non-optimal XDC constraints or non-optimal design architecture
Related violations: <none>

TIMING-16#369 Warning
Large setup violation  
There is a large setup violation of -3.841 ns between game_datapath/game_cu/FSM_onehot_D_game_fsm_q_reg[26]/C (clocked by clk_0) and game_datapath/game_regfiles/D_difficulty_q_reg[19]/D (clocked by clk_0). Large setup violations at the end of those stages might be difficult to fix during the post-placement implementation flow and could be the result of non-optimal XDC constraints or non-optimal design architecture
Related violations: <none>

TIMING-16#370 Warning
Large setup violation  
There is a large setup violation of -3.846 ns between game_datapath/game_cu/FSM_onehot_D_game_fsm_q_reg[26]/C (clocked by clk_0) and game_datapath/game_regfiles/D_filtered_password_q_reg[27]/D (clocked by clk_0). Large setup violations at the end of those stages might be difficult to fix during the post-placement implementation flow and could be the result of non-optimal XDC constraints or non-optimal design architecture
Related violations: <none>

TIMING-16#371 Warning
Large setup violation  
There is a large setup violation of -3.848 ns between game_datapath/game_cu/FSM_onehot_D_game_fsm_q_reg[26]/C (clocked by clk_0) and game_datapath/game_regfiles/D_current_button_light_q_reg[27]/D (clocked by clk_0). Large setup violations at the end of those stages might be difficult to fix during the post-placement implementation flow and could be the result of non-optimal XDC constraints or non-optimal design architecture
Related violations: <none>

TIMING-16#372 Warning
Large setup violation  
There is a large setup violation of -3.851 ns between game_datapath/game_cu/FSM_onehot_D_game_fsm_q_reg[26]/C (clocked by clk_0) and game_datapath/game_regfiles/D_password_q_reg[24]/D (clocked by clk_0). Large setup violations at the end of those stages might be difficult to fix during the post-placement implementation flow and could be the result of non-optimal XDC constraints or non-optimal design architecture
Related violations: <none>

TIMING-16#373 Warning
Large setup violation  
There is a large setup violation of -3.851 ns between game_datapath/game_cu/FSM_onehot_D_game_fsm_q_reg[26]/C (clocked by clk_0) and game_datapath/game_regfiles/D_pointer_q_reg[30]/D (clocked by clk_0). Large setup violations at the end of those stages might be difficult to fix during the post-placement implementation flow and could be the result of non-optimal XDC constraints or non-optimal design architecture
Related violations: <none>

TIMING-16#374 Warning
Large setup violation  
There is a large setup violation of -3.865 ns between game_datapath/game_cu/FSM_onehot_D_game_fsm_q_reg[26]/C (clocked by clk_0) and game_datapath/game_regfiles/D_current_button_light_q_reg[29]/D (clocked by clk_0). Large setup violations at the end of those stages might be difficult to fix during the post-placement implementation flow and could be the result of non-optimal XDC constraints or non-optimal design architecture
Related violations: <none>

TIMING-16#375 Warning
Large setup violation  
There is a large setup violation of -3.870 ns between game_datapath/game_cu/FSM_onehot_D_game_fsm_q_reg[26]/C (clocked by clk_0) and game_datapath/game_regfiles/D_password_q_reg[29]/D (clocked by clk_0). Large setup violations at the end of those stages might be difficult to fix during the post-placement implementation flow and could be the result of non-optimal XDC constraints or non-optimal design architecture
Related violations: <none>

TIMING-16#376 Warning
Large setup violation  
There is a large setup violation of -3.875 ns between game_datapath/game_cu/FSM_onehot_D_game_fsm_q_reg[26]/C (clocked by clk_0) and game_datapath/game_regfiles/D_boolean_q_reg[27]/D (clocked by clk_0). Large setup violations at the end of those stages might be difficult to fix during the post-placement implementation flow and could be the result of non-optimal XDC constraints or non-optimal design architecture
Related violations: <none>

TIMING-16#377 Warning
Large setup violation  
There is a large setup violation of -3.895 ns between game_datapath/game_cu/FSM_onehot_D_game_fsm_q_reg[26]/C (clocked by clk_0) and game_datapath/game_regfiles/D_current_round_q_reg[31]/D (clocked by clk_0). Large setup violations at the end of those stages might be difficult to fix during the post-placement implementation flow and could be the result of non-optimal XDC constraints or non-optimal design architecture
Related violations: <none>

TIMING-16#378 Warning
Large setup violation  
There is a large setup violation of -3.896 ns between game_datapath/game_cu/FSM_onehot_D_game_fsm_q_reg[26]/C (clocked by clk_0) and game_datapath/game_regfiles/D_boolean_q_reg[29]/D (clocked by clk_0). Large setup violations at the end of those stages might be difficult to fix during the post-placement implementation flow and could be the result of non-optimal XDC constraints or non-optimal design architecture
Related violations: <none>

TIMING-16#379 Warning
Large setup violation  
There is a large setup violation of -3.901 ns between game_datapath/game_cu/FSM_onehot_D_game_fsm_q_reg[26]/C (clocked by clk_0) and game_datapath/game_regfiles/D_attempts_q_reg[21]/D (clocked by clk_0). Large setup violations at the end of those stages might be difficult to fix during the post-placement implementation flow and could be the result of non-optimal XDC constraints or non-optimal design architecture
Related violations: <none>

TIMING-16#380 Warning
Large setup violation  
There is a large setup violation of -3.908 ns between game_datapath/game_cu/FSM_onehot_D_game_fsm_q_reg[26]/C (clocked by clk_0) and game_datapath/game_regfiles/D_difficulty_q_reg[29]/D (clocked by clk_0). Large setup violations at the end of those stages might be difficult to fix during the post-placement implementation flow and could be the result of non-optimal XDC constraints or non-optimal design architecture
Related violations: <none>

TIMING-16#381 Warning
Large setup violation  
There is a large setup violation of -3.920 ns between game_datapath/game_cu/FSM_onehot_D_game_fsm_q_reg[26]/C (clocked by clk_0) and game_datapath/game_regfiles/D_current_player_q_reg[29]/D (clocked by clk_0). Large setup violations at the end of those stages might be difficult to fix during the post-placement implementation flow and could be the result of non-optimal XDC constraints or non-optimal design architecture
Related violations: <none>

TIMING-16#382 Warning
Large setup violation  
There is a large setup violation of -3.923 ns between game_datapath/game_cu/FSM_onehot_D_game_fsm_q_reg[26]/C (clocked by clk_0) and game_datapath/game_regfiles/D_user_input_q_reg[29]/D (clocked by clk_0). Large setup violations at the end of those stages might be difficult to fix during the post-placement implementation flow and could be the result of non-optimal XDC constraints or non-optimal design architecture
Related violations: <none>

TIMING-16#383 Warning
Large setup violation  
There is a large setup violation of -3.925 ns between game_datapath/game_cu/FSM_onehot_D_game_fsm_q_reg[26]/C (clocked by clk_0) and game_datapath/game_regfiles/D_current_button_light_q_reg[31]/D (clocked by clk_0). Large setup violations at the end of those stages might be difficult to fix during the post-placement implementation flow and could be the result of non-optimal XDC constraints or non-optimal design architecture
Related violations: <none>

TIMING-16#384 Warning
Large setup violation  
There is a large setup violation of -3.940 ns between game_datapath/game_cu/FSM_onehot_D_game_fsm_q_reg[26]/C (clocked by clk_0) and game_datapath/game_regfiles/D_current_player_q_reg[31]/D (clocked by clk_0). Large setup violations at the end of those stages might be difficult to fix during the post-placement implementation flow and could be the result of non-optimal XDC constraints or non-optimal design architecture
Related violations: <none>

TIMING-16#385 Warning
Large setup violation  
There is a large setup violation of -3.955 ns between game_datapath/game_cu/FSM_onehot_D_game_fsm_q_reg[26]/C (clocked by clk_0) and game_datapath/game_regfiles/D_attempts_q_reg[31]/D (clocked by clk_0). Large setup violations at the end of those stages might be difficult to fix during the post-placement implementation flow and could be the result of non-optimal XDC constraints or non-optimal design architecture
Related violations: <none>

TIMING-16#386 Warning
Large setup violation  
There is a large setup violation of -3.980 ns between game_datapath/game_cu/FSM_onehot_D_game_fsm_q_reg[26]/C (clocked by clk_0) and game_datapath/game_regfiles/D_difficulty_q_reg[31]/D (clocked by clk_0). Large setup violations at the end of those stages might be difficult to fix during the post-placement implementation flow and could be the result of non-optimal XDC constraints or non-optimal design architecture
Related violations: <none>

TIMING-18#1 Warning
Missing input or output delay  
An input delay is missing on io_dip[0][0] relative to the rising and/or falling clock edge(s) of clk_0.
Related violations: <none>

TIMING-18#2 Warning
Missing input or output delay  
An input delay is missing on io_dip[0][1] relative to the rising and/or falling clock edge(s) of clk_0.
Related violations: <none>

TIMING-18#3 Warning
Missing input or output delay  
An input delay is missing on io_dip[0][2] relative to the rising and/or falling clock edge(s) of clk_0.
Related violations: <none>

TIMING-18#4 Warning
Missing input or output delay  
An input delay is missing on io_dip[0][3] relative to the rising and/or falling clock edge(s) of clk_0.
Related violations: <none>

TIMING-18#5 Warning
Missing input or output delay  
An input delay is missing on io_dip[0][4] relative to the rising and/or falling clock edge(s) of clk_0.
Related violations: <none>

TIMING-18#6 Warning
Missing input or output delay  
An input delay is missing on io_dip[0][5] relative to the rising and/or falling clock edge(s) of clk_0.
Related violations: <none>

TIMING-18#7 Warning
Missing input or output delay  
An input delay is missing on io_dip[0][6] relative to the rising and/or falling clock edge(s) of clk_0.
Related violations: <none>

TIMING-18#8 Warning
Missing input or output delay  
An input delay is missing on io_dip[0][7] relative to the rising and/or falling clock edge(s) of clk_0.
Related violations: <none>

TIMING-18#9 Warning
Missing input or output delay  
An input delay is missing on io_dip[1][0] relative to the rising and/or falling clock edge(s) of clk_0.
Related violations: <none>

TIMING-18#10 Warning
Missing input or output delay  
An input delay is missing on io_dip[1][1] relative to the rising and/or falling clock edge(s) of clk_0.
Related violations: <none>

TIMING-18#11 Warning
Missing input or output delay  
An input delay is missing on io_dip[1][2] relative to the rising and/or falling clock edge(s) of clk_0.
Related violations: <none>

TIMING-18#12 Warning
Missing input or output delay  
An input delay is missing on io_dip[1][3] relative to the rising and/or falling clock edge(s) of clk_0.
Related violations: <none>

TIMING-18#13 Warning
Missing input or output delay  
An input delay is missing on io_dip[1][4] relative to the rising and/or falling clock edge(s) of clk_0.
Related violations: <none>

TIMING-18#14 Warning
Missing input or output delay  
An input delay is missing on io_dip[1][5] relative to the rising and/or falling clock edge(s) of clk_0.
Related violations: <none>

TIMING-18#15 Warning
Missing input or output delay  
An input delay is missing on io_dip[1][6] relative to the rising and/or falling clock edge(s) of clk_0.
Related violations: <none>

TIMING-18#16 Warning
Missing input or output delay  
An input delay is missing on io_dip[1][7] relative to the rising and/or falling clock edge(s) of clk_0.
Related violations: <none>

TIMING-18#17 Warning
Missing input or output delay  
An input delay is missing on io_dip[2][0] relative to the rising and/or falling clock edge(s) of clk_0.
Related violations: <none>

TIMING-18#18 Warning
Missing input or output delay  
An input delay is missing on io_dip[2][1] relative to the rising and/or falling clock edge(s) of clk_0.
Related violations: <none>

TIMING-18#19 Warning
Missing input or output delay  
An input delay is missing on io_dip[2][2] relative to the rising and/or falling clock edge(s) of clk_0.
Related violations: <none>

TIMING-18#20 Warning
Missing input or output delay  
An input delay is missing on io_dip[2][3] relative to the rising and/or falling clock edge(s) of clk_0.
Related violations: <none>

TIMING-18#21 Warning
Missing input or output delay  
An input delay is missing on io_dip[2][4] relative to the rising and/or falling clock edge(s) of clk_0.
Related violations: <none>

TIMING-18#22 Warning
Missing input or output delay  
An input delay is missing on io_dip[2][5] relative to the rising and/or falling clock edge(s) of clk_0.
Related violations: <none>

TIMING-18#23 Warning
Missing input or output delay  
An input delay is missing on io_dip[2][6] relative to the rising and/or falling clock edge(s) of clk_0.
Related violations: <none>

TIMING-18#24 Warning
Missing input or output delay  
An input delay is missing on io_dip[2][7] relative to the rising and/or falling clock edge(s) of clk_0.
Related violations: <none>

TIMING-18#25 Warning
Missing input or output delay  
An input delay is missing on rst_n relative to the rising and/or falling clock edge(s) of clk_0.
Related violations: <none>

TIMING-18#26 Warning
Missing input or output delay  
An output delay is missing on io_led[0][0] relative to the rising and/or falling clock edge(s) of clk_0.
Related violations: <none>

TIMING-18#27 Warning
Missing input or output delay  
An output delay is missing on io_led[0][1] relative to the rising and/or falling clock edge(s) of clk_0.
Related violations: <none>

TIMING-18#28 Warning
Missing input or output delay  
An output delay is missing on io_led[0][2] relative to the rising and/or falling clock edge(s) of clk_0.
Related violations: <none>

TIMING-18#29 Warning
Missing input or output delay  
An output delay is missing on io_led[0][3] relative to the rising and/or falling clock edge(s) of clk_0.
Related violations: <none>

TIMING-18#30 Warning
Missing input or output delay  
An output delay is missing on io_led[0][4] relative to the rising and/or falling clock edge(s) of clk_0.
Related violations: <none>

TIMING-18#31 Warning
Missing input or output delay  
An output delay is missing on io_led[0][5] relative to the rising and/or falling clock edge(s) of clk_0.
Related violations: <none>

TIMING-18#32 Warning
Missing input or output delay  
An output delay is missing on io_led[0][6] relative to the rising and/or falling clock edge(s) of clk_0.
Related violations: <none>

TIMING-18#33 Warning
Missing input or output delay  
An output delay is missing on io_led[0][7] relative to the rising and/or falling clock edge(s) of clk_0.
Related violations: <none>

TIMING-18#34 Warning
Missing input or output delay  
An output delay is missing on io_led[1][0] relative to the rising and/or falling clock edge(s) of clk_0.
Related violations: <none>

TIMING-18#35 Warning
Missing input or output delay  
An output delay is missing on io_led[1][1] relative to the rising and/or falling clock edge(s) of clk_0.
Related violations: <none>

TIMING-18#36 Warning
Missing input or output delay  
An output delay is missing on io_led[1][2] relative to the rising and/or falling clock edge(s) of clk_0.
Related violations: <none>

TIMING-18#37 Warning
Missing input or output delay  
An output delay is missing on io_led[1][3] relative to the rising and/or falling clock edge(s) of clk_0.
Related violations: <none>

TIMING-18#38 Warning
Missing input or output delay  
An output delay is missing on io_led[1][4] relative to the rising and/or falling clock edge(s) of clk_0.
Related violations: <none>

TIMING-18#39 Warning
Missing input or output delay  
An output delay is missing on io_led[1][5] relative to the rising and/or falling clock edge(s) of clk_0.
Related violations: <none>

TIMING-18#40 Warning
Missing input or output delay  
An output delay is missing on io_led[1][6] relative to the rising and/or falling clock edge(s) of clk_0.
Related violations: <none>

TIMING-18#41 Warning
Missing input or output delay  
An output delay is missing on io_led[1][7] relative to the rising and/or falling clock edge(s) of clk_0.
Related violations: <none>

TIMING-18#42 Warning
Missing input or output delay  
An output delay is missing on io_led[2][0] relative to the rising and/or falling clock edge(s) of clk_0.
Related violations: <none>

TIMING-18#43 Warning
Missing input or output delay  
An output delay is missing on io_led[2][1] relative to the rising and/or falling clock edge(s) of clk_0.
Related violations: <none>

TIMING-18#44 Warning
Missing input or output delay  
An output delay is missing on io_led[2][2] relative to the rising and/or falling clock edge(s) of clk_0.
Related violations: <none>

TIMING-18#45 Warning
Missing input or output delay  
An output delay is missing on io_led[2][3] relative to the rising and/or falling clock edge(s) of clk_0.
Related violations: <none>

TIMING-18#46 Warning
Missing input or output delay  
An output delay is missing on io_led[2][4] relative to the rising and/or falling clock edge(s) of clk_0.
Related violations: <none>

TIMING-18#47 Warning
Missing input or output delay  
An output delay is missing on io_led[2][5] relative to the rising and/or falling clock edge(s) of clk_0.
Related violations: <none>

TIMING-18#48 Warning
Missing input or output delay  
An output delay is missing on io_led[2][6] relative to the rising and/or falling clock edge(s) of clk_0.
Related violations: <none>

TIMING-18#49 Warning
Missing input or output delay  
An output delay is missing on io_led[2][7] relative to the rising and/or falling clock edge(s) of clk_0.
Related violations: <none>

TIMING-18#50 Warning
Missing input or output delay  
An output delay is missing on io_segment[0] relative to the rising and/or falling clock edge(s) of clk_0.
Related violations: <none>

TIMING-18#51 Warning
Missing input or output delay  
An output delay is missing on io_segment[1] relative to the rising and/or falling clock edge(s) of clk_0.
Related violations: <none>

TIMING-18#52 Warning
Missing input or output delay  
An output delay is missing on io_segment[2] relative to the rising and/or falling clock edge(s) of clk_0.
Related violations: <none>

TIMING-18#53 Warning
Missing input or output delay  
An output delay is missing on io_segment[3] relative to the rising and/or falling clock edge(s) of clk_0.
Related violations: <none>

TIMING-18#54 Warning
Missing input or output delay  
An output delay is missing on io_segment[4] relative to the rising and/or falling clock edge(s) of clk_0.
Related violations: <none>

TIMING-18#55 Warning
Missing input or output delay  
An output delay is missing on io_segment[5] relative to the rising and/or falling clock edge(s) of clk_0.
Related violations: <none>

TIMING-18#56 Warning
Missing input or output delay  
An output delay is missing on io_segment[6] relative to the rising and/or falling clock edge(s) of clk_0.
Related violations: <none>

TIMING-18#57 Warning
Missing input or output delay  
An output delay is missing on io_segment[7] relative to the rising and/or falling clock edge(s) of clk_0.
Related violations: <none>

TIMING-18#58 Warning
Missing input or output delay  
An output delay is missing on io_select[0] relative to the rising and/or falling clock edge(s) of clk_0.
Related violations: <none>

TIMING-18#59 Warning
Missing input or output delay  
An output delay is missing on io_select[1] relative to the rising and/or falling clock edge(s) of clk_0.
Related violations: <none>

TIMING-18#60 Warning
Missing input or output delay  
An output delay is missing on io_select[2] relative to the rising and/or falling clock edge(s) of clk_0.
Related violations: <none>

TIMING-18#61 Warning
Missing input or output delay  
An output delay is missing on io_select[3] relative to the rising and/or falling clock edge(s) of clk_0.
Related violations: <none>

TIMING-18#62 Warning
Missing input or output delay  
An output delay is missing on led[0] relative to the rising and/or falling clock edge(s) of clk_0.
Related violations: <none>

TIMING-18#63 Warning
Missing input or output delay  
An output delay is missing on led[1] relative to the rising and/or falling clock edge(s) of clk_0.
Related violations: <none>

TIMING-18#64 Warning
Missing input or output delay  
An output delay is missing on led[2] relative to the rising and/or falling clock edge(s) of clk_0.
Related violations: <none>

TIMING-18#65 Warning
Missing input or output delay  
An output delay is missing on led[3] relative to the rising and/or falling clock edge(s) of clk_0.
Related violations: <none>

TIMING-18#66 Warning
Missing input or output delay  
An output delay is missing on led[4] relative to the rising and/or falling clock edge(s) of clk_0.
Related violations: <none>

TIMING-18#67 Warning
Missing input or output delay  
An output delay is missing on led[5] relative to the rising and/or falling clock edge(s) of clk_0.
Related violations: <none>

TIMING-18#68 Warning
Missing input or output delay  
An output delay is missing on led[6] relative to the rising and/or falling clock edge(s) of clk_0.
Related violations: <none>

TIMING-18#69 Warning
Missing input or output delay  
An output delay is missing on led[7] relative to the rising and/or falling clock edge(s) of clk_0.
Related violations: <none>


