Copyright 1986-2022 Xilinx, Inc. All Rights Reserved. Copyright 2022-2024 Advanced Micro Devices, Inc. All Rights Reserved.
---------------------------------------------------------------------------------------------------------------------------------------------------------------------------------------------------------------------------------
| Tool Version : Vivado v.2024.2 (win64) Build 5239630 Fri Nov 08 22:35:27 MST 2024
| Date         : Wed Apr 16 03:04:50 2025
| Host         : Amith_Zen running 64-bit major release  (build 9200)
| Command      : report_timing_summary -max_paths 10 -report_unconstrained -file alchitry_top_timing_summary_routed.rpt -pb alchitry_top_timing_summary_routed.pb -rpx alchitry_top_timing_summary_routed.rpx -warn_on_violation
| Design       : alchitry_top
| Device       : 7a35t-ftg256
| Speed File   : -1  PRODUCTION 1.23 2018-06-13
| Design State : Routed
---------------------------------------------------------------------------------------------------------------------------------------------------------------------------------------------------------------------------------

Timing Summary Report

------------------------------------------------------------------------------------------------
| Timer Settings
| --------------
------------------------------------------------------------------------------------------------

  Enable Multi Corner Analysis               :  Yes
  Enable Pessimism Removal                   :  Yes
  Pessimism Removal Resolution               :  Nearest Common Node
  Enable Input Delay Default Clock           :  No
  Enable Preset / Clear Arcs                 :  No
  Disable Flight Delays                      :  No
  Ignore I/O Paths                           :  No
  Timing Early Launch at Borrowing Latches   :  No
  Borrow Time for Max Delay Exceptions       :  Yes
  Merge Timing Exceptions                    :  Yes
  Inter-SLR Compensation                     :  Conservative

  Corner  Analyze    Analyze    
  Name    Max Paths  Min Paths  
  ------  ---------  ---------  
  Slow    Yes        Yes        
  Fast    Yes        Yes        


------------------------------------------------------------------------------------------------
| Report Methodology
| ------------------
------------------------------------------------------------------------------------------------

Rule       Severity  Description                    Violations  
---------  --------  -----------------------------  ----------  
SYNTH-10   Warning   Wide multiplier                3           
TIMING-18  Warning   Missing input or output delay  70          

Note: This report is based on the most recent report_methodology run and may not be up-to-date. Run report_methodology on the current design for the latest report.



check_timing report

Table of Contents
-----------------
1. checking no_clock (0)
2. checking constant_clock (0)
3. checking pulse_width_clock (0)
4. checking unconstrained_internal_endpoints (0)
5. checking no_input_delay (19)
6. checking no_output_delay (36)
7. checking multiple_clock (0)
8. checking generated_clocks (0)
9. checking loops (0)
10. checking partial_input_delay (0)
11. checking partial_output_delay (0)
12. checking latch_loops (0)

1. checking no_clock (0)
------------------------
 There are 0 register/latch pins with no clock.


2. checking constant_clock (0)
------------------------------
 There are 0 register/latch pins with constant_clock.


3. checking pulse_width_clock (0)
---------------------------------
 There are 0 register/latch pins which need pulse_width check


4. checking unconstrained_internal_endpoints (0)
------------------------------------------------
 There are 0 pins that are not constrained for maximum delay.

 There are 0 pins that are not constrained for maximum delay due to constant clock.


5. checking no_input_delay (19)
-------------------------------
 There are 19 input ports with no input delay specified. (HIGH)

 There are 0 input ports with no input delay but user has a false path constraint.


6. checking no_output_delay (36)
--------------------------------
 There are 36 ports with no output delay specified. (HIGH)

 There are 0 ports with no output delay but user has a false path constraint

 There are 0 ports with no output delay but with a timing clock defined on it or propagating through it


7. checking multiple_clock (0)
------------------------------
 There are 0 register/latch pins with multiple clocks.


8. checking generated_clocks (0)
--------------------------------
 There are 0 generated clocks that are not connected to a clock source.


9. checking loops (0)
---------------------
 There are 0 combinational loops in the design.


10. checking partial_input_delay (0)
------------------------------------
 There are 0 input ports with partial input delay specified.


11. checking partial_output_delay (0)
-------------------------------------
 There are 0 ports with partial output delay specified.


12. checking latch_loops (0)
----------------------------
 There are 0 combinational latch loops in the design through latch input



------------------------------------------------------------------------------------------------
| Design Timing Summary
| ---------------------
------------------------------------------------------------------------------------------------

    WNS(ns)      TNS(ns)  TNS Failing Endpoints  TNS Total Endpoints      WHS(ns)      THS(ns)  THS Failing Endpoints  THS Total Endpoints     WPWS(ns)     TPWS(ns)  TPWS Failing Endpoints  TPWS Total Endpoints  
    -------      -------  ---------------------  -------------------      -------      -------  ---------------------  -------------------     --------     --------  ----------------------  --------------------  
     76.529        0.000                      0                 2369        0.122        0.000                      0                 2369       49.500        0.000                       0                   868  


All user specified timing constraints are met.


------------------------------------------------------------------------------------------------
| Clock Summary
| -------------
------------------------------------------------------------------------------------------------

Clock  Waveform(ns)         Period(ns)      Frequency(MHz)
-----  ------------         ----------      --------------
clk_0  {0.000 50.000}       100.000         10.000          


------------------------------------------------------------------------------------------------
| Intra Clock Table
| -----------------
------------------------------------------------------------------------------------------------

Clock             WNS(ns)      TNS(ns)  TNS Failing Endpoints  TNS Total Endpoints      WHS(ns)      THS(ns)  THS Failing Endpoints  THS Total Endpoints     WPWS(ns)     TPWS(ns)  TPWS Failing Endpoints  TPWS Total Endpoints  
-----             -------      -------  ---------------------  -------------------      -------      -------  ---------------------  -------------------     --------     --------  ----------------------  --------------------  
clk_0              76.529        0.000                      0                 2369        0.122        0.000                      0                 2369       49.500        0.000                       0                   868  


------------------------------------------------------------------------------------------------
| Inter Clock Table
| -----------------
------------------------------------------------------------------------------------------------

From Clock    To Clock          WNS(ns)      TNS(ns)  TNS Failing Endpoints  TNS Total Endpoints      WHS(ns)      THS(ns)  THS Failing Endpoints  THS Total Endpoints  
----------    --------          -------      -------  ---------------------  -------------------      -------      -------  ---------------------  -------------------  


------------------------------------------------------------------------------------------------
| Other Path Groups Table
| -----------------------
------------------------------------------------------------------------------------------------

Path Group    From Clock    To Clock          WNS(ns)      TNS(ns)  TNS Failing Endpoints  TNS Total Endpoints      WHS(ns)      THS(ns)  THS Failing Endpoints  THS Total Endpoints  
----------    ----------    --------          -------      -------  ---------------------  -------------------      -------      -------  ---------------------  -------------------  


------------------------------------------------------------------------------------------------
| User Ignored Path Table
| -----------------------
------------------------------------------------------------------------------------------------

Path Group    From Clock    To Clock    
----------    ----------    --------    


------------------------------------------------------------------------------------------------
| Unconstrained Path Table
| ------------------------
------------------------------------------------------------------------------------------------

Path Group    From Clock    To Clock    
----------    ----------    --------    
(none)                                    
(none)        clk_0                       
(none)                      clk_0         


------------------------------------------------------------------------------------------------
| Timing Details
| --------------
------------------------------------------------------------------------------------------------


---------------------------------------------------------------------------------------------------
From Clock:  clk_0
  To Clock:  clk_0

Setup :            0  Failing Endpoints,  Worst Slack       76.529ns,  Total Violation        0.000ns
Hold  :            0  Failing Endpoints,  Worst Slack        0.122ns,  Total Violation        0.000ns
PW    :            0  Failing Endpoints,  Worst Slack       49.500ns,  Total Violation        0.000ns
---------------------------------------------------------------------------------------------------


Max Delay Paths
--------------------------------------------------------------------------------------
Slack (MET) :             76.529ns  (required time - arrival time)
  Source:                 external_reset_button_conditioner/D_ctr_q_reg[11]/C
                            (rising edge-triggered cell FDRE clocked by clk_0  {rise@0.000ns fall@50.000ns period=100.000ns})
  Destination:            game_datapath/game_regfiles/D_current_button_light_q_reg[31]/D
                            (rising edge-triggered cell FDRE clocked by clk_0  {rise@0.000ns fall@50.000ns period=100.000ns})
  Path Group:             clk_0
  Path Type:              Setup (Max at Slow Process Corner)
  Requirement:            100.000ns  (clk_0 rise@100.000ns - clk_0 rise@0.000ns)
  Data Path Delay:        23.304ns  (logic 8.161ns (35.019%)  route 15.143ns (64.981%))
  Logic Levels:           13  (CARRY4=3 DSP48E1=2 LUT2=2 LUT3=1 LUT4=2 LUT6=3)
  Clock Path Skew:        -0.103ns (DCD - SCD + CPR)
    Destination Clock Delay (DCD):    4.849ns = ( 104.849 - 100.000 ) 
    Source Clock Delay      (SCD):    5.211ns
    Clock Pessimism Removal (CPR):    0.259ns
  Clock Uncertainty:      0.035ns  ((TSJ^2 + TIJ^2)^1/2 + DJ) / 2 + PE
    Total System Jitter     (TSJ):    0.071ns
    Total Input Jitter      (TIJ):    0.000ns
    Discrete Jitter          (DJ):    0.000ns
    Phase Error              (PE):    0.000ns

    Location             Delay type                Incr(ns)  Path(ns)    Netlist Resource(s)
  -------------------------------------------------------------------    -------------------
                         (clock clk_0 rise edge)      0.000     0.000 r  
    N14                                               0.000     0.000 r  clk (IN)
                         net (fo=0)                   0.000     0.000    clk
    N14                  IBUF (Prop_ibuf_I_O)         1.517     1.517 r  clk_IBUF_inst/O
                         net (fo=1, routed)           1.972     3.488    clk_IBUF
    BUFGCTRL_X0Y0        BUFG (Prop_bufg_I_O)         0.096     3.584 r  clk_IBUF_BUFG_inst/O
                         net (fo=867, routed)         1.627     5.211    external_reset_button_conditioner/clk_IBUF_BUFG
    SLICE_X3Y31          FDRE                                         r  external_reset_button_conditioner/D_ctr_q_reg[11]/C
  -------------------------------------------------------------------    -------------------
    SLICE_X3Y31          FDRE (Prop_fdre_C_Q)         0.456     5.667 r  external_reset_button_conditioner/D_ctr_q_reg[11]/Q
                         net (fo=2, routed)           0.833     6.501    external_reset_button_conditioner/D_ctr_q_reg[11]
    SLICE_X2Y32          LUT4 (Prop_lut4_I0_O)        0.124     6.625 f  external_reset_button_conditioner/FSM_onehot_D_game_fsm_q[58]_i_5/O
                         net (fo=3, routed)           0.833     7.458    external_reset_button_conditioner/FSM_onehot_D_game_fsm_q[58]_i_5_n_0
    SLICE_X2Y31          LUT4 (Prop_lut4_I1_O)        0.124     7.582 r  external_reset_button_conditioner/FSM_onehot_D_game_fsm_q[58]_i_1/O
                         net (fo=558, routed)         3.997    11.579    game_datapath/game_cu/rst
    SLICE_X6Y12          LUT3 (Prop_lut3_I1_O)        0.124    11.703 r  game_datapath/game_cu/out_sig0__0_i_24/O
                         net (fo=31, routed)          3.120    14.823    game_datapath/game_regfiles/out_sig0__0_3
    SLICE_X15Y2          LUT6 (Prop_lut6_I5_O)        0.124    14.947 r  game_datapath/game_regfiles/out_sig0__0_i_18/O
                         net (fo=20, routed)          1.661    16.608    game_datapath/game_alu/A[16]
    DSP48_X0Y2           DSP48E1 (Prop_dsp48e1_A[16]_PCOUT[47])
                                                      4.036    20.644 r  game_datapath/game_alu/out_sig0__0/PCOUT[47]
                         net (fo=1, routed)           0.002    20.646    game_datapath/game_alu/out_sig0__0_n_106
    DSP48_X0Y3           DSP48E1 (Prop_dsp48e1_PCIN[47]_P[4])
                                                      1.518    22.164 r  game_datapath/game_alu/out_sig0__1/P[4]
                         net (fo=2, routed)           1.184    23.348    game_datapath/game_alu/out_sig0__1_n_101
    SLICE_X11Y6          LUT2 (Prop_lut2_I0_O)        0.124    23.472 r  game_datapath/game_alu/i__carry__0_i_3__0/O
                         net (fo=1, routed)           0.000    23.472    game_datapath/game_alu/i__carry__0_i_3__0_n_0
    SLICE_X11Y6          CARRY4 (Prop_carry4_S[1]_CO[3])
                                                      0.550    24.022 r  game_datapath/game_alu/out_sig0_inferred__1/i__carry__0/CO[3]
                         net (fo=1, routed)           0.000    24.022    game_datapath/game_alu/out_sig0_inferred__1/i__carry__0_n_0
    SLICE_X11Y7          CARRY4 (Prop_carry4_CI_CO[3])
                                                      0.114    24.136 r  game_datapath/game_alu/out_sig0_inferred__1/i__carry__1/CO[3]
                         net (fo=1, routed)           0.000    24.136    game_datapath/game_alu/out_sig0_inferred__1/i__carry__1_n_0
    SLICE_X11Y8          CARRY4 (Prop_carry4_CI_O[3])
                                                      0.313    24.449 r  game_datapath/game_alu/out_sig0_inferred__1/i__carry__2/O[3]
                         net (fo=1, routed)           0.954    25.402    game_datapath/game_cu/D_timer_q[31]_i_13_0[3]
    SLICE_X11Y11         LUT6 (Prop_lut6_I2_O)        0.306    25.708 f  game_datapath/game_cu/D_timer_q[31]_i_45/O
                         net (fo=1, routed)           0.566    26.274    game_datapath/game_cu/D_timer_q[31]_i_45_n_0
    SLICE_X12Y11         LUT2 (Prop_lut2_I0_O)        0.124    26.398 f  game_datapath/game_cu/D_timer_q[31]_i_13/O
                         net (fo=1, routed)           0.571    26.970    game_datapath/game_cu/D_timer_q[31]_i_13_n_0
    SLICE_X13Y11         LUT6 (Prop_lut6_I5_O)        0.124    27.094 r  game_datapath/game_cu/D_timer_q[31]_i_2/O
                         net (fo=12, routed)          1.422    28.516    game_datapath/game_regfiles/D[31]
    SLICE_X12Y15         FDRE                                         r  game_datapath/game_regfiles/D_current_button_light_q_reg[31]/D
  -------------------------------------------------------------------    -------------------

                         (clock clk_0 rise edge)    100.000   100.000 r  
    N14                                               0.000   100.000 r  clk (IN)
                         net (fo=0)                   0.000   100.000    clk
    N14                  IBUF (Prop_ibuf_I_O)         1.446   101.446 r  clk_IBUF_inst/O
                         net (fo=1, routed)           1.868   103.314    clk_IBUF
    BUFGCTRL_X0Y0        BUFG (Prop_bufg_I_O)         0.091   103.405 r  clk_IBUF_BUFG_inst/O
                         net (fo=867, routed)         1.444   104.849    game_datapath/game_regfiles/clk_IBUF_BUFG
    SLICE_X12Y15         FDRE                                         r  game_datapath/game_regfiles/D_current_button_light_q_reg[31]/C
                         clock pessimism              0.259   105.108    
                         clock uncertainty           -0.035   105.073    
    SLICE_X12Y15         FDRE (Setup_fdre_C_D)       -0.028   105.045    game_datapath/game_regfiles/D_current_button_light_q_reg[31]
  -------------------------------------------------------------------
                         required time                        105.045    
                         arrival time                         -28.516    
  -------------------------------------------------------------------
                         slack                                 76.529    

Slack (MET) :             76.681ns  (required time - arrival time)
  Source:                 external_reset_button_conditioner/D_ctr_q_reg[11]/C
                            (rising edge-triggered cell FDRE clocked by clk_0  {rise@0.000ns fall@50.000ns period=100.000ns})
  Destination:            game_datapath/game_regfiles/D_password_q_reg[30]/D
                            (rising edge-triggered cell FDRE clocked by clk_0  {rise@0.000ns fall@50.000ns period=100.000ns})
  Path Group:             clk_0
  Path Type:              Setup (Max at Slow Process Corner)
  Requirement:            100.000ns  (clk_0 rise@100.000ns - clk_0 rise@0.000ns)
  Data Path Delay:        23.123ns  (logic 8.311ns (35.942%)  route 14.812ns (64.058%))
  Logic Levels:           13  (CARRY4=3 DSP48E1=2 LUT2=1 LUT3=2 LUT4=2 LUT6=3)
  Clock Path Skew:        -0.102ns (DCD - SCD + CPR)
    Destination Clock Delay (DCD):    4.850ns = ( 104.850 - 100.000 ) 
    Source Clock Delay      (SCD):    5.211ns
    Clock Pessimism Removal (CPR):    0.259ns
  Clock Uncertainty:      0.035ns  ((TSJ^2 + TIJ^2)^1/2 + DJ) / 2 + PE
    Total System Jitter     (TSJ):    0.071ns
    Total Input Jitter      (TIJ):    0.000ns
    Discrete Jitter          (DJ):    0.000ns
    Phase Error              (PE):    0.000ns

    Location             Delay type                Incr(ns)  Path(ns)    Netlist Resource(s)
  -------------------------------------------------------------------    -------------------
                         (clock clk_0 rise edge)      0.000     0.000 r  
    N14                                               0.000     0.000 r  clk (IN)
                         net (fo=0)                   0.000     0.000    clk
    N14                  IBUF (Prop_ibuf_I_O)         1.517     1.517 r  clk_IBUF_inst/O
                         net (fo=1, routed)           1.972     3.488    clk_IBUF
    BUFGCTRL_X0Y0        BUFG (Prop_bufg_I_O)         0.096     3.584 r  clk_IBUF_BUFG_inst/O
                         net (fo=867, routed)         1.627     5.211    external_reset_button_conditioner/clk_IBUF_BUFG
    SLICE_X3Y31          FDRE                                         r  external_reset_button_conditioner/D_ctr_q_reg[11]/C
  -------------------------------------------------------------------    -------------------
    SLICE_X3Y31          FDRE (Prop_fdre_C_Q)         0.456     5.667 r  external_reset_button_conditioner/D_ctr_q_reg[11]/Q
                         net (fo=2, routed)           0.833     6.501    external_reset_button_conditioner/D_ctr_q_reg[11]
    SLICE_X2Y32          LUT4 (Prop_lut4_I0_O)        0.124     6.625 f  external_reset_button_conditioner/FSM_onehot_D_game_fsm_q[58]_i_5/O
                         net (fo=3, routed)           0.833     7.458    external_reset_button_conditioner/FSM_onehot_D_game_fsm_q[58]_i_5_n_0
    SLICE_X2Y31          LUT4 (Prop_lut4_I1_O)        0.124     7.582 r  external_reset_button_conditioner/FSM_onehot_D_game_fsm_q[58]_i_1/O
                         net (fo=558, routed)         3.997    11.579    game_datapath/game_cu/rst
    SLICE_X6Y12          LUT3 (Prop_lut3_I1_O)        0.124    11.703 r  game_datapath/game_cu/out_sig0__0_i_24/O
                         net (fo=31, routed)          3.120    14.823    game_datapath/game_regfiles/out_sig0__0_3
    SLICE_X15Y2          LUT6 (Prop_lut6_I5_O)        0.124    14.947 r  game_datapath/game_regfiles/out_sig0__0_i_18/O
                         net (fo=20, routed)          1.661    16.608    game_datapath/game_alu/A[16]
    DSP48_X0Y2           DSP48E1 (Prop_dsp48e1_A[16]_PCOUT[47])
                                                      4.036    20.644 r  game_datapath/game_alu/out_sig0__0/PCOUT[47]
                         net (fo=1, routed)           0.002    20.646    game_datapath/game_alu/out_sig0__0_n_106
    DSP48_X0Y3           DSP48E1 (Prop_dsp48e1_PCIN[47]_P[4])
                                                      1.518    22.164 r  game_datapath/game_alu/out_sig0__1/P[4]
                         net (fo=2, routed)           1.184    23.348    game_datapath/game_alu/out_sig0__1_n_101
    SLICE_X11Y6          LUT2 (Prop_lut2_I0_O)        0.124    23.472 r  game_datapath/game_alu/i__carry__0_i_3__0/O
                         net (fo=1, routed)           0.000    23.472    game_datapath/game_alu/i__carry__0_i_3__0_n_0
    SLICE_X11Y6          CARRY4 (Prop_carry4_S[1]_CO[3])
                                                      0.550    24.022 r  game_datapath/game_alu/out_sig0_inferred__1/i__carry__0/CO[3]
                         net (fo=1, routed)           0.000    24.022    game_datapath/game_alu/out_sig0_inferred__1/i__carry__0_n_0
    SLICE_X11Y7          CARRY4 (Prop_carry4_CI_CO[3])
                                                      0.114    24.136 r  game_datapath/game_alu/out_sig0_inferred__1/i__carry__1/CO[3]
                         net (fo=1, routed)           0.000    24.136    game_datapath/game_alu/out_sig0_inferred__1/i__carry__1_n_0
    SLICE_X11Y8          CARRY4 (Prop_carry4_CI_O[2])
                                                      0.239    24.375 r  game_datapath/game_alu/out_sig0_inferred__1/i__carry__2/O[2]
                         net (fo=1, routed)           0.983    25.358    game_datapath/game_cu/D_timer_q[31]_i_13_0[2]
    SLICE_X8Y11          LUT6 (Prop_lut6_I1_O)        0.302    25.660 r  game_datapath/game_cu/D_timer_q[30]_i_8/O
                         net (fo=1, routed)           0.857    26.517    game_datapath/game_cu/D_timer_q[30]_i_8_n_0
    SLICE_X10Y12         LUT3 (Prop_lut3_I0_O)        0.148    26.665 f  game_datapath/game_cu/D_timer_q[30]_i_5/O
                         net (fo=1, routed)           0.470    27.134    game_datapath/game_cu/D_timer_q[30]_i_5_n_0
    SLICE_X12Y11         LUT6 (Prop_lut6_I5_O)        0.328    27.462 r  game_datapath/game_cu/D_timer_q[30]_i_1/O
                         net (fo=12, routed)          0.873    28.335    game_datapath/game_regfiles/D[30]
    SLICE_X15Y14         FDRE                                         r  game_datapath/game_regfiles/D_password_q_reg[30]/D
  -------------------------------------------------------------------    -------------------

                         (clock clk_0 rise edge)    100.000   100.000 r  
    N14                                               0.000   100.000 r  clk (IN)
                         net (fo=0)                   0.000   100.000    clk
    N14                  IBUF (Prop_ibuf_I_O)         1.446   101.446 r  clk_IBUF_inst/O
                         net (fo=1, routed)           1.868   103.314    clk_IBUF
    BUFGCTRL_X0Y0        BUFG (Prop_bufg_I_O)         0.091   103.405 r  clk_IBUF_BUFG_inst/O
                         net (fo=867, routed)         1.445   104.850    game_datapath/game_regfiles/clk_IBUF_BUFG
    SLICE_X15Y14         FDRE                                         r  game_datapath/game_regfiles/D_password_q_reg[30]/C
                         clock pessimism              0.259   105.109    
                         clock uncertainty           -0.035   105.074    
    SLICE_X15Y14         FDRE (Setup_fdre_C_D)       -0.058   105.016    game_datapath/game_regfiles/D_password_q_reg[30]
  -------------------------------------------------------------------
                         required time                        105.016    
                         arrival time                         -28.335    
  -------------------------------------------------------------------
                         slack                                 76.681    

Slack (MET) :             76.780ns  (required time - arrival time)
  Source:                 external_reset_button_conditioner/D_ctr_q_reg[11]/C
                            (rising edge-triggered cell FDRE clocked by clk_0  {rise@0.000ns fall@50.000ns period=100.000ns})
  Destination:            game_datapath/game_regfiles/D_timer_q_reg[27]/D
                            (rising edge-triggered cell FDRE clocked by clk_0  {rise@0.000ns fall@50.000ns period=100.000ns})
  Path Group:             clk_0
  Path Type:              Setup (Max at Slow Process Corner)
  Requirement:            100.000ns  (clk_0 rise@100.000ns - clk_0 rise@0.000ns)
  Data Path Delay:        23.022ns  (logic 8.047ns (34.954%)  route 14.975ns (65.046%))
  Logic Levels:           12  (CARRY4=2 DSP48E1=2 LUT2=1 LUT3=2 LUT4=2 LUT6=3)
  Clock Path Skew:        -0.105ns (DCD - SCD + CPR)
    Destination Clock Delay (DCD):    4.847ns = ( 104.847 - 100.000 ) 
    Source Clock Delay      (SCD):    5.211ns
    Clock Pessimism Removal (CPR):    0.259ns
  Clock Uncertainty:      0.035ns  ((TSJ^2 + TIJ^2)^1/2 + DJ) / 2 + PE
    Total System Jitter     (TSJ):    0.071ns
    Total Input Jitter      (TIJ):    0.000ns
    Discrete Jitter          (DJ):    0.000ns
    Phase Error              (PE):    0.000ns

    Location             Delay type                Incr(ns)  Path(ns)    Netlist Resource(s)
  -------------------------------------------------------------------    -------------------
                         (clock clk_0 rise edge)      0.000     0.000 r  
    N14                                               0.000     0.000 r  clk (IN)
                         net (fo=0)                   0.000     0.000    clk
    N14                  IBUF (Prop_ibuf_I_O)         1.517     1.517 r  clk_IBUF_inst/O
                         net (fo=1, routed)           1.972     3.488    clk_IBUF
    BUFGCTRL_X0Y0        BUFG (Prop_bufg_I_O)         0.096     3.584 r  clk_IBUF_BUFG_inst/O
                         net (fo=867, routed)         1.627     5.211    external_reset_button_conditioner/clk_IBUF_BUFG
    SLICE_X3Y31          FDRE                                         r  external_reset_button_conditioner/D_ctr_q_reg[11]/C
  -------------------------------------------------------------------    -------------------
    SLICE_X3Y31          FDRE (Prop_fdre_C_Q)         0.456     5.667 r  external_reset_button_conditioner/D_ctr_q_reg[11]/Q
                         net (fo=2, routed)           0.833     6.501    external_reset_button_conditioner/D_ctr_q_reg[11]
    SLICE_X2Y32          LUT4 (Prop_lut4_I0_O)        0.124     6.625 f  external_reset_button_conditioner/FSM_onehot_D_game_fsm_q[58]_i_5/O
                         net (fo=3, routed)           0.833     7.458    external_reset_button_conditioner/FSM_onehot_D_game_fsm_q[58]_i_5_n_0
    SLICE_X2Y31          LUT4 (Prop_lut4_I1_O)        0.124     7.582 r  external_reset_button_conditioner/FSM_onehot_D_game_fsm_q[58]_i_1/O
                         net (fo=558, routed)         3.997    11.579    game_datapath/game_cu/rst
    SLICE_X6Y12          LUT3 (Prop_lut3_I1_O)        0.124    11.703 r  game_datapath/game_cu/out_sig0__0_i_24/O
                         net (fo=31, routed)          3.120    14.823    game_datapath/game_regfiles/out_sig0__0_3
    SLICE_X15Y2          LUT6 (Prop_lut6_I5_O)        0.124    14.947 r  game_datapath/game_regfiles/out_sig0__0_i_18/O
                         net (fo=20, routed)          1.661    16.608    game_datapath/game_alu/A[16]
    DSP48_X0Y2           DSP48E1 (Prop_dsp48e1_A[16]_PCOUT[47])
                                                      4.036    20.644 r  game_datapath/game_alu/out_sig0__0/PCOUT[47]
                         net (fo=1, routed)           0.002    20.646    game_datapath/game_alu/out_sig0__0_n_106
    DSP48_X0Y3           DSP48E1 (Prop_dsp48e1_PCIN[47]_P[4])
                                                      1.518    22.164 r  game_datapath/game_alu/out_sig0__1/P[4]
                         net (fo=2, routed)           1.184    23.348    game_datapath/game_alu/out_sig0__1_n_101
    SLICE_X11Y6          LUT2 (Prop_lut2_I0_O)        0.124    23.472 r  game_datapath/game_alu/i__carry__0_i_3__0/O
                         net (fo=1, routed)           0.000    23.472    game_datapath/game_alu/i__carry__0_i_3__0_n_0
    SLICE_X11Y6          CARRY4 (Prop_carry4_S[1]_CO[3])
                                                      0.550    24.022 r  game_datapath/game_alu/out_sig0_inferred__1/i__carry__0/CO[3]
                         net (fo=1, routed)           0.000    24.022    game_datapath/game_alu/out_sig0_inferred__1/i__carry__0_n_0
    SLICE_X11Y7          CARRY4 (Prop_carry4_CI_O[3])
                                                      0.313    24.335 r  game_datapath/game_alu/out_sig0_inferred__1/i__carry__1/O[3]
                         net (fo=1, routed)           0.437    24.771    game_datapath/game_cu/D_timer_q[27]_i_5_0[3]
    SLICE_X11Y10         LUT6 (Prop_lut6_I1_O)        0.306    25.077 r  game_datapath/game_cu/D_timer_q[27]_i_8/O
                         net (fo=1, routed)           1.110    26.188    game_datapath/game_cu/D_timer_q[27]_i_8_n_0
    SLICE_X14Y12         LUT3 (Prop_lut3_I0_O)        0.124    26.312 f  game_datapath/game_cu/D_timer_q[27]_i_5/O
                         net (fo=1, routed)           0.406    26.718    game_datapath/game_cu/D_timer_q[27]_i_5_n_0
    SLICE_X15Y11         LUT6 (Prop_lut6_I5_O)        0.124    26.842 r  game_datapath/game_cu/D_timer_q[27]_i_1/O
                         net (fo=12, routed)          1.391    28.233    game_datapath/game_regfiles/D[27]
    SLICE_X13Y17         FDRE                                         r  game_datapath/game_regfiles/D_timer_q_reg[27]/D
  -------------------------------------------------------------------    -------------------

                         (clock clk_0 rise edge)    100.000   100.000 r  
    N14                                               0.000   100.000 r  clk (IN)
                         net (fo=0)                   0.000   100.000    clk
    N14                  IBUF (Prop_ibuf_I_O)         1.446   101.446 r  clk_IBUF_inst/O
                         net (fo=1, routed)           1.868   103.314    clk_IBUF
    BUFGCTRL_X0Y0        BUFG (Prop_bufg_I_O)         0.091   103.405 r  clk_IBUF_BUFG_inst/O
                         net (fo=867, routed)         1.442   104.847    game_datapath/game_regfiles/clk_IBUF_BUFG
    SLICE_X13Y17         FDRE                                         r  game_datapath/game_regfiles/D_timer_q_reg[27]/C
                         clock pessimism              0.259   105.106    
                         clock uncertainty           -0.035   105.071    
    SLICE_X13Y17         FDRE (Setup_fdre_C_D)       -0.058   105.013    game_datapath/game_regfiles/D_timer_q_reg[27]
  -------------------------------------------------------------------
                         required time                        105.013    
                         arrival time                         -28.233    
  -------------------------------------------------------------------
                         slack                                 76.780    

Slack (MET) :             76.796ns  (required time - arrival time)
  Source:                 external_reset_button_conditioner/D_ctr_q_reg[11]/C
                            (rising edge-triggered cell FDRE clocked by clk_0  {rise@0.000ns fall@50.000ns period=100.000ns})
  Destination:            game_datapath/game_regfiles/D_current_player_q_reg[31]/D
                            (rising edge-triggered cell FDRE clocked by clk_0  {rise@0.000ns fall@50.000ns period=100.000ns})
  Path Group:             clk_0
  Path Type:              Setup (Max at Slow Process Corner)
  Requirement:            100.000ns  (clk_0 rise@100.000ns - clk_0 rise@0.000ns)
  Data Path Delay:        23.049ns  (logic 8.161ns (35.407%)  route 14.888ns (64.593%))
  Logic Levels:           13  (CARRY4=3 DSP48E1=2 LUT2=2 LUT3=1 LUT4=2 LUT6=3)
  Clock Path Skew:        -0.104ns (DCD - SCD + CPR)
    Destination Clock Delay (DCD):    4.848ns = ( 104.848 - 100.000 ) 
    Source Clock Delay      (SCD):    5.211ns
    Clock Pessimism Removal (CPR):    0.259ns
  Clock Uncertainty:      0.035ns  ((TSJ^2 + TIJ^2)^1/2 + DJ) / 2 + PE
    Total System Jitter     (TSJ):    0.071ns
    Total Input Jitter      (TIJ):    0.000ns
    Discrete Jitter          (DJ):    0.000ns
    Phase Error              (PE):    0.000ns

    Location             Delay type                Incr(ns)  Path(ns)    Netlist Resource(s)
  -------------------------------------------------------------------    -------------------
                         (clock clk_0 rise edge)      0.000     0.000 r  
    N14                                               0.000     0.000 r  clk (IN)
                         net (fo=0)                   0.000     0.000    clk
    N14                  IBUF (Prop_ibuf_I_O)         1.517     1.517 r  clk_IBUF_inst/O
                         net (fo=1, routed)           1.972     3.488    clk_IBUF
    BUFGCTRL_X0Y0        BUFG (Prop_bufg_I_O)         0.096     3.584 r  clk_IBUF_BUFG_inst/O
                         net (fo=867, routed)         1.627     5.211    external_reset_button_conditioner/clk_IBUF_BUFG
    SLICE_X3Y31          FDRE                                         r  external_reset_button_conditioner/D_ctr_q_reg[11]/C
  -------------------------------------------------------------------    -------------------
    SLICE_X3Y31          FDRE (Prop_fdre_C_Q)         0.456     5.667 r  external_reset_button_conditioner/D_ctr_q_reg[11]/Q
                         net (fo=2, routed)           0.833     6.501    external_reset_button_conditioner/D_ctr_q_reg[11]
    SLICE_X2Y32          LUT4 (Prop_lut4_I0_O)        0.124     6.625 f  external_reset_button_conditioner/FSM_onehot_D_game_fsm_q[58]_i_5/O
                         net (fo=3, routed)           0.833     7.458    external_reset_button_conditioner/FSM_onehot_D_game_fsm_q[58]_i_5_n_0
    SLICE_X2Y31          LUT4 (Prop_lut4_I1_O)        0.124     7.582 r  external_reset_button_conditioner/FSM_onehot_D_game_fsm_q[58]_i_1/O
                         net (fo=558, routed)         3.997    11.579    game_datapath/game_cu/rst
    SLICE_X6Y12          LUT3 (Prop_lut3_I1_O)        0.124    11.703 r  game_datapath/game_cu/out_sig0__0_i_24/O
                         net (fo=31, routed)          3.120    14.823    game_datapath/game_regfiles/out_sig0__0_3
    SLICE_X15Y2          LUT6 (Prop_lut6_I5_O)        0.124    14.947 r  game_datapath/game_regfiles/out_sig0__0_i_18/O
                         net (fo=20, routed)          1.661    16.608    game_datapath/game_alu/A[16]
    DSP48_X0Y2           DSP48E1 (Prop_dsp48e1_A[16]_PCOUT[47])
                                                      4.036    20.644 r  game_datapath/game_alu/out_sig0__0/PCOUT[47]
                         net (fo=1, routed)           0.002    20.646    game_datapath/game_alu/out_sig0__0_n_106
    DSP48_X0Y3           DSP48E1 (Prop_dsp48e1_PCIN[47]_P[4])
                                                      1.518    22.164 r  game_datapath/game_alu/out_sig0__1/P[4]
                         net (fo=2, routed)           1.184    23.348    game_datapath/game_alu/out_sig0__1_n_101
    SLICE_X11Y6          LUT2 (Prop_lut2_I0_O)        0.124    23.472 r  game_datapath/game_alu/i__carry__0_i_3__0/O
                         net (fo=1, routed)           0.000    23.472    game_datapath/game_alu/i__carry__0_i_3__0_n_0
    SLICE_X11Y6          CARRY4 (Prop_carry4_S[1]_CO[3])
                                                      0.550    24.022 r  game_datapath/game_alu/out_sig0_inferred__1/i__carry__0/CO[3]
                         net (fo=1, routed)           0.000    24.022    game_datapath/game_alu/out_sig0_inferred__1/i__carry__0_n_0
    SLICE_X11Y7          CARRY4 (Prop_carry4_CI_CO[3])
                                                      0.114    24.136 r  game_datapath/game_alu/out_sig0_inferred__1/i__carry__1/CO[3]
                         net (fo=1, routed)           0.000    24.136    game_datapath/game_alu/out_sig0_inferred__1/i__carry__1_n_0
    SLICE_X11Y8          CARRY4 (Prop_carry4_CI_O[3])
                                                      0.313    24.449 r  game_datapath/game_alu/out_sig0_inferred__1/i__carry__2/O[3]
                         net (fo=1, routed)           0.954    25.402    game_datapath/game_cu/D_timer_q[31]_i_13_0[3]
    SLICE_X11Y11         LUT6 (Prop_lut6_I2_O)        0.306    25.708 f  game_datapath/game_cu/D_timer_q[31]_i_45/O
                         net (fo=1, routed)           0.566    26.274    game_datapath/game_cu/D_timer_q[31]_i_45_n_0
    SLICE_X12Y11         LUT2 (Prop_lut2_I0_O)        0.124    26.398 f  game_datapath/game_cu/D_timer_q[31]_i_13/O
                         net (fo=1, routed)           0.571    26.970    game_datapath/game_cu/D_timer_q[31]_i_13_n_0
    SLICE_X13Y11         LUT6 (Prop_lut6_I5_O)        0.124    27.094 r  game_datapath/game_cu/D_timer_q[31]_i_2/O
                         net (fo=12, routed)          1.167    28.260    game_datapath/game_regfiles/D[31]
    SLICE_X14Y16         FDRE                                         r  game_datapath/game_regfiles/D_current_player_q_reg[31]/D
  -------------------------------------------------------------------    -------------------

                         (clock clk_0 rise edge)    100.000   100.000 r  
    N14                                               0.000   100.000 r  clk (IN)
                         net (fo=0)                   0.000   100.000    clk
    N14                  IBUF (Prop_ibuf_I_O)         1.446   101.446 r  clk_IBUF_inst/O
                         net (fo=1, routed)           1.868   103.314    clk_IBUF
    BUFGCTRL_X0Y0        BUFG (Prop_bufg_I_O)         0.091   103.405 r  clk_IBUF_BUFG_inst/O
                         net (fo=867, routed)         1.443   104.848    game_datapath/game_regfiles/clk_IBUF_BUFG
    SLICE_X14Y16         FDRE                                         r  game_datapath/game_regfiles/D_current_player_q_reg[31]/C
                         clock pessimism              0.259   105.107    
                         clock uncertainty           -0.035   105.072    
    SLICE_X14Y16         FDRE (Setup_fdre_C_D)       -0.016   105.056    game_datapath/game_regfiles/D_current_player_q_reg[31]
  -------------------------------------------------------------------
                         required time                        105.056    
                         arrival time                         -28.260    
  -------------------------------------------------------------------
                         slack                                 76.796    

Slack (MET) :             76.826ns  (required time - arrival time)
  Source:                 external_reset_button_conditioner/D_ctr_q_reg[11]/C
                            (rising edge-triggered cell FDRE clocked by clk_0  {rise@0.000ns fall@50.000ns period=100.000ns})
  Destination:            game_datapath/game_regfiles/D_timer_q_reg[31]/D
                            (rising edge-triggered cell FDRE clocked by clk_0  {rise@0.000ns fall@50.000ns period=100.000ns})
  Path Group:             clk_0
  Path Type:              Setup (Max at Slow Process Corner)
  Requirement:            100.000ns  (clk_0 rise@100.000ns - clk_0 rise@0.000ns)
  Data Path Delay:        22.991ns  (logic 8.161ns (35.497%)  route 14.830ns (64.503%))
  Logic Levels:           13  (CARRY4=3 DSP48E1=2 LUT2=2 LUT3=1 LUT4=2 LUT6=3)
  Clock Path Skew:        -0.105ns (DCD - SCD + CPR)
    Destination Clock Delay (DCD):    4.847ns = ( 104.847 - 100.000 ) 
    Source Clock Delay      (SCD):    5.211ns
    Clock Pessimism Removal (CPR):    0.259ns
  Clock Uncertainty:      0.035ns  ((TSJ^2 + TIJ^2)^1/2 + DJ) / 2 + PE
    Total System Jitter     (TSJ):    0.071ns
    Total Input Jitter      (TIJ):    0.000ns
    Discrete Jitter          (DJ):    0.000ns
    Phase Error              (PE):    0.000ns

    Location             Delay type                Incr(ns)  Path(ns)    Netlist Resource(s)
  -------------------------------------------------------------------    -------------------
                         (clock clk_0 rise edge)      0.000     0.000 r  
    N14                                               0.000     0.000 r  clk (IN)
                         net (fo=0)                   0.000     0.000    clk
    N14                  IBUF (Prop_ibuf_I_O)         1.517     1.517 r  clk_IBUF_inst/O
                         net (fo=1, routed)           1.972     3.488    clk_IBUF
    BUFGCTRL_X0Y0        BUFG (Prop_bufg_I_O)         0.096     3.584 r  clk_IBUF_BUFG_inst/O
                         net (fo=867, routed)         1.627     5.211    external_reset_button_conditioner/clk_IBUF_BUFG
    SLICE_X3Y31          FDRE                                         r  external_reset_button_conditioner/D_ctr_q_reg[11]/C
  -------------------------------------------------------------------    -------------------
    SLICE_X3Y31          FDRE (Prop_fdre_C_Q)         0.456     5.667 r  external_reset_button_conditioner/D_ctr_q_reg[11]/Q
                         net (fo=2, routed)           0.833     6.501    external_reset_button_conditioner/D_ctr_q_reg[11]
    SLICE_X2Y32          LUT4 (Prop_lut4_I0_O)        0.124     6.625 f  external_reset_button_conditioner/FSM_onehot_D_game_fsm_q[58]_i_5/O
                         net (fo=3, routed)           0.833     7.458    external_reset_button_conditioner/FSM_onehot_D_game_fsm_q[58]_i_5_n_0
    SLICE_X2Y31          LUT4 (Prop_lut4_I1_O)        0.124     7.582 r  external_reset_button_conditioner/FSM_onehot_D_game_fsm_q[58]_i_1/O
                         net (fo=558, routed)         3.997    11.579    game_datapath/game_cu/rst
    SLICE_X6Y12          LUT3 (Prop_lut3_I1_O)        0.124    11.703 r  game_datapath/game_cu/out_sig0__0_i_24/O
                         net (fo=31, routed)          3.120    14.823    game_datapath/game_regfiles/out_sig0__0_3
    SLICE_X15Y2          LUT6 (Prop_lut6_I5_O)        0.124    14.947 r  game_datapath/game_regfiles/out_sig0__0_i_18/O
                         net (fo=20, routed)          1.661    16.608    game_datapath/game_alu/A[16]
    DSP48_X0Y2           DSP48E1 (Prop_dsp48e1_A[16]_PCOUT[47])
                                                      4.036    20.644 r  game_datapath/game_alu/out_sig0__0/PCOUT[47]
                         net (fo=1, routed)           0.002    20.646    game_datapath/game_alu/out_sig0__0_n_106
    DSP48_X0Y3           DSP48E1 (Prop_dsp48e1_PCIN[47]_P[4])
                                                      1.518    22.164 r  game_datapath/game_alu/out_sig0__1/P[4]
                         net (fo=2, routed)           1.184    23.348    game_datapath/game_alu/out_sig0__1_n_101
    SLICE_X11Y6          LUT2 (Prop_lut2_I0_O)        0.124    23.472 r  game_datapath/game_alu/i__carry__0_i_3__0/O
                         net (fo=1, routed)           0.000    23.472    game_datapath/game_alu/i__carry__0_i_3__0_n_0
    SLICE_X11Y6          CARRY4 (Prop_carry4_S[1]_CO[3])
                                                      0.550    24.022 r  game_datapath/game_alu/out_sig0_inferred__1/i__carry__0/CO[3]
                         net (fo=1, routed)           0.000    24.022    game_datapath/game_alu/out_sig0_inferred__1/i__carry__0_n_0
    SLICE_X11Y7          CARRY4 (Prop_carry4_CI_CO[3])
                                                      0.114    24.136 r  game_datapath/game_alu/out_sig0_inferred__1/i__carry__1/CO[3]
                         net (fo=1, routed)           0.000    24.136    game_datapath/game_alu/out_sig0_inferred__1/i__carry__1_n_0
    SLICE_X11Y8          CARRY4 (Prop_carry4_CI_O[3])
                                                      0.313    24.449 r  game_datapath/game_alu/out_sig0_inferred__1/i__carry__2/O[3]
                         net (fo=1, routed)           0.954    25.402    game_datapath/game_cu/D_timer_q[31]_i_13_0[3]
    SLICE_X11Y11         LUT6 (Prop_lut6_I2_O)        0.306    25.708 f  game_datapath/game_cu/D_timer_q[31]_i_45/O
                         net (fo=1, routed)           0.566    26.274    game_datapath/game_cu/D_timer_q[31]_i_45_n_0
    SLICE_X12Y11         LUT2 (Prop_lut2_I0_O)        0.124    26.398 f  game_datapath/game_cu/D_timer_q[31]_i_13/O
                         net (fo=1, routed)           0.571    26.970    game_datapath/game_cu/D_timer_q[31]_i_13_n_0
    SLICE_X13Y11         LUT6 (Prop_lut6_I5_O)        0.124    27.094 r  game_datapath/game_cu/D_timer_q[31]_i_2/O
                         net (fo=12, routed)          1.108    28.202    game_datapath/game_regfiles/D[31]
    SLICE_X13Y17         FDRE                                         r  game_datapath/game_regfiles/D_timer_q_reg[31]/D
  -------------------------------------------------------------------    -------------------

                         (clock clk_0 rise edge)    100.000   100.000 r  
    N14                                               0.000   100.000 r  clk (IN)
                         net (fo=0)                   0.000   100.000    clk
    N14                  IBUF (Prop_ibuf_I_O)         1.446   101.446 r  clk_IBUF_inst/O
                         net (fo=1, routed)           1.868   103.314    clk_IBUF
    BUFGCTRL_X0Y0        BUFG (Prop_bufg_I_O)         0.091   103.405 r  clk_IBUF_BUFG_inst/O
                         net (fo=867, routed)         1.442   104.847    game_datapath/game_regfiles/clk_IBUF_BUFG
    SLICE_X13Y17         FDRE                                         r  game_datapath/game_regfiles/D_timer_q_reg[31]/C
                         clock pessimism              0.259   105.106    
                         clock uncertainty           -0.035   105.071    
    SLICE_X13Y17         FDRE (Setup_fdre_C_D)       -0.043   105.028    game_datapath/game_regfiles/D_timer_q_reg[31]
  -------------------------------------------------------------------
                         required time                        105.028    
                         arrival time                         -28.202    
  -------------------------------------------------------------------
                         slack                                 76.826    

Slack (MET) :             76.826ns  (required time - arrival time)
  Source:                 external_reset_button_conditioner/D_ctr_q_reg[11]/C
                            (rising edge-triggered cell FDRE clocked by clk_0  {rise@0.000ns fall@50.000ns period=100.000ns})
  Destination:            game_datapath/game_regfiles/D_difficulty_q_reg[30]/D
                            (rising edge-triggered cell FDRE clocked by clk_0  {rise@0.000ns fall@50.000ns period=100.000ns})
  Path Group:             clk_0
  Path Type:              Setup (Max at Slow Process Corner)
  Requirement:            100.000ns  (clk_0 rise@100.000ns - clk_0 rise@0.000ns)
  Data Path Delay:        22.989ns  (logic 8.311ns (36.151%)  route 14.678ns (63.849%))
  Logic Levels:           13  (CARRY4=3 DSP48E1=2 LUT2=1 LUT3=2 LUT4=2 LUT6=3)
  Clock Path Skew:        -0.102ns (DCD - SCD + CPR)
    Destination Clock Delay (DCD):    4.850ns = ( 104.850 - 100.000 ) 
    Source Clock Delay      (SCD):    5.211ns
    Clock Pessimism Removal (CPR):    0.259ns
  Clock Uncertainty:      0.035ns  ((TSJ^2 + TIJ^2)^1/2 + DJ) / 2 + PE
    Total System Jitter     (TSJ):    0.071ns
    Total Input Jitter      (TIJ):    0.000ns
    Discrete Jitter          (DJ):    0.000ns
    Phase Error              (PE):    0.000ns

    Location             Delay type                Incr(ns)  Path(ns)    Netlist Resource(s)
  -------------------------------------------------------------------    -------------------
                         (clock clk_0 rise edge)      0.000     0.000 r  
    N14                                               0.000     0.000 r  clk (IN)
                         net (fo=0)                   0.000     0.000    clk
    N14                  IBUF (Prop_ibuf_I_O)         1.517     1.517 r  clk_IBUF_inst/O
                         net (fo=1, routed)           1.972     3.488    clk_IBUF
    BUFGCTRL_X0Y0        BUFG (Prop_bufg_I_O)         0.096     3.584 r  clk_IBUF_BUFG_inst/O
                         net (fo=867, routed)         1.627     5.211    external_reset_button_conditioner/clk_IBUF_BUFG
    SLICE_X3Y31          FDRE                                         r  external_reset_button_conditioner/D_ctr_q_reg[11]/C
  -------------------------------------------------------------------    -------------------
    SLICE_X3Y31          FDRE (Prop_fdre_C_Q)         0.456     5.667 r  external_reset_button_conditioner/D_ctr_q_reg[11]/Q
                         net (fo=2, routed)           0.833     6.501    external_reset_button_conditioner/D_ctr_q_reg[11]
    SLICE_X2Y32          LUT4 (Prop_lut4_I0_O)        0.124     6.625 f  external_reset_button_conditioner/FSM_onehot_D_game_fsm_q[58]_i_5/O
                         net (fo=3, routed)           0.833     7.458    external_reset_button_conditioner/FSM_onehot_D_game_fsm_q[58]_i_5_n_0
    SLICE_X2Y31          LUT4 (Prop_lut4_I1_O)        0.124     7.582 r  external_reset_button_conditioner/FSM_onehot_D_game_fsm_q[58]_i_1/O
                         net (fo=558, routed)         3.997    11.579    game_datapath/game_cu/rst
    SLICE_X6Y12          LUT3 (Prop_lut3_I1_O)        0.124    11.703 r  game_datapath/game_cu/out_sig0__0_i_24/O
                         net (fo=31, routed)          3.120    14.823    game_datapath/game_regfiles/out_sig0__0_3
    SLICE_X15Y2          LUT6 (Prop_lut6_I5_O)        0.124    14.947 r  game_datapath/game_regfiles/out_sig0__0_i_18/O
                         net (fo=20, routed)          1.661    16.608    game_datapath/game_alu/A[16]
    DSP48_X0Y2           DSP48E1 (Prop_dsp48e1_A[16]_PCOUT[47])
                                                      4.036    20.644 r  game_datapath/game_alu/out_sig0__0/PCOUT[47]
                         net (fo=1, routed)           0.002    20.646    game_datapath/game_alu/out_sig0__0_n_106
    DSP48_X0Y3           DSP48E1 (Prop_dsp48e1_PCIN[47]_P[4])
                                                      1.518    22.164 r  game_datapath/game_alu/out_sig0__1/P[4]
                         net (fo=2, routed)           1.184    23.348    game_datapath/game_alu/out_sig0__1_n_101
    SLICE_X11Y6          LUT2 (Prop_lut2_I0_O)        0.124    23.472 r  game_datapath/game_alu/i__carry__0_i_3__0/O
                         net (fo=1, routed)           0.000    23.472    game_datapath/game_alu/i__carry__0_i_3__0_n_0
    SLICE_X11Y6          CARRY4 (Prop_carry4_S[1]_CO[3])
                                                      0.550    24.022 r  game_datapath/game_alu/out_sig0_inferred__1/i__carry__0/CO[3]
                         net (fo=1, routed)           0.000    24.022    game_datapath/game_alu/out_sig0_inferred__1/i__carry__0_n_0
    SLICE_X11Y7          CARRY4 (Prop_carry4_CI_CO[3])
                                                      0.114    24.136 r  game_datapath/game_alu/out_sig0_inferred__1/i__carry__1/CO[3]
                         net (fo=1, routed)           0.000    24.136    game_datapath/game_alu/out_sig0_inferred__1/i__carry__1_n_0
    SLICE_X11Y8          CARRY4 (Prop_carry4_CI_O[2])
                                                      0.239    24.375 r  game_datapath/game_alu/out_sig0_inferred__1/i__carry__2/O[2]
                         net (fo=1, routed)           0.983    25.358    game_datapath/game_cu/D_timer_q[31]_i_13_0[2]
    SLICE_X8Y11          LUT6 (Prop_lut6_I1_O)        0.302    25.660 r  game_datapath/game_cu/D_timer_q[30]_i_8/O
                         net (fo=1, routed)           0.857    26.517    game_datapath/game_cu/D_timer_q[30]_i_8_n_0
    SLICE_X10Y12         LUT3 (Prop_lut3_I0_O)        0.148    26.665 f  game_datapath/game_cu/D_timer_q[30]_i_5/O
                         net (fo=1, routed)           0.470    27.134    game_datapath/game_cu/D_timer_q[30]_i_5_n_0
    SLICE_X12Y11         LUT6 (Prop_lut6_I5_O)        0.328    27.462 r  game_datapath/game_cu/D_timer_q[30]_i_1/O
                         net (fo=12, routed)          0.739    28.201    game_datapath/game_regfiles/D[30]
    SLICE_X15Y13         FDRE                                         r  game_datapath/game_regfiles/D_difficulty_q_reg[30]/D
  -------------------------------------------------------------------    -------------------

                         (clock clk_0 rise edge)    100.000   100.000 r  
    N14                                               0.000   100.000 r  clk (IN)
                         net (fo=0)                   0.000   100.000    clk
    N14                  IBUF (Prop_ibuf_I_O)         1.446   101.446 r  clk_IBUF_inst/O
                         net (fo=1, routed)           1.868   103.314    clk_IBUF
    BUFGCTRL_X0Y0        BUFG (Prop_bufg_I_O)         0.091   103.405 r  clk_IBUF_BUFG_inst/O
                         net (fo=867, routed)         1.445   104.850    game_datapath/game_regfiles/clk_IBUF_BUFG
    SLICE_X15Y13         FDRE                                         r  game_datapath/game_regfiles/D_difficulty_q_reg[30]/C
                         clock pessimism              0.259   105.109    
                         clock uncertainty           -0.035   105.074    
    SLICE_X15Y13         FDRE (Setup_fdre_C_D)       -0.047   105.027    game_datapath/game_regfiles/D_difficulty_q_reg[30]
  -------------------------------------------------------------------
                         required time                        105.027    
                         arrival time                         -28.201    
  -------------------------------------------------------------------
                         slack                                 76.826    

Slack (MET) :             76.859ns  (required time - arrival time)
  Source:                 external_reset_button_conditioner/D_ctr_q_reg[11]/C
                            (rising edge-triggered cell FDRE clocked by clk_0  {rise@0.000ns fall@50.000ns period=100.000ns})
  Destination:            game_datapath/game_regfiles/D_user_input_q_reg[30]/D
                            (rising edge-triggered cell FDRE clocked by clk_0  {rise@0.000ns fall@50.000ns period=100.000ns})
  Path Group:             clk_0
  Path Type:              Setup (Max at Slow Process Corner)
  Requirement:            100.000ns  (clk_0 rise@100.000ns - clk_0 rise@0.000ns)
  Data Path Delay:        22.942ns  (logic 8.311ns (36.226%)  route 14.631ns (63.774%))
  Logic Levels:           13  (CARRY4=3 DSP48E1=2 LUT2=1 LUT3=2 LUT4=2 LUT6=3)
  Clock Path Skew:        -0.102ns (DCD - SCD + CPR)
    Destination Clock Delay (DCD):    4.850ns = ( 104.850 - 100.000 ) 
    Source Clock Delay      (SCD):    5.211ns
    Clock Pessimism Removal (CPR):    0.259ns
  Clock Uncertainty:      0.035ns  ((TSJ^2 + TIJ^2)^1/2 + DJ) / 2 + PE
    Total System Jitter     (TSJ):    0.071ns
    Total Input Jitter      (TIJ):    0.000ns
    Discrete Jitter          (DJ):    0.000ns
    Phase Error              (PE):    0.000ns

    Location             Delay type                Incr(ns)  Path(ns)    Netlist Resource(s)
  -------------------------------------------------------------------    -------------------
                         (clock clk_0 rise edge)      0.000     0.000 r  
    N14                                               0.000     0.000 r  clk (IN)
                         net (fo=0)                   0.000     0.000    clk
    N14                  IBUF (Prop_ibuf_I_O)         1.517     1.517 r  clk_IBUF_inst/O
                         net (fo=1, routed)           1.972     3.488    clk_IBUF
    BUFGCTRL_X0Y0        BUFG (Prop_bufg_I_O)         0.096     3.584 r  clk_IBUF_BUFG_inst/O
                         net (fo=867, routed)         1.627     5.211    external_reset_button_conditioner/clk_IBUF_BUFG
    SLICE_X3Y31          FDRE                                         r  external_reset_button_conditioner/D_ctr_q_reg[11]/C
  -------------------------------------------------------------------    -------------------
    SLICE_X3Y31          FDRE (Prop_fdre_C_Q)         0.456     5.667 r  external_reset_button_conditioner/D_ctr_q_reg[11]/Q
                         net (fo=2, routed)           0.833     6.501    external_reset_button_conditioner/D_ctr_q_reg[11]
    SLICE_X2Y32          LUT4 (Prop_lut4_I0_O)        0.124     6.625 f  external_reset_button_conditioner/FSM_onehot_D_game_fsm_q[58]_i_5/O
                         net (fo=3, routed)           0.833     7.458    external_reset_button_conditioner/FSM_onehot_D_game_fsm_q[58]_i_5_n_0
    SLICE_X2Y31          LUT4 (Prop_lut4_I1_O)        0.124     7.582 r  external_reset_button_conditioner/FSM_onehot_D_game_fsm_q[58]_i_1/O
                         net (fo=558, routed)         3.997    11.579    game_datapath/game_cu/rst
    SLICE_X6Y12          LUT3 (Prop_lut3_I1_O)        0.124    11.703 r  game_datapath/game_cu/out_sig0__0_i_24/O
                         net (fo=31, routed)          3.120    14.823    game_datapath/game_regfiles/out_sig0__0_3
    SLICE_X15Y2          LUT6 (Prop_lut6_I5_O)        0.124    14.947 r  game_datapath/game_regfiles/out_sig0__0_i_18/O
                         net (fo=20, routed)          1.661    16.608    game_datapath/game_alu/A[16]
    DSP48_X0Y2           DSP48E1 (Prop_dsp48e1_A[16]_PCOUT[47])
                                                      4.036    20.644 r  game_datapath/game_alu/out_sig0__0/PCOUT[47]
                         net (fo=1, routed)           0.002    20.646    game_datapath/game_alu/out_sig0__0_n_106
    DSP48_X0Y3           DSP48E1 (Prop_dsp48e1_PCIN[47]_P[4])
                                                      1.518    22.164 r  game_datapath/game_alu/out_sig0__1/P[4]
                         net (fo=2, routed)           1.184    23.348    game_datapath/game_alu/out_sig0__1_n_101
    SLICE_X11Y6          LUT2 (Prop_lut2_I0_O)        0.124    23.472 r  game_datapath/game_alu/i__carry__0_i_3__0/O
                         net (fo=1, routed)           0.000    23.472    game_datapath/game_alu/i__carry__0_i_3__0_n_0
    SLICE_X11Y6          CARRY4 (Prop_carry4_S[1]_CO[3])
                                                      0.550    24.022 r  game_datapath/game_alu/out_sig0_inferred__1/i__carry__0/CO[3]
                         net (fo=1, routed)           0.000    24.022    game_datapath/game_alu/out_sig0_inferred__1/i__carry__0_n_0
    SLICE_X11Y7          CARRY4 (Prop_carry4_CI_CO[3])
                                                      0.114    24.136 r  game_datapath/game_alu/out_sig0_inferred__1/i__carry__1/CO[3]
                         net (fo=1, routed)           0.000    24.136    game_datapath/game_alu/out_sig0_inferred__1/i__carry__1_n_0
    SLICE_X11Y8          CARRY4 (Prop_carry4_CI_O[2])
                                                      0.239    24.375 r  game_datapath/game_alu/out_sig0_inferred__1/i__carry__2/O[2]
                         net (fo=1, routed)           0.983    25.358    game_datapath/game_cu/D_timer_q[31]_i_13_0[2]
    SLICE_X8Y11          LUT6 (Prop_lut6_I1_O)        0.302    25.660 r  game_datapath/game_cu/D_timer_q[30]_i_8/O
                         net (fo=1, routed)           0.857    26.517    game_datapath/game_cu/D_timer_q[30]_i_8_n_0
    SLICE_X10Y12         LUT3 (Prop_lut3_I0_O)        0.148    26.665 f  game_datapath/game_cu/D_timer_q[30]_i_5/O
                         net (fo=1, routed)           0.470    27.134    game_datapath/game_cu/D_timer_q[30]_i_5_n_0
    SLICE_X12Y11         LUT6 (Prop_lut6_I5_O)        0.328    27.462 r  game_datapath/game_cu/D_timer_q[30]_i_1/O
                         net (fo=12, routed)          0.692    28.154    game_datapath/game_regfiles/D[30]
    SLICE_X13Y14         FDRE                                         r  game_datapath/game_regfiles/D_user_input_q_reg[30]/D
  -------------------------------------------------------------------    -------------------

                         (clock clk_0 rise edge)    100.000   100.000 r  
    N14                                               0.000   100.000 r  clk (IN)
                         net (fo=0)                   0.000   100.000    clk
    N14                  IBUF (Prop_ibuf_I_O)         1.446   101.446 r  clk_IBUF_inst/O
                         net (fo=1, routed)           1.868   103.314    clk_IBUF
    BUFGCTRL_X0Y0        BUFG (Prop_bufg_I_O)         0.091   103.405 r  clk_IBUF_BUFG_inst/O
                         net (fo=867, routed)         1.445   104.850    game_datapath/game_regfiles/clk_IBUF_BUFG
    SLICE_X13Y14         FDRE                                         r  game_datapath/game_regfiles/D_user_input_q_reg[30]/C
                         clock pessimism              0.259   105.109    
                         clock uncertainty           -0.035   105.074    
    SLICE_X13Y14         FDRE (Setup_fdre_C_D)       -0.061   105.013    game_datapath/game_regfiles/D_user_input_q_reg[30]
  -------------------------------------------------------------------
                         required time                        105.013    
                         arrival time                         -28.154    
  -------------------------------------------------------------------
                         slack                                 76.859    

Slack (MET) :             76.868ns  (required time - arrival time)
  Source:                 external_reset_button_conditioner/D_ctr_q_reg[11]/C
                            (rising edge-triggered cell FDRE clocked by clk_0  {rise@0.000ns fall@50.000ns period=100.000ns})
  Destination:            game_datapath/game_regfiles/D_game_state_q_reg[30]/D
                            (rising edge-triggered cell FDRE clocked by clk_0  {rise@0.000ns fall@50.000ns period=100.000ns})
  Path Group:             clk_0
  Path Type:              Setup (Max at Slow Process Corner)
  Requirement:            100.000ns  (clk_0 rise@100.000ns - clk_0 rise@0.000ns)
  Data Path Delay:        22.934ns  (logic 8.311ns (36.239%)  route 14.623ns (63.761%))
  Logic Levels:           13  (CARRY4=3 DSP48E1=2 LUT2=1 LUT3=2 LUT4=2 LUT6=3)
  Clock Path Skew:        -0.102ns (DCD - SCD + CPR)
    Destination Clock Delay (DCD):    4.850ns = ( 104.850 - 100.000 ) 
    Source Clock Delay      (SCD):    5.211ns
    Clock Pessimism Removal (CPR):    0.259ns
  Clock Uncertainty:      0.035ns  ((TSJ^2 + TIJ^2)^1/2 + DJ) / 2 + PE
    Total System Jitter     (TSJ):    0.071ns
    Total Input Jitter      (TIJ):    0.000ns
    Discrete Jitter          (DJ):    0.000ns
    Phase Error              (PE):    0.000ns

    Location             Delay type                Incr(ns)  Path(ns)    Netlist Resource(s)
  -------------------------------------------------------------------    -------------------
                         (clock clk_0 rise edge)      0.000     0.000 r  
    N14                                               0.000     0.000 r  clk (IN)
                         net (fo=0)                   0.000     0.000    clk
    N14                  IBUF (Prop_ibuf_I_O)         1.517     1.517 r  clk_IBUF_inst/O
                         net (fo=1, routed)           1.972     3.488    clk_IBUF
    BUFGCTRL_X0Y0        BUFG (Prop_bufg_I_O)         0.096     3.584 r  clk_IBUF_BUFG_inst/O
                         net (fo=867, routed)         1.627     5.211    external_reset_button_conditioner/clk_IBUF_BUFG
    SLICE_X3Y31          FDRE                                         r  external_reset_button_conditioner/D_ctr_q_reg[11]/C
  -------------------------------------------------------------------    -------------------
    SLICE_X3Y31          FDRE (Prop_fdre_C_Q)         0.456     5.667 r  external_reset_button_conditioner/D_ctr_q_reg[11]/Q
                         net (fo=2, routed)           0.833     6.501    external_reset_button_conditioner/D_ctr_q_reg[11]
    SLICE_X2Y32          LUT4 (Prop_lut4_I0_O)        0.124     6.625 f  external_reset_button_conditioner/FSM_onehot_D_game_fsm_q[58]_i_5/O
                         net (fo=3, routed)           0.833     7.458    external_reset_button_conditioner/FSM_onehot_D_game_fsm_q[58]_i_5_n_0
    SLICE_X2Y31          LUT4 (Prop_lut4_I1_O)        0.124     7.582 r  external_reset_button_conditioner/FSM_onehot_D_game_fsm_q[58]_i_1/O
                         net (fo=558, routed)         3.997    11.579    game_datapath/game_cu/rst
    SLICE_X6Y12          LUT3 (Prop_lut3_I1_O)        0.124    11.703 r  game_datapath/game_cu/out_sig0__0_i_24/O
                         net (fo=31, routed)          3.120    14.823    game_datapath/game_regfiles/out_sig0__0_3
    SLICE_X15Y2          LUT6 (Prop_lut6_I5_O)        0.124    14.947 r  game_datapath/game_regfiles/out_sig0__0_i_18/O
                         net (fo=20, routed)          1.661    16.608    game_datapath/game_alu/A[16]
    DSP48_X0Y2           DSP48E1 (Prop_dsp48e1_A[16]_PCOUT[47])
                                                      4.036    20.644 r  game_datapath/game_alu/out_sig0__0/PCOUT[47]
                         net (fo=1, routed)           0.002    20.646    game_datapath/game_alu/out_sig0__0_n_106
    DSP48_X0Y3           DSP48E1 (Prop_dsp48e1_PCIN[47]_P[4])
                                                      1.518    22.164 r  game_datapath/game_alu/out_sig0__1/P[4]
                         net (fo=2, routed)           1.184    23.348    game_datapath/game_alu/out_sig0__1_n_101
    SLICE_X11Y6          LUT2 (Prop_lut2_I0_O)        0.124    23.472 r  game_datapath/game_alu/i__carry__0_i_3__0/O
                         net (fo=1, routed)           0.000    23.472    game_datapath/game_alu/i__carry__0_i_3__0_n_0
    SLICE_X11Y6          CARRY4 (Prop_carry4_S[1]_CO[3])
                                                      0.550    24.022 r  game_datapath/game_alu/out_sig0_inferred__1/i__carry__0/CO[3]
                         net (fo=1, routed)           0.000    24.022    game_datapath/game_alu/out_sig0_inferred__1/i__carry__0_n_0
    SLICE_X11Y7          CARRY4 (Prop_carry4_CI_CO[3])
                                                      0.114    24.136 r  game_datapath/game_alu/out_sig0_inferred__1/i__carry__1/CO[3]
                         net (fo=1, routed)           0.000    24.136    game_datapath/game_alu/out_sig0_inferred__1/i__carry__1_n_0
    SLICE_X11Y8          CARRY4 (Prop_carry4_CI_O[2])
                                                      0.239    24.375 r  game_datapath/game_alu/out_sig0_inferred__1/i__carry__2/O[2]
                         net (fo=1, routed)           0.983    25.358    game_datapath/game_cu/D_timer_q[31]_i_13_0[2]
    SLICE_X8Y11          LUT6 (Prop_lut6_I1_O)        0.302    25.660 r  game_datapath/game_cu/D_timer_q[30]_i_8/O
                         net (fo=1, routed)           0.857    26.517    game_datapath/game_cu/D_timer_q[30]_i_8_n_0
    SLICE_X10Y12         LUT3 (Prop_lut3_I0_O)        0.148    26.665 f  game_datapath/game_cu/D_timer_q[30]_i_5/O
                         net (fo=1, routed)           0.470    27.134    game_datapath/game_cu/D_timer_q[30]_i_5_n_0
    SLICE_X12Y11         LUT6 (Prop_lut6_I5_O)        0.328    27.462 r  game_datapath/game_cu/D_timer_q[30]_i_1/O
                         net (fo=12, routed)          0.683    28.146    game_datapath/game_regfiles/D[30]
    SLICE_X13Y13         FDRE                                         r  game_datapath/game_regfiles/D_game_state_q_reg[30]/D
  -------------------------------------------------------------------    -------------------

                         (clock clk_0 rise edge)    100.000   100.000 r  
    N14                                               0.000   100.000 r  clk (IN)
                         net (fo=0)                   0.000   100.000    clk
    N14                  IBUF (Prop_ibuf_I_O)         1.446   101.446 r  clk_IBUF_inst/O
                         net (fo=1, routed)           1.868   103.314    clk_IBUF
    BUFGCTRL_X0Y0        BUFG (Prop_bufg_I_O)         0.091   103.405 r  clk_IBUF_BUFG_inst/O
                         net (fo=867, routed)         1.445   104.850    game_datapath/game_regfiles/clk_IBUF_BUFG
    SLICE_X13Y13         FDRE                                         r  game_datapath/game_regfiles/D_game_state_q_reg[30]/C
                         clock pessimism              0.259   105.109    
                         clock uncertainty           -0.035   105.074    
    SLICE_X13Y13         FDRE (Setup_fdre_C_D)       -0.061   105.013    game_datapath/game_regfiles/D_game_state_q_reg[30]
  -------------------------------------------------------------------
                         required time                        105.013    
                         arrival time                         -28.146    
  -------------------------------------------------------------------
                         slack                                 76.868    

Slack (MET) :             76.893ns  (required time - arrival time)
  Source:                 external_reset_button_conditioner/D_ctr_q_reg[11]/C
                            (rising edge-triggered cell FDRE clocked by clk_0  {rise@0.000ns fall@50.000ns period=100.000ns})
  Destination:            game_datapath/game_regfiles/D_difficulty_q_reg[26]/D
                            (rising edge-triggered cell FDRE clocked by clk_0  {rise@0.000ns fall@50.000ns period=100.000ns})
  Path Group:             clk_0
  Path Type:              Setup (Max at Slow Process Corner)
  Requirement:            100.000ns  (clk_0 rise@100.000ns - clk_0 rise@0.000ns)
  Data Path Delay:        22.912ns  (logic 8.197ns (35.776%)  route 14.715ns (64.224%))
  Logic Levels:           12  (CARRY4=2 DSP48E1=2 LUT2=1 LUT3=2 LUT4=2 LUT6=3)
  Clock Path Skew:        -0.102ns (DCD - SCD + CPR)
    Destination Clock Delay (DCD):    4.850ns = ( 104.850 - 100.000 ) 
    Source Clock Delay      (SCD):    5.211ns
    Clock Pessimism Removal (CPR):    0.259ns
  Clock Uncertainty:      0.035ns  ((TSJ^2 + TIJ^2)^1/2 + DJ) / 2 + PE
    Total System Jitter     (TSJ):    0.071ns
    Total Input Jitter      (TIJ):    0.000ns
    Discrete Jitter          (DJ):    0.000ns
    Phase Error              (PE):    0.000ns

    Location             Delay type                Incr(ns)  Path(ns)    Netlist Resource(s)
  -------------------------------------------------------------------    -------------------
                         (clock clk_0 rise edge)      0.000     0.000 r  
    N14                                               0.000     0.000 r  clk (IN)
                         net (fo=0)                   0.000     0.000    clk
    N14                  IBUF (Prop_ibuf_I_O)         1.517     1.517 r  clk_IBUF_inst/O
                         net (fo=1, routed)           1.972     3.488    clk_IBUF
    BUFGCTRL_X0Y0        BUFG (Prop_bufg_I_O)         0.096     3.584 r  clk_IBUF_BUFG_inst/O
                         net (fo=867, routed)         1.627     5.211    external_reset_button_conditioner/clk_IBUF_BUFG
    SLICE_X3Y31          FDRE                                         r  external_reset_button_conditioner/D_ctr_q_reg[11]/C
  -------------------------------------------------------------------    -------------------
    SLICE_X3Y31          FDRE (Prop_fdre_C_Q)         0.456     5.667 r  external_reset_button_conditioner/D_ctr_q_reg[11]/Q
                         net (fo=2, routed)           0.833     6.501    external_reset_button_conditioner/D_ctr_q_reg[11]
    SLICE_X2Y32          LUT4 (Prop_lut4_I0_O)        0.124     6.625 f  external_reset_button_conditioner/FSM_onehot_D_game_fsm_q[58]_i_5/O
                         net (fo=3, routed)           0.833     7.458    external_reset_button_conditioner/FSM_onehot_D_game_fsm_q[58]_i_5_n_0
    SLICE_X2Y31          LUT4 (Prop_lut4_I1_O)        0.124     7.582 r  external_reset_button_conditioner/FSM_onehot_D_game_fsm_q[58]_i_1/O
                         net (fo=558, routed)         3.997    11.579    game_datapath/game_cu/rst
    SLICE_X6Y12          LUT3 (Prop_lut3_I1_O)        0.124    11.703 r  game_datapath/game_cu/out_sig0__0_i_24/O
                         net (fo=31, routed)          3.120    14.823    game_datapath/game_regfiles/out_sig0__0_3
    SLICE_X15Y2          LUT6 (Prop_lut6_I5_O)        0.124    14.947 r  game_datapath/game_regfiles/out_sig0__0_i_18/O
                         net (fo=20, routed)          1.661    16.608    game_datapath/game_alu/A[16]
    DSP48_X0Y2           DSP48E1 (Prop_dsp48e1_A[16]_PCOUT[47])
                                                      4.036    20.644 r  game_datapath/game_alu/out_sig0__0/PCOUT[47]
                         net (fo=1, routed)           0.002    20.646    game_datapath/game_alu/out_sig0__0_n_106
    DSP48_X0Y3           DSP48E1 (Prop_dsp48e1_PCIN[47]_P[4])
                                                      1.518    22.164 r  game_datapath/game_alu/out_sig0__1/P[4]
                         net (fo=2, routed)           1.184    23.348    game_datapath/game_alu/out_sig0__1_n_101
    SLICE_X11Y6          LUT2 (Prop_lut2_I0_O)        0.124    23.472 r  game_datapath/game_alu/i__carry__0_i_3__0/O
                         net (fo=1, routed)           0.000    23.472    game_datapath/game_alu/i__carry__0_i_3__0_n_0
    SLICE_X11Y6          CARRY4 (Prop_carry4_S[1]_CO[3])
                                                      0.550    24.022 r  game_datapath/game_alu/out_sig0_inferred__1/i__carry__0/CO[3]
                         net (fo=1, routed)           0.000    24.022    game_datapath/game_alu/out_sig0_inferred__1/i__carry__0_n_0
    SLICE_X11Y7          CARRY4 (Prop_carry4_CI_O[2])
                                                      0.239    24.261 r  game_datapath/game_alu/out_sig0_inferred__1/i__carry__1/O[2]
                         net (fo=1, routed)           0.624    24.884    game_datapath/game_cu/D_timer_q[27]_i_5_0[2]
    SLICE_X11Y10         LUT6 (Prop_lut6_I1_O)        0.302    25.186 r  game_datapath/game_cu/D_timer_q[26]_i_8/O
                         net (fo=1, routed)           0.822    26.009    game_datapath/game_cu/D_timer_q[26]_i_8_n_0
    SLICE_X12Y11         LUT3 (Prop_lut3_I0_O)        0.148    26.157 f  game_datapath/game_cu/D_timer_q[26]_i_5/O
                         net (fo=1, routed)           0.604    26.761    game_datapath/game_cu/D_timer_q[26]_i_5_n_0
    SLICE_X13Y11         LUT6 (Prop_lut6_I5_O)        0.328    27.089 r  game_datapath/game_cu/D_timer_q[26]_i_1/O
                         net (fo=12, routed)          1.035    28.123    game_datapath/game_regfiles/D[26]
    SLICE_X15Y13         FDRE                                         r  game_datapath/game_regfiles/D_difficulty_q_reg[26]/D
  -------------------------------------------------------------------    -------------------

                         (clock clk_0 rise edge)    100.000   100.000 r  
    N14                                               0.000   100.000 r  clk (IN)
                         net (fo=0)                   0.000   100.000    clk
    N14                  IBUF (Prop_ibuf_I_O)         1.446   101.446 r  clk_IBUF_inst/O
                         net (fo=1, routed)           1.868   103.314    clk_IBUF
    BUFGCTRL_X0Y0        BUFG (Prop_bufg_I_O)         0.091   103.405 r  clk_IBUF_BUFG_inst/O
                         net (fo=867, routed)         1.445   104.850    game_datapath/game_regfiles/clk_IBUF_BUFG
    SLICE_X15Y13         FDRE                                         r  game_datapath/game_regfiles/D_difficulty_q_reg[26]/C
                         clock pessimism              0.259   105.109    
                         clock uncertainty           -0.035   105.074    
    SLICE_X15Y13         FDRE (Setup_fdre_C_D)       -0.058   105.016    game_datapath/game_regfiles/D_difficulty_q_reg[26]
  -------------------------------------------------------------------
                         required time                        105.016    
                         arrival time                         -28.123    
  -------------------------------------------------------------------
                         slack                                 76.893    

Slack (MET) :             76.898ns  (required time - arrival time)
  Source:                 external_reset_button_conditioner/D_ctr_q_reg[11]/C
                            (rising edge-triggered cell FDRE clocked by clk_0  {rise@0.000ns fall@50.000ns period=100.000ns})
  Destination:            game_datapath/game_regfiles/D_attempts_q_reg[30]/D
                            (rising edge-triggered cell FDRE clocked by clk_0  {rise@0.000ns fall@50.000ns period=100.000ns})
  Path Group:             clk_0
  Path Type:              Setup (Max at Slow Process Corner)
  Requirement:            100.000ns  (clk_0 rise@100.000ns - clk_0 rise@0.000ns)
  Data Path Delay:        22.936ns  (logic 8.311ns (36.235%)  route 14.625ns (63.765%))
  Logic Levels:           13  (CARRY4=3 DSP48E1=2 LUT2=1 LUT3=2 LUT4=2 LUT6=3)
  Clock Path Skew:        -0.102ns (DCD - SCD + CPR)
    Destination Clock Delay (DCD):    4.850ns = ( 104.850 - 100.000 ) 
    Source Clock Delay      (SCD):    5.211ns
    Clock Pessimism Removal (CPR):    0.259ns
  Clock Uncertainty:      0.035ns  ((TSJ^2 + TIJ^2)^1/2 + DJ) / 2 + PE
    Total System Jitter     (TSJ):    0.071ns
    Total Input Jitter      (TIJ):    0.000ns
    Discrete Jitter          (DJ):    0.000ns
    Phase Error              (PE):    0.000ns

    Location             Delay type                Incr(ns)  Path(ns)    Netlist Resource(s)
  -------------------------------------------------------------------    -------------------
                         (clock clk_0 rise edge)      0.000     0.000 r  
    N14                                               0.000     0.000 r  clk (IN)
                         net (fo=0)                   0.000     0.000    clk
    N14                  IBUF (Prop_ibuf_I_O)         1.517     1.517 r  clk_IBUF_inst/O
                         net (fo=1, routed)           1.972     3.488    clk_IBUF
    BUFGCTRL_X0Y0        BUFG (Prop_bufg_I_O)         0.096     3.584 r  clk_IBUF_BUFG_inst/O
                         net (fo=867, routed)         1.627     5.211    external_reset_button_conditioner/clk_IBUF_BUFG
    SLICE_X3Y31          FDRE                                         r  external_reset_button_conditioner/D_ctr_q_reg[11]/C
  -------------------------------------------------------------------    -------------------
    SLICE_X3Y31          FDRE (Prop_fdre_C_Q)         0.456     5.667 r  external_reset_button_conditioner/D_ctr_q_reg[11]/Q
                         net (fo=2, routed)           0.833     6.501    external_reset_button_conditioner/D_ctr_q_reg[11]
    SLICE_X2Y32          LUT4 (Prop_lut4_I0_O)        0.124     6.625 f  external_reset_button_conditioner/FSM_onehot_D_game_fsm_q[58]_i_5/O
                         net (fo=3, routed)           0.833     7.458    external_reset_button_conditioner/FSM_onehot_D_game_fsm_q[58]_i_5_n_0
    SLICE_X2Y31          LUT4 (Prop_lut4_I1_O)        0.124     7.582 r  external_reset_button_conditioner/FSM_onehot_D_game_fsm_q[58]_i_1/O
                         net (fo=558, routed)         3.997    11.579    game_datapath/game_cu/rst
    SLICE_X6Y12          LUT3 (Prop_lut3_I1_O)        0.124    11.703 r  game_datapath/game_cu/out_sig0__0_i_24/O
                         net (fo=31, routed)          3.120    14.823    game_datapath/game_regfiles/out_sig0__0_3
    SLICE_X15Y2          LUT6 (Prop_lut6_I5_O)        0.124    14.947 r  game_datapath/game_regfiles/out_sig0__0_i_18/O
                         net (fo=20, routed)          1.661    16.608    game_datapath/game_alu/A[16]
    DSP48_X0Y2           DSP48E1 (Prop_dsp48e1_A[16]_PCOUT[47])
                                                      4.036    20.644 r  game_datapath/game_alu/out_sig0__0/PCOUT[47]
                         net (fo=1, routed)           0.002    20.646    game_datapath/game_alu/out_sig0__0_n_106
    DSP48_X0Y3           DSP48E1 (Prop_dsp48e1_PCIN[47]_P[4])
                                                      1.518    22.164 r  game_datapath/game_alu/out_sig0__1/P[4]
                         net (fo=2, routed)           1.184    23.348    game_datapath/game_alu/out_sig0__1_n_101
    SLICE_X11Y6          LUT2 (Prop_lut2_I0_O)        0.124    23.472 r  game_datapath/game_alu/i__carry__0_i_3__0/O
                         net (fo=1, routed)           0.000    23.472    game_datapath/game_alu/i__carry__0_i_3__0_n_0
    SLICE_X11Y6          CARRY4 (Prop_carry4_S[1]_CO[3])
                                                      0.550    24.022 r  game_datapath/game_alu/out_sig0_inferred__1/i__carry__0/CO[3]
                         net (fo=1, routed)           0.000    24.022    game_datapath/game_alu/out_sig0_inferred__1/i__carry__0_n_0
    SLICE_X11Y7          CARRY4 (Prop_carry4_CI_CO[3])
                                                      0.114    24.136 r  game_datapath/game_alu/out_sig0_inferred__1/i__carry__1/CO[3]
                         net (fo=1, routed)           0.000    24.136    game_datapath/game_alu/out_sig0_inferred__1/i__carry__1_n_0
    SLICE_X11Y8          CARRY4 (Prop_carry4_CI_O[2])
                                                      0.239    24.375 r  game_datapath/game_alu/out_sig0_inferred__1/i__carry__2/O[2]
                         net (fo=1, routed)           0.983    25.358    game_datapath/game_cu/D_timer_q[31]_i_13_0[2]
    SLICE_X8Y11          LUT6 (Prop_lut6_I1_O)        0.302    25.660 r  game_datapath/game_cu/D_timer_q[30]_i_8/O
                         net (fo=1, routed)           0.857    26.517    game_datapath/game_cu/D_timer_q[30]_i_8_n_0
    SLICE_X10Y12         LUT3 (Prop_lut3_I0_O)        0.148    26.665 f  game_datapath/game_cu/D_timer_q[30]_i_5/O
                         net (fo=1, routed)           0.470    27.134    game_datapath/game_cu/D_timer_q[30]_i_5_n_0
    SLICE_X12Y11         LUT6 (Prop_lut6_I5_O)        0.328    27.462 r  game_datapath/game_cu/D_timer_q[30]_i_1/O
                         net (fo=12, routed)          0.686    28.148    game_datapath/game_regfiles/D[30]
    SLICE_X12Y14         FDRE                                         r  game_datapath/game_regfiles/D_attempts_q_reg[30]/D
  -------------------------------------------------------------------    -------------------

                         (clock clk_0 rise edge)    100.000   100.000 r  
    N14                                               0.000   100.000 r  clk (IN)
                         net (fo=0)                   0.000   100.000    clk
    N14                  IBUF (Prop_ibuf_I_O)         1.446   101.446 r  clk_IBUF_inst/O
                         net (fo=1, routed)           1.868   103.314    clk_IBUF
    BUFGCTRL_X0Y0        BUFG (Prop_bufg_I_O)         0.091   103.405 r  clk_IBUF_BUFG_inst/O
                         net (fo=867, routed)         1.445   104.850    game_datapath/game_regfiles/clk_IBUF_BUFG
    SLICE_X12Y14         FDRE                                         r  game_datapath/game_regfiles/D_attempts_q_reg[30]/C
                         clock pessimism              0.259   105.109    
                         clock uncertainty           -0.035   105.074    
    SLICE_X12Y14         FDRE (Setup_fdre_C_D)       -0.028   105.046    game_datapath/game_regfiles/D_attempts_q_reg[30]
  -------------------------------------------------------------------
                         required time                        105.046    
                         arrival time                         -28.148    
  -------------------------------------------------------------------
                         slack                                 76.898    





Min Delay Paths
--------------------------------------------------------------------------------------
Slack (MET) :             0.122ns  (arrival time - required time)
  Source:                 input_handler/D_pos_q_reg[0]/C
                            (rising edge-triggered cell FDRE clocked by clk_0  {rise@0.000ns fall@50.000ns period=100.000ns})
  Destination:            D_player_input_q_reg[0]/D
                            (rising edge-triggered cell FDRE clocked by clk_0  {rise@0.000ns fall@50.000ns period=100.000ns})
  Path Group:             clk_0
  Path Type:              Hold (Min at Fast Process Corner)
  Requirement:            0.000ns  (clk_0 rise@0.000ns - clk_0 rise@0.000ns)
  Data Path Delay:        0.197ns  (logic 0.141ns (71.611%)  route 0.056ns (28.389%))
  Logic Levels:           0  
  Clock Path Skew:        0.000ns (DCD - SCD - CPR)
    Destination Clock Delay (DCD):    2.013ns
    Source Clock Delay      (SCD):    1.500ns
    Clock Pessimism Removal (CPR):    0.513ns

    Location             Delay type                Incr(ns)  Path(ns)    Netlist Resource(s)
  -------------------------------------------------------------------    -------------------
                         (clock clk_0 rise edge)      0.000     0.000 r  
    N14                                               0.000     0.000 r  clk (IN)
                         net (fo=0)                   0.000     0.000    clk
    N14                  IBUF (Prop_ibuf_I_O)         0.284     0.284 r  clk_IBUF_inst/O
                         net (fo=1, routed)           0.634     0.918    clk_IBUF
    BUFGCTRL_X0Y0        BUFG (Prop_bufg_I_O)         0.026     0.944 r  clk_IBUF_BUFG_inst/O
                         net (fo=867, routed)         0.556     1.500    input_handler/clk_IBUF_BUFG
    SLICE_X9Y22          FDRE                                         r  input_handler/D_pos_q_reg[0]/C
  -------------------------------------------------------------------    -------------------
    SLICE_X9Y22          FDRE (Prop_fdre_C_Q)         0.141     1.641 r  input_handler/D_pos_q_reg[0]/Q
                         net (fo=1, routed)           0.056     1.697    M_input_handler_position[0]
    SLICE_X9Y22          FDRE                                         r  D_player_input_q_reg[0]/D
  -------------------------------------------------------------------    -------------------

                         (clock clk_0 rise edge)      0.000     0.000 r  
    N14                                               0.000     0.000 r  clk (IN)
                         net (fo=0)                   0.000     0.000    clk
    N14                  IBUF (Prop_ibuf_I_O)         0.472     0.472 r  clk_IBUF_inst/O
                         net (fo=1, routed)           0.689     1.161    clk_IBUF
    BUFGCTRL_X0Y0        BUFG (Prop_bufg_I_O)         0.029     1.190 r  clk_IBUF_BUFG_inst/O
                         net (fo=867, routed)         0.823     2.013    clk_IBUF_BUFG
    SLICE_X9Y22          FDRE                                         r  D_player_input_q_reg[0]/C
                         clock pessimism             -0.513     1.500    
    SLICE_X9Y22          FDRE (Hold_fdre_C_D)         0.075     1.575    D_player_input_q_reg[0]
  -------------------------------------------------------------------
                         required time                         -1.575    
                         arrival time                           1.697    
  -------------------------------------------------------------------
                         slack                                  0.122    

Slack (MET) :             0.197ns  (arrival time - required time)
  Source:                 input_handler/D_pos_q_reg[2]/C
                            (rising edge-triggered cell FDRE clocked by clk_0  {rise@0.000ns fall@50.000ns period=100.000ns})
  Destination:            D_player_input_q_reg[2]/D
                            (rising edge-triggered cell FDRE clocked by clk_0  {rise@0.000ns fall@50.000ns period=100.000ns})
  Path Group:             clk_0
  Path Type:              Hold (Min at Fast Process Corner)
  Requirement:            0.000ns  (clk_0 rise@0.000ns - clk_0 rise@0.000ns)
  Data Path Delay:        0.280ns  (logic 0.164ns (58.537%)  route 0.116ns (41.463%))
  Logic Levels:           0  
  Clock Path Skew:        0.013ns (DCD - SCD - CPR)
    Destination Clock Delay (DCD):    2.013ns
    Source Clock Delay      (SCD):    1.500ns
    Clock Pessimism Removal (CPR):    0.500ns

    Location             Delay type                Incr(ns)  Path(ns)    Netlist Resource(s)
  -------------------------------------------------------------------    -------------------
                         (clock clk_0 rise edge)      0.000     0.000 r  
    N14                                               0.000     0.000 r  clk (IN)
                         net (fo=0)                   0.000     0.000    clk
    N14                  IBUF (Prop_ibuf_I_O)         0.284     0.284 r  clk_IBUF_inst/O
                         net (fo=1, routed)           0.634     0.918    clk_IBUF
    BUFGCTRL_X0Y0        BUFG (Prop_bufg_I_O)         0.026     0.944 r  clk_IBUF_BUFG_inst/O
                         net (fo=867, routed)         0.556     1.500    input_handler/clk_IBUF_BUFG
    SLICE_X8Y22          FDRE                                         r  input_handler/D_pos_q_reg[2]/C
  -------------------------------------------------------------------    -------------------
    SLICE_X8Y22          FDRE (Prop_fdre_C_Q)         0.164     1.664 r  input_handler/D_pos_q_reg[2]/Q
                         net (fo=1, routed)           0.116     1.780    M_input_handler_position[2]
    SLICE_X9Y22          FDRE                                         r  D_player_input_q_reg[2]/D
  -------------------------------------------------------------------    -------------------

                         (clock clk_0 rise edge)      0.000     0.000 r  
    N14                                               0.000     0.000 r  clk (IN)
                         net (fo=0)                   0.000     0.000    clk
    N14                  IBUF (Prop_ibuf_I_O)         0.472     0.472 r  clk_IBUF_inst/O
                         net (fo=1, routed)           0.689     1.161    clk_IBUF
    BUFGCTRL_X0Y0        BUFG (Prop_bufg_I_O)         0.029     1.190 r  clk_IBUF_BUFG_inst/O
                         net (fo=867, routed)         0.823     2.013    clk_IBUF_BUFG
    SLICE_X9Y22          FDRE                                         r  D_player_input_q_reg[2]/C
                         clock pessimism             -0.500     1.513    
    SLICE_X9Y22          FDRE (Hold_fdre_C_D)         0.070     1.583    D_player_input_q_reg[2]
  -------------------------------------------------------------------
                         required time                         -1.583    
                         arrival time                           1.780    
  -------------------------------------------------------------------
                         slack                                  0.197    

Slack (MET) :             0.199ns  (arrival time - required time)
  Source:                 game_datapath/game_cu/D_delay_fsm_q_reg[0]/C
                            (rising edge-triggered cell FDRE clocked by clk_0  {rise@0.000ns fall@50.000ns period=100.000ns})
  Destination:            game_datapath/game_cu/D_delay_fsm_q_reg[2]/D
                            (rising edge-triggered cell FDRE clocked by clk_0  {rise@0.000ns fall@50.000ns period=100.000ns})
  Path Group:             clk_0
  Path Type:              Hold (Min at Fast Process Corner)
  Requirement:            0.000ns  (clk_0 rise@0.000ns - clk_0 rise@0.000ns)
  Data Path Delay:        0.319ns  (logic 0.189ns (59.230%)  route 0.130ns (40.770%))
  Logic Levels:           1  (LUT3=1)
  Clock Path Skew:        0.013ns (DCD - SCD - CPR)
    Destination Clock Delay (DCD):    2.050ns
    Source Clock Delay      (SCD):    1.535ns
    Clock Pessimism Removal (CPR):    0.502ns

    Location             Delay type                Incr(ns)  Path(ns)    Netlist Resource(s)
  -------------------------------------------------------------------    -------------------
                         (clock clk_0 rise edge)      0.000     0.000 r  
    N14                                               0.000     0.000 r  clk (IN)
                         net (fo=0)                   0.000     0.000    clk
    N14                  IBUF (Prop_ibuf_I_O)         0.284     0.284 r  clk_IBUF_inst/O
                         net (fo=1, routed)           0.634     0.918    clk_IBUF
    BUFGCTRL_X0Y0        BUFG (Prop_bufg_I_O)         0.026     0.944 r  clk_IBUF_BUFG_inst/O
                         net (fo=867, routed)         0.591     1.535    game_datapath/game_cu/clk_IBUF_BUFG
    SLICE_X0Y15          FDRE                                         r  game_datapath/game_cu/D_delay_fsm_q_reg[0]/C
  -------------------------------------------------------------------    -------------------
    SLICE_X0Y15          FDRE (Prop_fdre_C_Q)         0.141     1.676 r  game_datapath/game_cu/D_delay_fsm_q_reg[0]/Q
                         net (fo=7, routed)           0.130     1.806    game_datapath/game_cu/D_delay_fsm_q_reg[0]
    SLICE_X1Y15          LUT3 (Prop_lut3_I2_O)        0.048     1.854 r  game_datapath/game_cu/D_delay_fsm_q[2]_i_1/O
                         net (fo=1, routed)           0.000     1.854    game_datapath/game_cu/D_delay_fsm_d[2]
    SLICE_X1Y15          FDRE                                         r  game_datapath/game_cu/D_delay_fsm_q_reg[2]/D
  -------------------------------------------------------------------    -------------------

                         (clock clk_0 rise edge)      0.000     0.000 r  
    N14                                               0.000     0.000 r  clk (IN)
                         net (fo=0)                   0.000     0.000    clk
    N14                  IBUF (Prop_ibuf_I_O)         0.472     0.472 r  clk_IBUF_inst/O
                         net (fo=1, routed)           0.689     1.161    clk_IBUF
    BUFGCTRL_X0Y0        BUFG (Prop_bufg_I_O)         0.029     1.190 r  clk_IBUF_BUFG_inst/O
                         net (fo=867, routed)         0.860     2.050    game_datapath/game_cu/clk_IBUF_BUFG
    SLICE_X1Y15          FDRE                                         r  game_datapath/game_cu/D_delay_fsm_q_reg[2]/C
                         clock pessimism             -0.502     1.548    
    SLICE_X1Y15          FDRE (Hold_fdre_C_D)         0.107     1.655    game_datapath/game_cu/D_delay_fsm_q_reg[2]
  -------------------------------------------------------------------
                         required time                         -1.655    
                         arrival time                           1.854    
  -------------------------------------------------------------------
                         slack                                  0.199    

Slack (MET) :             0.201ns  (arrival time - required time)
  Source:                 game_datapath/game_cu/D_delay_fsm_q_reg[0]/C
                            (rising edge-triggered cell FDRE clocked by clk_0  {rise@0.000ns fall@50.000ns period=100.000ns})
  Destination:            game_datapath/game_cu/D_delay_fsm_q_reg[4]/D
                            (rising edge-triggered cell FDRE clocked by clk_0  {rise@0.000ns fall@50.000ns period=100.000ns})
  Path Group:             clk_0
  Path Type:              Hold (Min at Fast Process Corner)
  Requirement:            0.000ns  (clk_0 rise@0.000ns - clk_0 rise@0.000ns)
  Data Path Delay:        0.321ns  (logic 0.190ns (59.172%)  route 0.131ns (40.828%))
  Logic Levels:           1  (LUT5=1)
  Clock Path Skew:        0.013ns (DCD - SCD - CPR)
    Destination Clock Delay (DCD):    2.050ns
    Source Clock Delay      (SCD):    1.535ns
    Clock Pessimism Removal (CPR):    0.502ns

    Location             Delay type                Incr(ns)  Path(ns)    Netlist Resource(s)
  -------------------------------------------------------------------    -------------------
                         (clock clk_0 rise edge)      0.000     0.000 r  
    N14                                               0.000     0.000 r  clk (IN)
                         net (fo=0)                   0.000     0.000    clk
    N14                  IBUF (Prop_ibuf_I_O)         0.284     0.284 r  clk_IBUF_inst/O
                         net (fo=1, routed)           0.634     0.918    clk_IBUF
    BUFGCTRL_X0Y0        BUFG (Prop_bufg_I_O)         0.026     0.944 r  clk_IBUF_BUFG_inst/O
                         net (fo=867, routed)         0.591     1.535    game_datapath/game_cu/clk_IBUF_BUFG
    SLICE_X0Y15          FDRE                                         r  game_datapath/game_cu/D_delay_fsm_q_reg[0]/C
  -------------------------------------------------------------------    -------------------
    SLICE_X0Y15          FDRE (Prop_fdre_C_Q)         0.141     1.676 r  game_datapath/game_cu/D_delay_fsm_q_reg[0]/Q
                         net (fo=7, routed)           0.131     1.807    game_datapath/game_cu/D_delay_fsm_q_reg[0]
    SLICE_X1Y15          LUT5 (Prop_lut5_I3_O)        0.049     1.856 r  game_datapath/game_cu/D_delay_fsm_q[4]_i_1/O
                         net (fo=1, routed)           0.000     1.856    game_datapath/game_cu/D_delay_fsm_d[4]
    SLICE_X1Y15          FDRE                                         r  game_datapath/game_cu/D_delay_fsm_q_reg[4]/D
  -------------------------------------------------------------------    -------------------

                         (clock clk_0 rise edge)      0.000     0.000 r  
    N14                                               0.000     0.000 r  clk (IN)
                         net (fo=0)                   0.000     0.000    clk
    N14                  IBUF (Prop_ibuf_I_O)         0.472     0.472 r  clk_IBUF_inst/O
                         net (fo=1, routed)           0.689     1.161    clk_IBUF
    BUFGCTRL_X0Y0        BUFG (Prop_bufg_I_O)         0.029     1.190 r  clk_IBUF_BUFG_inst/O
                         net (fo=867, routed)         0.860     2.050    game_datapath/game_cu/clk_IBUF_BUFG
    SLICE_X1Y15          FDRE                                         r  game_datapath/game_cu/D_delay_fsm_q_reg[4]/C
                         clock pessimism             -0.502     1.548    
    SLICE_X1Y15          FDRE (Hold_fdre_C_D)         0.107     1.655    game_datapath/game_cu/D_delay_fsm_q_reg[4]
  -------------------------------------------------------------------
                         required time                         -1.655    
                         arrival time                           1.856    
  -------------------------------------------------------------------
                         slack                                  0.201    

Slack (MET) :             0.201ns  (arrival time - required time)
  Source:                 input_handler/D_pos_q_reg[1]/C
                            (rising edge-triggered cell FDRE clocked by clk_0  {rise@0.000ns fall@50.000ns period=100.000ns})
  Destination:            D_player_input_q_reg[1]/D
                            (rising edge-triggered cell FDRE clocked by clk_0  {rise@0.000ns fall@50.000ns period=100.000ns})
  Path Group:             clk_0
  Path Type:              Hold (Min at Fast Process Corner)
  Requirement:            0.000ns  (clk_0 rise@0.000ns - clk_0 rise@0.000ns)
  Data Path Delay:        0.280ns  (logic 0.164ns (58.537%)  route 0.116ns (41.463%))
  Logic Levels:           0  
  Clock Path Skew:        0.013ns (DCD - SCD - CPR)
    Destination Clock Delay (DCD):    2.013ns
    Source Clock Delay      (SCD):    1.500ns
    Clock Pessimism Removal (CPR):    0.500ns

    Location             Delay type                Incr(ns)  Path(ns)    Netlist Resource(s)
  -------------------------------------------------------------------    -------------------
                         (clock clk_0 rise edge)      0.000     0.000 r  
    N14                                               0.000     0.000 r  clk (IN)
                         net (fo=0)                   0.000     0.000    clk
    N14                  IBUF (Prop_ibuf_I_O)         0.284     0.284 r  clk_IBUF_inst/O
                         net (fo=1, routed)           0.634     0.918    clk_IBUF
    BUFGCTRL_X0Y0        BUFG (Prop_bufg_I_O)         0.026     0.944 r  clk_IBUF_BUFG_inst/O
                         net (fo=867, routed)         0.556     1.500    input_handler/clk_IBUF_BUFG
    SLICE_X8Y22          FDRE                                         r  input_handler/D_pos_q_reg[1]/C
  -------------------------------------------------------------------    -------------------
    SLICE_X8Y22          FDRE (Prop_fdre_C_Q)         0.164     1.664 r  input_handler/D_pos_q_reg[1]/Q
                         net (fo=1, routed)           0.116     1.780    M_input_handler_position[1]
    SLICE_X9Y22          FDRE                                         r  D_player_input_q_reg[1]/D
  -------------------------------------------------------------------    -------------------

                         (clock clk_0 rise edge)      0.000     0.000 r  
    N14                                               0.000     0.000 r  clk (IN)
                         net (fo=0)                   0.000     0.000    clk
    N14                  IBUF (Prop_ibuf_I_O)         0.472     0.472 r  clk_IBUF_inst/O
                         net (fo=1, routed)           0.689     1.161    clk_IBUF
    BUFGCTRL_X0Y0        BUFG (Prop_bufg_I_O)         0.029     1.190 r  clk_IBUF_BUFG_inst/O
                         net (fo=867, routed)         0.823     2.013    clk_IBUF_BUFG
    SLICE_X9Y22          FDRE                                         r  D_player_input_q_reg[1]/C
                         clock pessimism             -0.500     1.513    
    SLICE_X9Y22          FDRE (Hold_fdre_C_D)         0.066     1.579    D_player_input_q_reg[1]
  -------------------------------------------------------------------
                         required time                         -1.579    
                         arrival time                           1.780    
  -------------------------------------------------------------------
                         slack                                  0.201    

Slack (MET) :             0.211ns  (arrival time - required time)
  Source:                 game_datapath/game_cu/FSM_onehot_D_game_fsm_q_reg[8]/C
                            (rising edge-triggered cell FDRE clocked by clk_0  {rise@0.000ns fall@50.000ns period=100.000ns})
  Destination:            game_datapath/game_cu/FSM_onehot_D_game_fsm_q_reg[9]/D
                            (rising edge-triggered cell FDRE clocked by clk_0  {rise@0.000ns fall@50.000ns period=100.000ns})
  Path Group:             clk_0
  Path Type:              Hold (Min at Fast Process Corner)
  Requirement:            0.000ns  (clk_0 rise@0.000ns - clk_0 rise@0.000ns)
  Data Path Delay:        0.354ns  (logic 0.190ns (53.617%)  route 0.164ns (46.383%))
  Logic Levels:           1  (LUT2=1)
  Clock Path Skew:        0.036ns (DCD - SCD - CPR)
    Destination Clock Delay (DCD):    2.049ns
    Source Clock Delay      (SCD):    1.533ns
    Clock Pessimism Removal (CPR):    0.480ns

    Location             Delay type                Incr(ns)  Path(ns)    Netlist Resource(s)
  -------------------------------------------------------------------    -------------------
                         (clock clk_0 rise edge)      0.000     0.000 r  
    N14                                               0.000     0.000 r  clk (IN)
                         net (fo=0)                   0.000     0.000    clk
    N14                  IBUF (Prop_ibuf_I_O)         0.284     0.284 r  clk_IBUF_inst/O
                         net (fo=1, routed)           0.634     0.918    clk_IBUF
    BUFGCTRL_X0Y0        BUFG (Prop_bufg_I_O)         0.026     0.944 r  clk_IBUF_BUFG_inst/O
                         net (fo=867, routed)         0.589     1.533    game_datapath/game_cu/clk_IBUF_BUFG
    SLICE_X5Y15          FDRE                                         r  game_datapath/game_cu/FSM_onehot_D_game_fsm_q_reg[8]/C
  -------------------------------------------------------------------    -------------------
    SLICE_X5Y15          FDRE (Prop_fdre_C_Q)         0.141     1.674 r  game_datapath/game_cu/FSM_onehot_D_game_fsm_q_reg[8]/Q
                         net (fo=6, routed)           0.164     1.838    game_datapath/game_cu/FSM_onehot_D_game_fsm_q_reg_n_0_[8]
    SLICE_X3Y16          LUT2 (Prop_lut2_I0_O)        0.049     1.887 r  game_datapath/game_cu/FSM_onehot_D_game_fsm_q[9]_i_1/O
                         net (fo=1, routed)           0.000     1.887    game_datapath/game_cu/FSM_onehot_D_game_fsm_q[9]_i_1_n_0
    SLICE_X3Y16          FDRE                                         r  game_datapath/game_cu/FSM_onehot_D_game_fsm_q_reg[9]/D
  -------------------------------------------------------------------    -------------------

                         (clock clk_0 rise edge)      0.000     0.000 r  
    N14                                               0.000     0.000 r  clk (IN)
                         net (fo=0)                   0.000     0.000    clk
    N14                  IBUF (Prop_ibuf_I_O)         0.472     0.472 r  clk_IBUF_inst/O
                         net (fo=1, routed)           0.689     1.161    clk_IBUF
    BUFGCTRL_X0Y0        BUFG (Prop_bufg_I_O)         0.029     1.190 r  clk_IBUF_BUFG_inst/O
                         net (fo=867, routed)         0.859     2.049    game_datapath/game_cu/clk_IBUF_BUFG
    SLICE_X3Y16          FDRE                                         r  game_datapath/game_cu/FSM_onehot_D_game_fsm_q_reg[9]/C
                         clock pessimism             -0.480     1.569    
    SLICE_X3Y16          FDRE (Hold_fdre_C_D)         0.107     1.676    game_datapath/game_cu/FSM_onehot_D_game_fsm_q_reg[9]
  -------------------------------------------------------------------
                         required time                         -1.676    
                         arrival time                           1.887    
  -------------------------------------------------------------------
                         slack                                  0.211    

Slack (MET) :             0.212ns  (arrival time - required time)
  Source:                 game_datapath/game_cu/D_delay_fsm_q_reg[0]/C
                            (rising edge-triggered cell FDRE clocked by clk_0  {rise@0.000ns fall@50.000ns period=100.000ns})
  Destination:            game_datapath/game_cu/D_delay_fsm_q_reg[1]/D
                            (rising edge-triggered cell FDRE clocked by clk_0  {rise@0.000ns fall@50.000ns period=100.000ns})
  Path Group:             clk_0
  Path Type:              Hold (Min at Fast Process Corner)
  Requirement:            0.000ns  (clk_0 rise@0.000ns - clk_0 rise@0.000ns)
  Data Path Delay:        0.316ns  (logic 0.186ns (58.843%)  route 0.130ns (41.157%))
  Logic Levels:           1  (LUT2=1)
  Clock Path Skew:        0.013ns (DCD - SCD - CPR)
    Destination Clock Delay (DCD):    2.050ns
    Source Clock Delay      (SCD):    1.535ns
    Clock Pessimism Removal (CPR):    0.502ns

    Location             Delay type                Incr(ns)  Path(ns)    Netlist Resource(s)
  -------------------------------------------------------------------    -------------------
                         (clock clk_0 rise edge)      0.000     0.000 r  
    N14                                               0.000     0.000 r  clk (IN)
                         net (fo=0)                   0.000     0.000    clk
    N14                  IBUF (Prop_ibuf_I_O)         0.284     0.284 r  clk_IBUF_inst/O
                         net (fo=1, routed)           0.634     0.918    clk_IBUF
    BUFGCTRL_X0Y0        BUFG (Prop_bufg_I_O)         0.026     0.944 r  clk_IBUF_BUFG_inst/O
                         net (fo=867, routed)         0.591     1.535    game_datapath/game_cu/clk_IBUF_BUFG
    SLICE_X0Y15          FDRE                                         r  game_datapath/game_cu/D_delay_fsm_q_reg[0]/C
  -------------------------------------------------------------------    -------------------
    SLICE_X0Y15          FDRE (Prop_fdre_C_Q)         0.141     1.676 r  game_datapath/game_cu/D_delay_fsm_q_reg[0]/Q
                         net (fo=7, routed)           0.130     1.806    game_datapath/game_cu/D_delay_fsm_q_reg[0]
    SLICE_X1Y15          LUT2 (Prop_lut2_I0_O)        0.045     1.851 r  game_datapath/game_cu/D_delay_fsm_q[1]_i_1/O
                         net (fo=1, routed)           0.000     1.851    game_datapath/game_cu/D_delay_fsm_d[1]
    SLICE_X1Y15          FDRE                                         r  game_datapath/game_cu/D_delay_fsm_q_reg[1]/D
  -------------------------------------------------------------------    -------------------

                         (clock clk_0 rise edge)      0.000     0.000 r  
    N14                                               0.000     0.000 r  clk (IN)
                         net (fo=0)                   0.000     0.000    clk
    N14                  IBUF (Prop_ibuf_I_O)         0.472     0.472 r  clk_IBUF_inst/O
                         net (fo=1, routed)           0.689     1.161    clk_IBUF
    BUFGCTRL_X0Y0        BUFG (Prop_bufg_I_O)         0.029     1.190 r  clk_IBUF_BUFG_inst/O
                         net (fo=867, routed)         0.860     2.050    game_datapath/game_cu/clk_IBUF_BUFG
    SLICE_X1Y15          FDRE                                         r  game_datapath/game_cu/D_delay_fsm_q_reg[1]/C
                         clock pessimism             -0.502     1.548    
    SLICE_X1Y15          FDRE (Hold_fdre_C_D)         0.091     1.639    game_datapath/game_cu/D_delay_fsm_q_reg[1]
  -------------------------------------------------------------------
                         required time                         -1.639    
                         arrival time                           1.851    
  -------------------------------------------------------------------
                         slack                                  0.212    

Slack (MET) :             0.212ns  (arrival time - required time)
  Source:                 game_datapath/game_cu/D_delay_fsm_q_reg[0]/C
                            (rising edge-triggered cell FDRE clocked by clk_0  {rise@0.000ns fall@50.000ns period=100.000ns})
  Destination:            game_datapath/game_cu/D_delay_fsm_q_reg[3]/D
                            (rising edge-triggered cell FDRE clocked by clk_0  {rise@0.000ns fall@50.000ns period=100.000ns})
  Path Group:             clk_0
  Path Type:              Hold (Min at Fast Process Corner)
  Requirement:            0.000ns  (clk_0 rise@0.000ns - clk_0 rise@0.000ns)
  Data Path Delay:        0.317ns  (logic 0.186ns (58.657%)  route 0.131ns (41.343%))
  Logic Levels:           1  (LUT4=1)
  Clock Path Skew:        0.013ns (DCD - SCD - CPR)
    Destination Clock Delay (DCD):    2.050ns
    Source Clock Delay      (SCD):    1.535ns
    Clock Pessimism Removal (CPR):    0.502ns

    Location             Delay type                Incr(ns)  Path(ns)    Netlist Resource(s)
  -------------------------------------------------------------------    -------------------
                         (clock clk_0 rise edge)      0.000     0.000 r  
    N14                                               0.000     0.000 r  clk (IN)
                         net (fo=0)                   0.000     0.000    clk
    N14                  IBUF (Prop_ibuf_I_O)         0.284     0.284 r  clk_IBUF_inst/O
                         net (fo=1, routed)           0.634     0.918    clk_IBUF
    BUFGCTRL_X0Y0        BUFG (Prop_bufg_I_O)         0.026     0.944 r  clk_IBUF_BUFG_inst/O
                         net (fo=867, routed)         0.591     1.535    game_datapath/game_cu/clk_IBUF_BUFG
    SLICE_X0Y15          FDRE                                         r  game_datapath/game_cu/D_delay_fsm_q_reg[0]/C
  -------------------------------------------------------------------    -------------------
    SLICE_X0Y15          FDRE (Prop_fdre_C_Q)         0.141     1.676 r  game_datapath/game_cu/D_delay_fsm_q_reg[0]/Q
                         net (fo=7, routed)           0.131     1.807    game_datapath/game_cu/D_delay_fsm_q_reg[0]
    SLICE_X1Y15          LUT4 (Prop_lut4_I1_O)        0.045     1.852 r  game_datapath/game_cu/D_delay_fsm_q[3]_i_1/O
                         net (fo=1, routed)           0.000     1.852    game_datapath/game_cu/D_delay_fsm_d[3]
    SLICE_X1Y15          FDRE                                         r  game_datapath/game_cu/D_delay_fsm_q_reg[3]/D
  -------------------------------------------------------------------    -------------------

                         (clock clk_0 rise edge)      0.000     0.000 r  
    N14                                               0.000     0.000 r  clk (IN)
                         net (fo=0)                   0.000     0.000    clk
    N14                  IBUF (Prop_ibuf_I_O)         0.472     0.472 r  clk_IBUF_inst/O
                         net (fo=1, routed)           0.689     1.161    clk_IBUF
    BUFGCTRL_X0Y0        BUFG (Prop_bufg_I_O)         0.029     1.190 r  clk_IBUF_BUFG_inst/O
                         net (fo=867, routed)         0.860     2.050    game_datapath/game_cu/clk_IBUF_BUFG
    SLICE_X1Y15          FDRE                                         r  game_datapath/game_cu/D_delay_fsm_q_reg[3]/C
                         clock pessimism             -0.502     1.548    
    SLICE_X1Y15          FDRE (Hold_fdre_C_D)         0.092     1.640    game_datapath/game_cu/D_delay_fsm_q_reg[3]
  -------------------------------------------------------------------
                         required time                         -1.640    
                         arrival time                           1.852    
  -------------------------------------------------------------------
                         slack                                  0.212    

Slack (MET) :             0.218ns  (arrival time - required time)
  Source:                 game_datapath/game_cu/FSM_onehot_D_game_fsm_q_reg[0]/C
                            (rising edge-triggered cell FDSE clocked by clk_0  {rise@0.000ns fall@50.000ns period=100.000ns})
  Destination:            game_datapath/game_cu/FSM_onehot_D_game_fsm_q_reg[1]/D
                            (rising edge-triggered cell FDRE clocked by clk_0  {rise@0.000ns fall@50.000ns period=100.000ns})
  Path Group:             clk_0
  Path Type:              Hold (Min at Fast Process Corner)
  Requirement:            0.000ns  (clk_0 rise@0.000ns - clk_0 rise@0.000ns)
  Data Path Delay:        0.302ns  (logic 0.164ns (54.366%)  route 0.138ns (45.634%))
  Logic Levels:           0  
  Clock Path Skew:        0.014ns (DCD - SCD - CPR)
    Destination Clock Delay (DCD):    2.020ns
    Source Clock Delay      (SCD):    1.506ns
    Clock Pessimism Removal (CPR):    0.500ns

    Location             Delay type                Incr(ns)  Path(ns)    Netlist Resource(s)
  -------------------------------------------------------------------    -------------------
                         (clock clk_0 rise edge)      0.000     0.000 r  
    N14                                               0.000     0.000 r  clk (IN)
                         net (fo=0)                   0.000     0.000    clk
    N14                  IBUF (Prop_ibuf_I_O)         0.284     0.284 r  clk_IBUF_inst/O
                         net (fo=1, routed)           0.634     0.918    clk_IBUF
    BUFGCTRL_X0Y0        BUFG (Prop_bufg_I_O)         0.026     0.944 r  clk_IBUF_BUFG_inst/O
                         net (fo=867, routed)         0.562     1.506    game_datapath/game_cu/clk_IBUF_BUFG
    SLICE_X8Y13          FDSE                                         r  game_datapath/game_cu/FSM_onehot_D_game_fsm_q_reg[0]/C
  -------------------------------------------------------------------    -------------------
    SLICE_X8Y13          FDSE (Prop_fdse_C_Q)         0.164     1.670 r  game_datapath/game_cu/FSM_onehot_D_game_fsm_q_reg[0]/Q
                         net (fo=4, routed)           0.138     1.807    game_datapath/game_cu/FSM_onehot_D_game_fsm_q_reg_n_0_[0]
    SLICE_X9Y15          FDRE                                         r  game_datapath/game_cu/FSM_onehot_D_game_fsm_q_reg[1]/D
  -------------------------------------------------------------------    -------------------

                         (clock clk_0 rise edge)      0.000     0.000 r  
    N14                                               0.000     0.000 r  clk (IN)
                         net (fo=0)                   0.000     0.000    clk
    N14                  IBUF (Prop_ibuf_I_O)         0.472     0.472 r  clk_IBUF_inst/O
                         net (fo=1, routed)           0.689     1.161    clk_IBUF
    BUFGCTRL_X0Y0        BUFG (Prop_bufg_I_O)         0.029     1.190 r  clk_IBUF_BUFG_inst/O
                         net (fo=867, routed)         0.830     2.020    game_datapath/game_cu/clk_IBUF_BUFG
    SLICE_X9Y15          FDRE                                         r  game_datapath/game_cu/FSM_onehot_D_game_fsm_q_reg[1]/C
                         clock pessimism             -0.500     1.520    
    SLICE_X9Y15          FDRE (Hold_fdre_C_D)         0.070     1.590    game_datapath/game_cu/FSM_onehot_D_game_fsm_q_reg[1]
  -------------------------------------------------------------------
                         required time                         -1.590    
                         arrival time                           1.807    
  -------------------------------------------------------------------
                         slack                                  0.218    

Slack (MET) :             0.222ns  (arrival time - required time)
  Source:                 game_datapath/game_cu/FSM_onehot_D_game_fsm_q_reg[8]/C
                            (rising edge-triggered cell FDRE clocked by clk_0  {rise@0.000ns fall@50.000ns period=100.000ns})
  Destination:            game_datapath/game_cu/FSM_onehot_D_game_fsm_q_reg[54]/D
                            (rising edge-triggered cell FDRE clocked by clk_0  {rise@0.000ns fall@50.000ns period=100.000ns})
  Path Group:             clk_0
  Path Type:              Hold (Min at Fast Process Corner)
  Requirement:            0.000ns  (clk_0 rise@0.000ns - clk_0 rise@0.000ns)
  Data Path Delay:        0.350ns  (logic 0.186ns (53.087%)  route 0.164ns (46.913%))
  Logic Levels:           1  (LUT2=1)
  Clock Path Skew:        0.036ns (DCD - SCD - CPR)
    Destination Clock Delay (DCD):    2.049ns
    Source Clock Delay      (SCD):    1.533ns
    Clock Pessimism Removal (CPR):    0.480ns

    Location             Delay type                Incr(ns)  Path(ns)    Netlist Resource(s)
  -------------------------------------------------------------------    -------------------
                         (clock clk_0 rise edge)      0.000     0.000 r  
    N14                                               0.000     0.000 r  clk (IN)
                         net (fo=0)                   0.000     0.000    clk
    N14                  IBUF (Prop_ibuf_I_O)         0.284     0.284 r  clk_IBUF_inst/O
                         net (fo=1, routed)           0.634     0.918    clk_IBUF
    BUFGCTRL_X0Y0        BUFG (Prop_bufg_I_O)         0.026     0.944 r  clk_IBUF_BUFG_inst/O
                         net (fo=867, routed)         0.589     1.533    game_datapath/game_cu/clk_IBUF_BUFG
    SLICE_X5Y15          FDRE                                         r  game_datapath/game_cu/FSM_onehot_D_game_fsm_q_reg[8]/C
  -------------------------------------------------------------------    -------------------
    SLICE_X5Y15          FDRE (Prop_fdre_C_Q)         0.141     1.674 r  game_datapath/game_cu/FSM_onehot_D_game_fsm_q_reg[8]/Q
                         net (fo=6, routed)           0.164     1.838    game_datapath/game_cu/FSM_onehot_D_game_fsm_q_reg_n_0_[8]
    SLICE_X3Y16          LUT2 (Prop_lut2_I0_O)        0.045     1.883 r  game_datapath/game_cu/FSM_onehot_D_game_fsm_q[54]_i_1/O
                         net (fo=1, routed)           0.000     1.883    game_datapath/game_cu/FSM_onehot_D_game_fsm_q[54]_i_1_n_0
    SLICE_X3Y16          FDRE                                         r  game_datapath/game_cu/FSM_onehot_D_game_fsm_q_reg[54]/D
  -------------------------------------------------------------------    -------------------

                         (clock clk_0 rise edge)      0.000     0.000 r  
    N14                                               0.000     0.000 r  clk (IN)
                         net (fo=0)                   0.000     0.000    clk
    N14                  IBUF (Prop_ibuf_I_O)         0.472     0.472 r  clk_IBUF_inst/O
                         net (fo=1, routed)           0.689     1.161    clk_IBUF
    BUFGCTRL_X0Y0        BUFG (Prop_bufg_I_O)         0.029     1.190 r  clk_IBUF_BUFG_inst/O
                         net (fo=867, routed)         0.859     2.049    game_datapath/game_cu/clk_IBUF_BUFG
    SLICE_X3Y16          FDRE                                         r  game_datapath/game_cu/FSM_onehot_D_game_fsm_q_reg[54]/C
                         clock pessimism             -0.480     1.569    
    SLICE_X3Y16          FDRE (Hold_fdre_C_D)         0.092     1.661    game_datapath/game_cu/FSM_onehot_D_game_fsm_q_reg[54]
  -------------------------------------------------------------------
                         required time                         -1.661    
                         arrival time                           1.883    
  -------------------------------------------------------------------
                         slack                                  0.222    





Pulse Width Checks
--------------------------------------------------------------------------------------
Clock Name:         clk_0
Waveform(ns):       { 0.000 50.000 }
Period(ns):         100.000
Sources:            { clk }

Check Type        Corner  Lib Pin  Reference Pin  Required(ns)  Actual(ns)  Slack(ns)  Location       Pin
Min Period        n/a     BUFG/I   n/a            2.155         100.000     97.845     BUFGCTRL_X0Y0  clk_IBUF_BUFG_inst/I
Min Period        n/a     FDRE/C   n/a            1.000         100.000     99.000     SLICE_X9Y22    D_player_input_q_reg[0]/C
Min Period        n/a     FDRE/C   n/a            1.000         100.000     99.000     SLICE_X9Y22    D_player_input_q_reg[1]/C
Min Period        n/a     FDRE/C   n/a            1.000         100.000     99.000     SLICE_X9Y22    D_player_input_q_reg[2]/C
Min Period        n/a     FDRE/C   n/a            1.000         100.000     99.000     SLICE_X8Y20    D_player_input_q_reg[3]/C
Min Period        n/a     FDRE/C   n/a            1.000         100.000     99.000     SLICE_X3Y29    external_reset_button_conditioner/D_ctr_q_reg[0]/C
Min Period        n/a     FDRE/C   n/a            1.000         100.000     99.000     SLICE_X3Y31    external_reset_button_conditioner/D_ctr_q_reg[10]/C
Min Period        n/a     FDRE/C   n/a            1.000         100.000     99.000     SLICE_X3Y31    external_reset_button_conditioner/D_ctr_q_reg[11]/C
Min Period        n/a     FDRE/C   n/a            1.000         100.000     99.000     SLICE_X3Y32    external_reset_button_conditioner/D_ctr_q_reg[12]/C
Min Period        n/a     FDRE/C   n/a            1.000         100.000     99.000     SLICE_X3Y32    external_reset_button_conditioner/D_ctr_q_reg[13]/C
Low Pulse Width   Slow    FDRE/C   n/a            0.500         50.000      49.500     SLICE_X9Y22    D_player_input_q_reg[0]/C
Low Pulse Width   Fast    FDRE/C   n/a            0.500         50.000      49.500     SLICE_X9Y22    D_player_input_q_reg[0]/C
Low Pulse Width   Slow    FDRE/C   n/a            0.500         50.000      49.500     SLICE_X9Y22    D_player_input_q_reg[1]/C
Low Pulse Width   Fast    FDRE/C   n/a            0.500         50.000      49.500     SLICE_X9Y22    D_player_input_q_reg[1]/C
Low Pulse Width   Slow    FDRE/C   n/a            0.500         50.000      49.500     SLICE_X9Y22    D_player_input_q_reg[2]/C
Low Pulse Width   Fast    FDRE/C   n/a            0.500         50.000      49.500     SLICE_X9Y22    D_player_input_q_reg[2]/C
Low Pulse Width   Slow    FDRE/C   n/a            0.500         50.000      49.500     SLICE_X8Y20    D_player_input_q_reg[3]/C
Low Pulse Width   Fast    FDRE/C   n/a            0.500         50.000      49.500     SLICE_X8Y20    D_player_input_q_reg[3]/C
Low Pulse Width   Slow    FDRE/C   n/a            0.500         50.000      49.500     SLICE_X3Y29    external_reset_button_conditioner/D_ctr_q_reg[0]/C
Low Pulse Width   Fast    FDRE/C   n/a            0.500         50.000      49.500     SLICE_X3Y29    external_reset_button_conditioner/D_ctr_q_reg[0]/C
High Pulse Width  Slow    FDRE/C   n/a            0.500         50.000      49.500     SLICE_X9Y22    D_player_input_q_reg[0]/C
High Pulse Width  Fast    FDRE/C   n/a            0.500         50.000      49.500     SLICE_X9Y22    D_player_input_q_reg[0]/C
High Pulse Width  Slow    FDRE/C   n/a            0.500         50.000      49.500     SLICE_X9Y22    D_player_input_q_reg[1]/C
High Pulse Width  Fast    FDRE/C   n/a            0.500         50.000      49.500     SLICE_X9Y22    D_player_input_q_reg[1]/C
High Pulse Width  Slow    FDRE/C   n/a            0.500         50.000      49.500     SLICE_X9Y22    D_player_input_q_reg[2]/C
High Pulse Width  Fast    FDRE/C   n/a            0.500         50.000      49.500     SLICE_X9Y22    D_player_input_q_reg[2]/C
High Pulse Width  Slow    FDRE/C   n/a            0.500         50.000      49.500     SLICE_X8Y20    D_player_input_q_reg[3]/C
High Pulse Width  Fast    FDRE/C   n/a            0.500         50.000      49.500     SLICE_X8Y20    D_player_input_q_reg[3]/C
High Pulse Width  Slow    FDRE/C   n/a            0.500         50.000      49.500     SLICE_X3Y29    external_reset_button_conditioner/D_ctr_q_reg[0]/C
High Pulse Width  Fast    FDRE/C   n/a            0.500         50.000      49.500     SLICE_X3Y29    external_reset_button_conditioner/D_ctr_q_reg[0]/C



--------------------------------------------------------------------------------------
Path Group:  (none)
From Clock:  
  To Clock:  

Max Delay             1 Endpoint
Min Delay             1 Endpoint
--------------------------------------------------------------------------------------


Max Delay Paths
--------------------------------------------------------------------------------------
Slack:                    inf
  Source:                 usb_rx
                            (input port)
  Destination:            usb_tx
                            (output port)
  Path Group:             (none)
  Path Type:              Max at Slow Process Corner
  Data Path Delay:        6.972ns  (logic 5.041ns (72.308%)  route 1.931ns (27.692%))
  Logic Levels:           2  (IBUF=1 OBUF=1)

    Location             Delay type                Incr(ns)  Path(ns)    Netlist Resource(s)
  -------------------------------------------------------------------    -------------------
    P15                                               0.000     0.000 r  usb_rx (IN)
                         net (fo=0)                   0.000     0.000    usb_rx
    P15                  IBUF (Prop_ibuf_I_O)         1.495     1.495 r  usb_rx_IBUF_inst/O
                         net (fo=1, routed)           1.931     3.426    usb_tx_OBUF
    P16                  OBUF (Prop_obuf_I_O)         3.546     6.972 r  usb_tx_OBUF_inst/O
                         net (fo=0)                   0.000     6.972    usb_tx
    P16                                                               r  usb_tx (OUT)
  -------------------------------------------------------------------    -------------------





Min Delay Paths
--------------------------------------------------------------------------------------
Slack:                    inf
  Source:                 usb_rx
                            (input port)
  Destination:            usb_tx
                            (output port)
  Path Group:             (none)
  Path Type:              Min at Fast Process Corner
  Data Path Delay:        1.872ns  (logic 1.510ns (80.671%)  route 0.362ns (19.329%))
  Logic Levels:           2  (IBUF=1 OBUF=1)

    Location             Delay type                Incr(ns)  Path(ns)    Netlist Resource(s)
  -------------------------------------------------------------------    -------------------
    P15                                               0.000     0.000 r  usb_rx (IN)
                         net (fo=0)                   0.000     0.000    usb_rx
    P15                  IBUF (Prop_ibuf_I_O)         0.263     0.263 r  usb_rx_IBUF_inst/O
                         net (fo=1, routed)           0.362     0.625    usb_tx_OBUF
    P16                  OBUF (Prop_obuf_I_O)         1.247     1.872 r  usb_tx_OBUF_inst/O
                         net (fo=0)                   0.000     1.872    usb_tx
    P16                                                               r  usb_tx (OUT)
  -------------------------------------------------------------------    -------------------





--------------------------------------------------------------------------------------
Path Group:  (none)
From Clock:  clk_0
  To Clock:  

Max Delay            36 Endpoints
Min Delay            36 Endpoints
--------------------------------------------------------------------------------------


Max Delay Paths
--------------------------------------------------------------------------------------
Slack:                    inf
  Source:                 game_datapath/game_regfiles/D_attempts_q_reg[4]/C
                            (rising edge-triggered cell FDRE clocked by clk_0  {rise@0.000ns fall@50.000ns period=100.000ns})
  Destination:            io_segment[6]
                            (output port)
  Path Group:             (none)
  Path Type:              Max at Slow Process Corner
  Data Path Delay:        33.887ns  (logic 10.871ns (32.080%)  route 23.016ns (67.920%))
  Logic Levels:           32  (CARRY4=7 LUT2=4 LUT4=3 LUT5=8 LUT6=9 OBUF=1)
  Clock Uncertainty:      0.025ns  ((TSJ^2 + TIJ^2)^1/2 + DJ) / 2 + PE
    Total System Jitter     (TSJ):    0.050ns
    Total Input Jitter      (TIJ):    0.000ns
    Discrete Jitter          (DJ):    0.000ns
    Phase Error              (PE):    0.000ns

    Location             Delay type                Incr(ns)  Path(ns)    Netlist Resource(s)
  -------------------------------------------------------------------    -------------------
                         (clock clk_0 rise edge)      0.000     0.000 r  
    N14                                               0.000     0.000 r  clk (IN)
                         net (fo=0)                   0.000     0.000    clk
    N14                  IBUF (Prop_ibuf_I_O)         1.517     1.517 r  clk_IBUF_inst/O
                         net (fo=1, routed)           1.972     3.488    clk_IBUF
    BUFGCTRL_X0Y0        BUFG (Prop_bufg_I_O)         0.096     3.584 r  clk_IBUF_BUFG_inst/O
                         net (fo=867, routed)         1.633     5.217    game_datapath/game_regfiles/clk_IBUF_BUFG
    SLICE_X4Y10          FDRE                                         r  game_datapath/game_regfiles/D_attempts_q_reg[4]/C
  -------------------------------------------------------------------    -------------------
    SLICE_X4Y10          FDRE (Prop_fdre_C_Q)         0.419     5.636 f  game_datapath/game_regfiles/D_attempts_q_reg[4]/Q
                         net (fo=19, routed)          1.853     7.489    game_datapath/game_regfiles/Q[4]
    SLICE_X0Y4           LUT5 (Prop_lut5_I3_O)        0.293     7.782 r  game_datapath/game_regfiles/io_segment_OBUF[6]_inst_i_198/O
                         net (fo=1, routed)           0.441     8.223    game_datapath/game_regfiles/io_segment_OBUF[6]_inst_i_198_n_0
    SLICE_X0Y4           LUT6 (Prop_lut6_I5_O)        0.326     8.549 f  game_datapath/game_regfiles/io_segment_OBUF[6]_inst_i_185/O
                         net (fo=8, routed)           0.750     9.299    game_datapath/game_regfiles/io_segment_OBUF[6]_inst_i_185_n_0
    SLICE_X1Y4           LUT2 (Prop_lut2_I0_O)        0.150     9.449 f  game_datapath/game_regfiles/io_segment_OBUF[6]_inst_i_196/O
                         net (fo=1, routed)           0.436     9.885    game_datapath/game_regfiles/io_segment_OBUF[6]_inst_i_196_n_0
    SLICE_X1Y4           LUT6 (Prop_lut6_I3_O)        0.326    10.211 r  game_datapath/game_regfiles/io_segment_OBUF[6]_inst_i_183/O
                         net (fo=3, routed)           1.020    11.231    game_datapath/game_regfiles/io_segment_OBUF[6]_inst_i_183_n_0
    SLICE_X3Y4           LUT2 (Prop_lut2_I0_O)        0.124    11.355 r  game_datapath/game_regfiles/io_segment_OBUF[6]_inst_i_128/O
                         net (fo=1, routed)           0.472    11.827    game_datapath/game_regfiles/io_segment_OBUF[6]_inst_i_128_n_0
    SLICE_X2Y3           CARRY4 (Prop_carry4_DI[3]_CO[3])
                                                      0.396    12.223 r  game_datapath/game_regfiles/io_segment_OBUF[6]_inst_i_73/CO[3]
                         net (fo=1, routed)           0.000    12.223    game_datapath/game_regfiles/io_segment_OBUF[6]_inst_i_73_n_0
    SLICE_X2Y4           CARRY4 (Prop_carry4_CI_O[3])
                                                      0.315    12.538 r  game_datapath/game_regfiles/io_segment_OBUF[6]_inst_i_101/O[3]
                         net (fo=4, routed)           0.840    13.378    game_datapath/game_regfiles/seven_converter/L_6a7c64e5_remainder0[10]
    SLICE_X4Y4           LUT5 (Prop_lut5_I2_O)        0.307    13.685 r  game_datapath/game_regfiles/io_segment_OBUF[6]_inst_i_56/O
                         net (fo=9, routed)           1.159    14.844    game_datapath/game_regfiles/io_segment_OBUF[6]_inst_i_56_n_0
    SLICE_X6Y2           LUT4 (Prop_lut4_I0_O)        0.124    14.968 r  game_datapath/game_regfiles/io_segment_OBUF[6]_inst_i_154/O
                         net (fo=3, routed)           0.713    15.681    game_datapath/game_regfiles/io_segment_OBUF[6]_inst_i_154_n_0
    SLICE_X6Y2           LUT6 (Prop_lut6_I5_O)        0.124    15.805 r  game_datapath/game_regfiles/io_segment_OBUF[6]_inst_i_157/O
                         net (fo=4, routed)           0.734    16.539    game_datapath/game_regfiles/io_segment_OBUF[6]_inst_i_157_n_0
    SLICE_X7Y1           LUT2 (Prop_lut2_I1_O)        0.150    16.689 f  game_datapath/game_regfiles/io_segment_OBUF[6]_inst_i_95/O
                         net (fo=2, routed)           0.955    17.644    game_datapath/game_regfiles/io_segment_OBUF[6]_inst_i_95_n_0
    SLICE_X7Y1           LUT2 (Prop_lut2_I1_O)        0.326    17.970 r  game_datapath/game_regfiles/io_segment_OBUF[6]_inst_i_54/O
                         net (fo=3, routed)           0.661    18.631    game_datapath/game_regfiles/io_segment_OBUF[6]_inst_i_54_n_0
    SLICE_X6Y1           LUT6 (Prop_lut6_I5_O)        0.124    18.755 f  game_datapath/game_regfiles/io_segment_OBUF[6]_inst_i_188/O
                         net (fo=2, routed)           0.875    19.630    game_datapath/game_regfiles/io_segment_OBUF[6]_inst_i_188_n_0
    SLICE_X3Y3           LUT4 (Prop_lut4_I3_O)        0.124    19.754 r  game_datapath/game_regfiles/io_segment_OBUF[6]_inst_i_143/O
                         net (fo=2, routed)           0.744    20.498    game_datapath/game_regfiles/io_segment_OBUF[6]_inst_i_143_n_0
    SLICE_X5Y3           LUT5 (Prop_lut5_I0_O)        0.124    20.622 r  game_datapath/game_regfiles/io_segment_OBUF[6]_inst_i_147/O
                         net (fo=1, routed)           0.000    20.622    game_datapath/game_regfiles/io_segment_OBUF[6]_inst_i_147_n_0
    SLICE_X5Y3           CARRY4 (Prop_carry4_S[2]_CO[3])
                                                      0.398    21.020 r  game_datapath/game_regfiles/io_segment_OBUF[6]_inst_i_75/CO[3]
                         net (fo=1, routed)           0.000    21.020    game_datapath/game_regfiles/io_segment_OBUF[6]_inst_i_75_n_0
    SLICE_X5Y4           CARRY4 (Prop_carry4_CI_O[0])
                                                      0.222    21.242 f  game_datapath/game_regfiles/io_segment_OBUF[6]_inst_i_74/O[0]
                         net (fo=4, routed)           1.117    22.360    game_datapath/game_regfiles/io_segment_OBUF[6]_inst_i_74_n_7
    SLICE_X3Y3           LUT5 (Prop_lut5_I2_O)        0.299    22.659 f  game_datapath/game_regfiles/io_segment_OBUF[6]_inst_i_27/O
                         net (fo=9, routed)           1.337    23.995    game_datapath/game_regfiles/io_segment_OBUF[6]_inst_i_27_n_0
    SLICE_X5Y1           LUT6 (Prop_lut6_I0_O)        0.124    24.119 r  game_datapath/game_regfiles/io_segment_OBUF[6]_inst_i_92/O
                         net (fo=5, routed)           0.838    24.957    game_datapath/game_regfiles/io_segment_OBUF[6]_inst_i_92_n_0
    SLICE_X1Y0           LUT6 (Prop_lut6_I1_O)        0.124    25.081 r  game_datapath/game_regfiles/io_segment_OBUF[6]_inst_i_50/O
                         net (fo=3, routed)           0.813    25.894    game_datapath/game_regfiles/io_segment_OBUF[6]_inst_i_50_n_0
    SLICE_X2Y1           LUT5 (Prop_lut5_I0_O)        0.124    26.018 r  game_datapath/game_regfiles/io_segment_OBUF[4]_inst_i_4/O
                         net (fo=4, routed)           0.851    26.870    game_datapath/game_regfiles/io_segment_OBUF[4]_inst_i_4_n_0
    SLICE_X4Y0           LUT5 (Prop_lut5_I1_O)        0.124    26.994 r  game_datapath/game_regfiles/io_segment_OBUF[6]_inst_i_70/O
                         net (fo=1, routed)           0.000    26.994    game_datapath/game_regfiles/io_segment_OBUF[6]_inst_i_70_n_0
    SLICE_X4Y0           CARRY4 (Prop_carry4_S[1]_CO[3])
                                                      0.550    27.544 r  game_datapath/game_regfiles/io_segment_OBUF[6]_inst_i_25/CO[3]
                         net (fo=1, routed)           0.000    27.544    game_datapath/game_regfiles/io_segment_OBUF[6]_inst_i_25_n_0
    SLICE_X4Y1           CARRY4 (Prop_carry4_CI_CO[3])
                                                      0.114    27.658 r  game_datapath/game_regfiles/io_segment_OBUF[6]_inst_i_62/CO[3]
                         net (fo=1, routed)           0.000    27.658    game_datapath/game_regfiles/io_segment_OBUF[6]_inst_i_62_n_0
    SLICE_X4Y2           CARRY4 (Prop_carry4_CI_O[3])
                                                      0.313    27.971 f  game_datapath/game_regfiles/io_segment_OBUF[6]_inst_i_63/O[3]
                         net (fo=1, routed)           0.953    28.924    game_datapath/game_regfiles/io_segment_OBUF[6]_inst_i_63_n_4
    SLICE_X5Y1           LUT6 (Prop_lut6_I3_O)        0.306    29.230 f  game_datapath/game_regfiles/io_segment_OBUF[6]_inst_i_64/O
                         net (fo=2, routed)           0.592    29.822    game_datapath/game_regfiles/io_segment_OBUF[6]_inst_i_64_n_0
    SLICE_X3Y1           LUT5 (Prop_lut5_I4_O)        0.124    29.946 r  game_datapath/game_regfiles/io_segment_OBUF[6]_inst_i_24/O
                         net (fo=1, routed)           0.665    30.611    game_datapath/game_regfiles/io_segment_OBUF[6]_inst_i_24_n_0
    SLICE_X3Y1           LUT5 (Prop_lut5_I2_O)        0.152    30.763 f  game_datapath/game_regfiles/io_segment_OBUF[6]_inst_i_7/O
                         net (fo=2, routed)           0.819    31.582    game_datapath/game_regfiles/M_seg_values[0][3]
    SLICE_X1Y2           LUT6 (Prop_lut6_I3_O)        0.326    31.908 f  game_datapath/game_regfiles/io_segment_OBUF[6]_inst_i_2/O
                         net (fo=9, routed)           0.675    32.583    game_datapath/game_regfiles/seg/M_seg_dec_char[3]
    SLICE_X0Y2           LUT6 (Prop_lut6_I0_O)        0.124    32.707 r  game_datapath/game_regfiles/io_segment_OBUF[6]_inst_i_5/O
                         net (fo=2, routed)           0.433    33.140    game_datapath/game_regfiles/io_segment_OBUF[6]_inst_i_5_n_0
    SLICE_X0Y2           LUT4 (Prop_lut4_I3_O)        0.124    33.264 r  game_datapath/game_regfiles/io_segment_OBUF[6]_inst_i_1/O
                         net (fo=1, routed)           2.270    35.534    io_segment_OBUF[6]
    R12                  OBUF (Prop_obuf_I_O)         3.571    39.105 r  io_segment_OBUF[6]_inst/O
                         net (fo=0)                   0.000    39.105    io_segment[6]
    R12                                                               r  io_segment[6] (OUT)
  -------------------------------------------------------------------    -------------------

Slack:                    inf
  Source:                 game_datapath/game_regfiles/D_attempts_q_reg[4]/C
                            (rising edge-triggered cell FDRE clocked by clk_0  {rise@0.000ns fall@50.000ns period=100.000ns})
  Destination:            io_segment[5]
                            (output port)
  Path Group:             (none)
  Path Type:              Max at Slow Process Corner
  Data Path Delay:        33.741ns  (logic 11.067ns (32.799%)  route 22.674ns (67.201%))
  Logic Levels:           32  (CARRY4=7 LUT2=4 LUT4=3 LUT5=8 LUT6=9 OBUF=1)
  Clock Uncertainty:      0.025ns  ((TSJ^2 + TIJ^2)^1/2 + DJ) / 2 + PE
    Total System Jitter     (TSJ):    0.050ns
    Total Input Jitter      (TIJ):    0.000ns
    Discrete Jitter          (DJ):    0.000ns
    Phase Error              (PE):    0.000ns

    Location             Delay type                Incr(ns)  Path(ns)    Netlist Resource(s)
  -------------------------------------------------------------------    -------------------
                         (clock clk_0 rise edge)      0.000     0.000 r  
    N14                                               0.000     0.000 r  clk (IN)
                         net (fo=0)                   0.000     0.000    clk
    N14                  IBUF (Prop_ibuf_I_O)         1.517     1.517 r  clk_IBUF_inst/O
                         net (fo=1, routed)           1.972     3.488    clk_IBUF
    BUFGCTRL_X0Y0        BUFG (Prop_bufg_I_O)         0.096     3.584 r  clk_IBUF_BUFG_inst/O
                         net (fo=867, routed)         1.633     5.217    game_datapath/game_regfiles/clk_IBUF_BUFG
    SLICE_X4Y10          FDRE                                         r  game_datapath/game_regfiles/D_attempts_q_reg[4]/C
  -------------------------------------------------------------------    -------------------
    SLICE_X4Y10          FDRE (Prop_fdre_C_Q)         0.419     5.636 f  game_datapath/game_regfiles/D_attempts_q_reg[4]/Q
                         net (fo=19, routed)          1.853     7.489    game_datapath/game_regfiles/Q[4]
    SLICE_X0Y4           LUT5 (Prop_lut5_I3_O)        0.293     7.782 r  game_datapath/game_regfiles/io_segment_OBUF[6]_inst_i_198/O
                         net (fo=1, routed)           0.441     8.223    game_datapath/game_regfiles/io_segment_OBUF[6]_inst_i_198_n_0
    SLICE_X0Y4           LUT6 (Prop_lut6_I5_O)        0.326     8.549 f  game_datapath/game_regfiles/io_segment_OBUF[6]_inst_i_185/O
                         net (fo=8, routed)           0.750     9.299    game_datapath/game_regfiles/io_segment_OBUF[6]_inst_i_185_n_0
    SLICE_X1Y4           LUT2 (Prop_lut2_I0_O)        0.150     9.449 f  game_datapath/game_regfiles/io_segment_OBUF[6]_inst_i_196/O
                         net (fo=1, routed)           0.436     9.885    game_datapath/game_regfiles/io_segment_OBUF[6]_inst_i_196_n_0
    SLICE_X1Y4           LUT6 (Prop_lut6_I3_O)        0.326    10.211 r  game_datapath/game_regfiles/io_segment_OBUF[6]_inst_i_183/O
                         net (fo=3, routed)           1.020    11.231    game_datapath/game_regfiles/io_segment_OBUF[6]_inst_i_183_n_0
    SLICE_X3Y4           LUT2 (Prop_lut2_I0_O)        0.124    11.355 r  game_datapath/game_regfiles/io_segment_OBUF[6]_inst_i_128/O
                         net (fo=1, routed)           0.472    11.827    game_datapath/game_regfiles/io_segment_OBUF[6]_inst_i_128_n_0
    SLICE_X2Y3           CARRY4 (Prop_carry4_DI[3]_CO[3])
                                                      0.396    12.223 r  game_datapath/game_regfiles/io_segment_OBUF[6]_inst_i_73/CO[3]
                         net (fo=1, routed)           0.000    12.223    game_datapath/game_regfiles/io_segment_OBUF[6]_inst_i_73_n_0
    SLICE_X2Y4           CARRY4 (Prop_carry4_CI_O[3])
                                                      0.315    12.538 r  game_datapath/game_regfiles/io_segment_OBUF[6]_inst_i_101/O[3]
                         net (fo=4, routed)           0.840    13.378    game_datapath/game_regfiles/seven_converter/L_6a7c64e5_remainder0[10]
    SLICE_X4Y4           LUT5 (Prop_lut5_I2_O)        0.307    13.685 r  game_datapath/game_regfiles/io_segment_OBUF[6]_inst_i_56/O
                         net (fo=9, routed)           1.159    14.844    game_datapath/game_regfiles/io_segment_OBUF[6]_inst_i_56_n_0
    SLICE_X6Y2           LUT4 (Prop_lut4_I0_O)        0.124    14.968 r  game_datapath/game_regfiles/io_segment_OBUF[6]_inst_i_154/O
                         net (fo=3, routed)           0.713    15.681    game_datapath/game_regfiles/io_segment_OBUF[6]_inst_i_154_n_0
    SLICE_X6Y2           LUT6 (Prop_lut6_I5_O)        0.124    15.805 r  game_datapath/game_regfiles/io_segment_OBUF[6]_inst_i_157/O
                         net (fo=4, routed)           0.734    16.539    game_datapath/game_regfiles/io_segment_OBUF[6]_inst_i_157_n_0
    SLICE_X7Y1           LUT2 (Prop_lut2_I1_O)        0.150    16.689 f  game_datapath/game_regfiles/io_segment_OBUF[6]_inst_i_95/O
                         net (fo=2, routed)           0.955    17.644    game_datapath/game_regfiles/io_segment_OBUF[6]_inst_i_95_n_0
    SLICE_X7Y1           LUT2 (Prop_lut2_I1_O)        0.326    17.970 r  game_datapath/game_regfiles/io_segment_OBUF[6]_inst_i_54/O
                         net (fo=3, routed)           0.661    18.631    game_datapath/game_regfiles/io_segment_OBUF[6]_inst_i_54_n_0
    SLICE_X6Y1           LUT6 (Prop_lut6_I5_O)        0.124    18.755 f  game_datapath/game_regfiles/io_segment_OBUF[6]_inst_i_188/O
                         net (fo=2, routed)           0.875    19.630    game_datapath/game_regfiles/io_segment_OBUF[6]_inst_i_188_n_0
    SLICE_X3Y3           LUT4 (Prop_lut4_I3_O)        0.124    19.754 r  game_datapath/game_regfiles/io_segment_OBUF[6]_inst_i_143/O
                         net (fo=2, routed)           0.744    20.498    game_datapath/game_regfiles/io_segment_OBUF[6]_inst_i_143_n_0
    SLICE_X5Y3           LUT5 (Prop_lut5_I0_O)        0.124    20.622 r  game_datapath/game_regfiles/io_segment_OBUF[6]_inst_i_147/O
                         net (fo=1, routed)           0.000    20.622    game_datapath/game_regfiles/io_segment_OBUF[6]_inst_i_147_n_0
    SLICE_X5Y3           CARRY4 (Prop_carry4_S[2]_CO[3])
                                                      0.398    21.020 r  game_datapath/game_regfiles/io_segment_OBUF[6]_inst_i_75/CO[3]
                         net (fo=1, routed)           0.000    21.020    game_datapath/game_regfiles/io_segment_OBUF[6]_inst_i_75_n_0
    SLICE_X5Y4           CARRY4 (Prop_carry4_CI_O[0])
                                                      0.222    21.242 f  game_datapath/game_regfiles/io_segment_OBUF[6]_inst_i_74/O[0]
                         net (fo=4, routed)           1.117    22.360    game_datapath/game_regfiles/io_segment_OBUF[6]_inst_i_74_n_7
    SLICE_X3Y3           LUT5 (Prop_lut5_I2_O)        0.299    22.659 f  game_datapath/game_regfiles/io_segment_OBUF[6]_inst_i_27/O
                         net (fo=9, routed)           1.337    23.995    game_datapath/game_regfiles/io_segment_OBUF[6]_inst_i_27_n_0
    SLICE_X5Y1           LUT6 (Prop_lut6_I0_O)        0.124    24.119 r  game_datapath/game_regfiles/io_segment_OBUF[6]_inst_i_92/O
                         net (fo=5, routed)           0.838    24.957    game_datapath/game_regfiles/io_segment_OBUF[6]_inst_i_92_n_0
    SLICE_X1Y0           LUT6 (Prop_lut6_I1_O)        0.124    25.081 r  game_datapath/game_regfiles/io_segment_OBUF[6]_inst_i_50/O
                         net (fo=3, routed)           0.813    25.894    game_datapath/game_regfiles/io_segment_OBUF[6]_inst_i_50_n_0
    SLICE_X2Y1           LUT5 (Prop_lut5_I0_O)        0.124    26.018 r  game_datapath/game_regfiles/io_segment_OBUF[4]_inst_i_4/O
                         net (fo=4, routed)           0.851    26.870    game_datapath/game_regfiles/io_segment_OBUF[4]_inst_i_4_n_0
    SLICE_X4Y0           LUT5 (Prop_lut5_I1_O)        0.124    26.994 r  game_datapath/game_regfiles/io_segment_OBUF[6]_inst_i_70/O
                         net (fo=1, routed)           0.000    26.994    game_datapath/game_regfiles/io_segment_OBUF[6]_inst_i_70_n_0
    SLICE_X4Y0           CARRY4 (Prop_carry4_S[1]_CO[3])
                                                      0.550    27.544 r  game_datapath/game_regfiles/io_segment_OBUF[6]_inst_i_25/CO[3]
                         net (fo=1, routed)           0.000    27.544    game_datapath/game_regfiles/io_segment_OBUF[6]_inst_i_25_n_0
    SLICE_X4Y1           CARRY4 (Prop_carry4_CI_CO[3])
                                                      0.114    27.658 r  game_datapath/game_regfiles/io_segment_OBUF[6]_inst_i_62/CO[3]
                         net (fo=1, routed)           0.000    27.658    game_datapath/game_regfiles/io_segment_OBUF[6]_inst_i_62_n_0
    SLICE_X4Y2           CARRY4 (Prop_carry4_CI_O[3])
                                                      0.313    27.971 f  game_datapath/game_regfiles/io_segment_OBUF[6]_inst_i_63/O[3]
                         net (fo=1, routed)           0.953    28.924    game_datapath/game_regfiles/io_segment_OBUF[6]_inst_i_63_n_4
    SLICE_X5Y1           LUT6 (Prop_lut6_I3_O)        0.306    29.230 f  game_datapath/game_regfiles/io_segment_OBUF[6]_inst_i_64/O
                         net (fo=2, routed)           0.592    29.822    game_datapath/game_regfiles/io_segment_OBUF[6]_inst_i_64_n_0
    SLICE_X3Y1           LUT5 (Prop_lut5_I4_O)        0.124    29.946 r  game_datapath/game_regfiles/io_segment_OBUF[6]_inst_i_24/O
                         net (fo=1, routed)           0.665    30.611    game_datapath/game_regfiles/io_segment_OBUF[6]_inst_i_24_n_0
    SLICE_X3Y1           LUT5 (Prop_lut5_I2_O)        0.152    30.763 f  game_datapath/game_regfiles/io_segment_OBUF[6]_inst_i_7/O
                         net (fo=2, routed)           0.819    31.582    game_datapath/game_regfiles/M_seg_values[0][3]
    SLICE_X1Y2           LUT6 (Prop_lut6_I3_O)        0.326    31.908 f  game_datapath/game_regfiles/io_segment_OBUF[6]_inst_i_2/O
                         net (fo=9, routed)           0.675    32.583    game_datapath/game_regfiles/seg/M_seg_dec_char[3]
    SLICE_X0Y2           LUT6 (Prop_lut6_I0_O)        0.124    32.707 r  game_datapath/game_regfiles/io_segment_OBUF[6]_inst_i_5/O
                         net (fo=2, routed)           0.495    33.202    game_datapath/game_regfiles/io_segment_OBUF[6]_inst_i_5_n_0
    SLICE_X0Y2           LUT4 (Prop_lut4_I0_O)        0.118    33.320 r  game_datapath/game_regfiles/io_segment_OBUF[5]_inst_i_1/O
                         net (fo=1, routed)           1.866    35.186    io_segment_OBUF[5]
    T7                   OBUF (Prop_obuf_I_O)         3.773    38.959 r  io_segment_OBUF[5]_inst/O
                         net (fo=0)                   0.000    38.959    io_segment[5]
    T7                                                                r  io_segment[5] (OUT)
  -------------------------------------------------------------------    -------------------

Slack:                    inf
  Source:                 game_datapath/game_regfiles/D_attempts_q_reg[4]/C
                            (rising edge-triggered cell FDRE clocked by clk_0  {rise@0.000ns fall@50.000ns period=100.000ns})
  Destination:            io_segment[2]
                            (output port)
  Path Group:             (none)
  Path Type:              Max at Slow Process Corner
  Data Path Delay:        33.418ns  (logic 10.868ns (32.521%)  route 22.550ns (67.479%))
  Logic Levels:           32  (CARRY4=7 LUT2=4 LUT4=3 LUT5=8 LUT6=9 OBUF=1)
  Clock Uncertainty:      0.025ns  ((TSJ^2 + TIJ^2)^1/2 + DJ) / 2 + PE
    Total System Jitter     (TSJ):    0.050ns
    Total Input Jitter      (TIJ):    0.000ns
    Discrete Jitter          (DJ):    0.000ns
    Phase Error              (PE):    0.000ns

    Location             Delay type                Incr(ns)  Path(ns)    Netlist Resource(s)
  -------------------------------------------------------------------    -------------------
                         (clock clk_0 rise edge)      0.000     0.000 r  
    N14                                               0.000     0.000 r  clk (IN)
                         net (fo=0)                   0.000     0.000    clk
    N14                  IBUF (Prop_ibuf_I_O)         1.517     1.517 r  clk_IBUF_inst/O
                         net (fo=1, routed)           1.972     3.488    clk_IBUF
    BUFGCTRL_X0Y0        BUFG (Prop_bufg_I_O)         0.096     3.584 r  clk_IBUF_BUFG_inst/O
                         net (fo=867, routed)         1.633     5.217    game_datapath/game_regfiles/clk_IBUF_BUFG
    SLICE_X4Y10          FDRE                                         r  game_datapath/game_regfiles/D_attempts_q_reg[4]/C
  -------------------------------------------------------------------    -------------------
    SLICE_X4Y10          FDRE (Prop_fdre_C_Q)         0.419     5.636 f  game_datapath/game_regfiles/D_attempts_q_reg[4]/Q
                         net (fo=19, routed)          1.853     7.489    game_datapath/game_regfiles/Q[4]
    SLICE_X0Y4           LUT5 (Prop_lut5_I3_O)        0.293     7.782 r  game_datapath/game_regfiles/io_segment_OBUF[6]_inst_i_198/O
                         net (fo=1, routed)           0.441     8.223    game_datapath/game_regfiles/io_segment_OBUF[6]_inst_i_198_n_0
    SLICE_X0Y4           LUT6 (Prop_lut6_I5_O)        0.326     8.549 f  game_datapath/game_regfiles/io_segment_OBUF[6]_inst_i_185/O
                         net (fo=8, routed)           0.750     9.299    game_datapath/game_regfiles/io_segment_OBUF[6]_inst_i_185_n_0
    SLICE_X1Y4           LUT2 (Prop_lut2_I0_O)        0.150     9.449 f  game_datapath/game_regfiles/io_segment_OBUF[6]_inst_i_196/O
                         net (fo=1, routed)           0.436     9.885    game_datapath/game_regfiles/io_segment_OBUF[6]_inst_i_196_n_0
    SLICE_X1Y4           LUT6 (Prop_lut6_I3_O)        0.326    10.211 r  game_datapath/game_regfiles/io_segment_OBUF[6]_inst_i_183/O
                         net (fo=3, routed)           1.020    11.231    game_datapath/game_regfiles/io_segment_OBUF[6]_inst_i_183_n_0
    SLICE_X3Y4           LUT2 (Prop_lut2_I0_O)        0.124    11.355 r  game_datapath/game_regfiles/io_segment_OBUF[6]_inst_i_128/O
                         net (fo=1, routed)           0.472    11.827    game_datapath/game_regfiles/io_segment_OBUF[6]_inst_i_128_n_0
    SLICE_X2Y3           CARRY4 (Prop_carry4_DI[3]_CO[3])
                                                      0.396    12.223 r  game_datapath/game_regfiles/io_segment_OBUF[6]_inst_i_73/CO[3]
                         net (fo=1, routed)           0.000    12.223    game_datapath/game_regfiles/io_segment_OBUF[6]_inst_i_73_n_0
    SLICE_X2Y4           CARRY4 (Prop_carry4_CI_O[3])
                                                      0.315    12.538 r  game_datapath/game_regfiles/io_segment_OBUF[6]_inst_i_101/O[3]
                         net (fo=4, routed)           0.840    13.378    game_datapath/game_regfiles/seven_converter/L_6a7c64e5_remainder0[10]
    SLICE_X4Y4           LUT5 (Prop_lut5_I2_O)        0.307    13.685 r  game_datapath/game_regfiles/io_segment_OBUF[6]_inst_i_56/O
                         net (fo=9, routed)           1.159    14.844    game_datapath/game_regfiles/io_segment_OBUF[6]_inst_i_56_n_0
    SLICE_X6Y2           LUT4 (Prop_lut4_I0_O)        0.124    14.968 r  game_datapath/game_regfiles/io_segment_OBUF[6]_inst_i_154/O
                         net (fo=3, routed)           0.713    15.681    game_datapath/game_regfiles/io_segment_OBUF[6]_inst_i_154_n_0
    SLICE_X6Y2           LUT6 (Prop_lut6_I5_O)        0.124    15.805 r  game_datapath/game_regfiles/io_segment_OBUF[6]_inst_i_157/O
                         net (fo=4, routed)           0.734    16.539    game_datapath/game_regfiles/io_segment_OBUF[6]_inst_i_157_n_0
    SLICE_X7Y1           LUT2 (Prop_lut2_I1_O)        0.150    16.689 f  game_datapath/game_regfiles/io_segment_OBUF[6]_inst_i_95/O
                         net (fo=2, routed)           0.955    17.644    game_datapath/game_regfiles/io_segment_OBUF[6]_inst_i_95_n_0
    SLICE_X7Y1           LUT2 (Prop_lut2_I1_O)        0.326    17.970 r  game_datapath/game_regfiles/io_segment_OBUF[6]_inst_i_54/O
                         net (fo=3, routed)           0.661    18.631    game_datapath/game_regfiles/io_segment_OBUF[6]_inst_i_54_n_0
    SLICE_X6Y1           LUT6 (Prop_lut6_I5_O)        0.124    18.755 f  game_datapath/game_regfiles/io_segment_OBUF[6]_inst_i_188/O
                         net (fo=2, routed)           0.875    19.630    game_datapath/game_regfiles/io_segment_OBUF[6]_inst_i_188_n_0
    SLICE_X3Y3           LUT4 (Prop_lut4_I3_O)        0.124    19.754 r  game_datapath/game_regfiles/io_segment_OBUF[6]_inst_i_143/O
                         net (fo=2, routed)           0.744    20.498    game_datapath/game_regfiles/io_segment_OBUF[6]_inst_i_143_n_0
    SLICE_X5Y3           LUT5 (Prop_lut5_I0_O)        0.124    20.622 r  game_datapath/game_regfiles/io_segment_OBUF[6]_inst_i_147/O
                         net (fo=1, routed)           0.000    20.622    game_datapath/game_regfiles/io_segment_OBUF[6]_inst_i_147_n_0
    SLICE_X5Y3           CARRY4 (Prop_carry4_S[2]_CO[3])
                                                      0.398    21.020 r  game_datapath/game_regfiles/io_segment_OBUF[6]_inst_i_75/CO[3]
                         net (fo=1, routed)           0.000    21.020    game_datapath/game_regfiles/io_segment_OBUF[6]_inst_i_75_n_0
    SLICE_X5Y4           CARRY4 (Prop_carry4_CI_O[0])
                                                      0.222    21.242 f  game_datapath/game_regfiles/io_segment_OBUF[6]_inst_i_74/O[0]
                         net (fo=4, routed)           1.117    22.360    game_datapath/game_regfiles/io_segment_OBUF[6]_inst_i_74_n_7
    SLICE_X3Y3           LUT5 (Prop_lut5_I2_O)        0.299    22.659 f  game_datapath/game_regfiles/io_segment_OBUF[6]_inst_i_27/O
                         net (fo=9, routed)           1.337    23.995    game_datapath/game_regfiles/io_segment_OBUF[6]_inst_i_27_n_0
    SLICE_X5Y1           LUT6 (Prop_lut6_I0_O)        0.124    24.119 r  game_datapath/game_regfiles/io_segment_OBUF[6]_inst_i_92/O
                         net (fo=5, routed)           0.838    24.957    game_datapath/game_regfiles/io_segment_OBUF[6]_inst_i_92_n_0
    SLICE_X1Y0           LUT6 (Prop_lut6_I1_O)        0.124    25.081 r  game_datapath/game_regfiles/io_segment_OBUF[6]_inst_i_50/O
                         net (fo=3, routed)           0.813    25.894    game_datapath/game_regfiles/io_segment_OBUF[6]_inst_i_50_n_0
    SLICE_X2Y1           LUT5 (Prop_lut5_I0_O)        0.124    26.018 r  game_datapath/game_regfiles/io_segment_OBUF[4]_inst_i_4/O
                         net (fo=4, routed)           0.851    26.870    game_datapath/game_regfiles/io_segment_OBUF[4]_inst_i_4_n_0
    SLICE_X4Y0           LUT5 (Prop_lut5_I1_O)        0.124    26.994 r  game_datapath/game_regfiles/io_segment_OBUF[6]_inst_i_70/O
                         net (fo=1, routed)           0.000    26.994    game_datapath/game_regfiles/io_segment_OBUF[6]_inst_i_70_n_0
    SLICE_X4Y0           CARRY4 (Prop_carry4_S[1]_CO[3])
                                                      0.550    27.544 r  game_datapath/game_regfiles/io_segment_OBUF[6]_inst_i_25/CO[3]
                         net (fo=1, routed)           0.000    27.544    game_datapath/game_regfiles/io_segment_OBUF[6]_inst_i_25_n_0
    SLICE_X4Y1           CARRY4 (Prop_carry4_CI_CO[3])
                                                      0.114    27.658 r  game_datapath/game_regfiles/io_segment_OBUF[6]_inst_i_62/CO[3]
                         net (fo=1, routed)           0.000    27.658    game_datapath/game_regfiles/io_segment_OBUF[6]_inst_i_62_n_0
    SLICE_X4Y2           CARRY4 (Prop_carry4_CI_O[3])
                                                      0.313    27.971 f  game_datapath/game_regfiles/io_segment_OBUF[6]_inst_i_63/O[3]
                         net (fo=1, routed)           0.953    28.924    game_datapath/game_regfiles/io_segment_OBUF[6]_inst_i_63_n_4
    SLICE_X5Y1           LUT6 (Prop_lut6_I3_O)        0.306    29.230 f  game_datapath/game_regfiles/io_segment_OBUF[6]_inst_i_64/O
                         net (fo=2, routed)           0.592    29.822    game_datapath/game_regfiles/io_segment_OBUF[6]_inst_i_64_n_0
    SLICE_X3Y1           LUT5 (Prop_lut5_I4_O)        0.124    29.946 r  game_datapath/game_regfiles/io_segment_OBUF[6]_inst_i_24/O
                         net (fo=1, routed)           0.665    30.611    game_datapath/game_regfiles/io_segment_OBUF[6]_inst_i_24_n_0
    SLICE_X3Y1           LUT5 (Prop_lut5_I2_O)        0.152    30.763 f  game_datapath/game_regfiles/io_segment_OBUF[6]_inst_i_7/O
                         net (fo=2, routed)           0.819    31.582    game_datapath/game_regfiles/M_seg_values[0][3]
    SLICE_X1Y2           LUT6 (Prop_lut6_I3_O)        0.326    31.908 f  game_datapath/game_regfiles/io_segment_OBUF[6]_inst_i_2/O
                         net (fo=9, routed)           0.759    32.666    game_datapath/game_regfiles/seg/M_seg_dec_char[3]
    SLICE_X0Y2           LUT6 (Prop_lut6_I5_O)        0.124    32.790 r  game_datapath/game_regfiles/io_segment_OBUF[2]_inst_i_2/O
                         net (fo=1, routed)           0.444    33.234    game_datapath/game_regfiles/io_segment_OBUF[2]_inst_i_2_n_0
    SLICE_X0Y2           LUT4 (Prop_lut4_I0_O)        0.124    33.358 r  game_datapath/game_regfiles/io_segment_OBUF[2]_inst_i_1/O
                         net (fo=1, routed)           1.709    35.067    io_segment_OBUF[2]
    T9                   OBUF (Prop_obuf_I_O)         3.568    38.635 r  io_segment_OBUF[2]_inst/O
                         net (fo=0)                   0.000    38.635    io_segment[2]
    T9                                                                r  io_segment[2] (OUT)
  -------------------------------------------------------------------    -------------------

Slack:                    inf
  Source:                 game_datapath/game_regfiles/D_attempts_q_reg[4]/C
                            (rising edge-triggered cell FDRE clocked by clk_0  {rise@0.000ns fall@50.000ns period=100.000ns})
  Destination:            io_segment[1]
                            (output port)
  Path Group:             (none)
  Path Type:              Max at Slow Process Corner
  Data Path Delay:        33.187ns  (logic 10.968ns (33.049%)  route 22.219ns (66.951%))
  Logic Levels:           31  (CARRY4=7 LUT2=4 LUT4=3 LUT5=8 LUT6=8 OBUF=1)
  Clock Uncertainty:      0.025ns  ((TSJ^2 + TIJ^2)^1/2 + DJ) / 2 + PE
    Total System Jitter     (TSJ):    0.050ns
    Total Input Jitter      (TIJ):    0.000ns
    Discrete Jitter          (DJ):    0.000ns
    Phase Error              (PE):    0.000ns

    Location             Delay type                Incr(ns)  Path(ns)    Netlist Resource(s)
  -------------------------------------------------------------------    -------------------
                         (clock clk_0 rise edge)      0.000     0.000 r  
    N14                                               0.000     0.000 r  clk (IN)
                         net (fo=0)                   0.000     0.000    clk
    N14                  IBUF (Prop_ibuf_I_O)         1.517     1.517 r  clk_IBUF_inst/O
                         net (fo=1, routed)           1.972     3.488    clk_IBUF
    BUFGCTRL_X0Y0        BUFG (Prop_bufg_I_O)         0.096     3.584 r  clk_IBUF_BUFG_inst/O
                         net (fo=867, routed)         1.633     5.217    game_datapath/game_regfiles/clk_IBUF_BUFG
    SLICE_X4Y10          FDRE                                         r  game_datapath/game_regfiles/D_attempts_q_reg[4]/C
  -------------------------------------------------------------------    -------------------
    SLICE_X4Y10          FDRE (Prop_fdre_C_Q)         0.419     5.636 f  game_datapath/game_regfiles/D_attempts_q_reg[4]/Q
                         net (fo=19, routed)          1.853     7.489    game_datapath/game_regfiles/Q[4]
    SLICE_X0Y4           LUT5 (Prop_lut5_I3_O)        0.293     7.782 r  game_datapath/game_regfiles/io_segment_OBUF[6]_inst_i_198/O
                         net (fo=1, routed)           0.441     8.223    game_datapath/game_regfiles/io_segment_OBUF[6]_inst_i_198_n_0
    SLICE_X0Y4           LUT6 (Prop_lut6_I5_O)        0.326     8.549 f  game_datapath/game_regfiles/io_segment_OBUF[6]_inst_i_185/O
                         net (fo=8, routed)           0.750     9.299    game_datapath/game_regfiles/io_segment_OBUF[6]_inst_i_185_n_0
    SLICE_X1Y4           LUT2 (Prop_lut2_I0_O)        0.150     9.449 f  game_datapath/game_regfiles/io_segment_OBUF[6]_inst_i_196/O
                         net (fo=1, routed)           0.436     9.885    game_datapath/game_regfiles/io_segment_OBUF[6]_inst_i_196_n_0
    SLICE_X1Y4           LUT6 (Prop_lut6_I3_O)        0.326    10.211 r  game_datapath/game_regfiles/io_segment_OBUF[6]_inst_i_183/O
                         net (fo=3, routed)           1.020    11.231    game_datapath/game_regfiles/io_segment_OBUF[6]_inst_i_183_n_0
    SLICE_X3Y4           LUT2 (Prop_lut2_I0_O)        0.124    11.355 r  game_datapath/game_regfiles/io_segment_OBUF[6]_inst_i_128/O
                         net (fo=1, routed)           0.472    11.827    game_datapath/game_regfiles/io_segment_OBUF[6]_inst_i_128_n_0
    SLICE_X2Y3           CARRY4 (Prop_carry4_DI[3]_CO[3])
                                                      0.396    12.223 r  game_datapath/game_regfiles/io_segment_OBUF[6]_inst_i_73/CO[3]
                         net (fo=1, routed)           0.000    12.223    game_datapath/game_regfiles/io_segment_OBUF[6]_inst_i_73_n_0
    SLICE_X2Y4           CARRY4 (Prop_carry4_CI_O[3])
                                                      0.315    12.538 r  game_datapath/game_regfiles/io_segment_OBUF[6]_inst_i_101/O[3]
                         net (fo=4, routed)           0.840    13.378    game_datapath/game_regfiles/seven_converter/L_6a7c64e5_remainder0[10]
    SLICE_X4Y4           LUT5 (Prop_lut5_I2_O)        0.307    13.685 r  game_datapath/game_regfiles/io_segment_OBUF[6]_inst_i_56/O
                         net (fo=9, routed)           1.159    14.844    game_datapath/game_regfiles/io_segment_OBUF[6]_inst_i_56_n_0
    SLICE_X6Y2           LUT4 (Prop_lut4_I0_O)        0.124    14.968 r  game_datapath/game_regfiles/io_segment_OBUF[6]_inst_i_154/O
                         net (fo=3, routed)           0.713    15.681    game_datapath/game_regfiles/io_segment_OBUF[6]_inst_i_154_n_0
    SLICE_X6Y2           LUT6 (Prop_lut6_I5_O)        0.124    15.805 r  game_datapath/game_regfiles/io_segment_OBUF[6]_inst_i_157/O
                         net (fo=4, routed)           0.734    16.539    game_datapath/game_regfiles/io_segment_OBUF[6]_inst_i_157_n_0
    SLICE_X7Y1           LUT2 (Prop_lut2_I1_O)        0.150    16.689 f  game_datapath/game_regfiles/io_segment_OBUF[6]_inst_i_95/O
                         net (fo=2, routed)           0.955    17.644    game_datapath/game_regfiles/io_segment_OBUF[6]_inst_i_95_n_0
    SLICE_X7Y1           LUT2 (Prop_lut2_I1_O)        0.326    17.970 r  game_datapath/game_regfiles/io_segment_OBUF[6]_inst_i_54/O
                         net (fo=3, routed)           0.661    18.631    game_datapath/game_regfiles/io_segment_OBUF[6]_inst_i_54_n_0
    SLICE_X6Y1           LUT6 (Prop_lut6_I5_O)        0.124    18.755 f  game_datapath/game_regfiles/io_segment_OBUF[6]_inst_i_188/O
                         net (fo=2, routed)           0.875    19.630    game_datapath/game_regfiles/io_segment_OBUF[6]_inst_i_188_n_0
    SLICE_X3Y3           LUT4 (Prop_lut4_I3_O)        0.124    19.754 r  game_datapath/game_regfiles/io_segment_OBUF[6]_inst_i_143/O
                         net (fo=2, routed)           0.744    20.498    game_datapath/game_regfiles/io_segment_OBUF[6]_inst_i_143_n_0
    SLICE_X5Y3           LUT5 (Prop_lut5_I0_O)        0.124    20.622 r  game_datapath/game_regfiles/io_segment_OBUF[6]_inst_i_147/O
                         net (fo=1, routed)           0.000    20.622    game_datapath/game_regfiles/io_segment_OBUF[6]_inst_i_147_n_0
    SLICE_X5Y3           CARRY4 (Prop_carry4_S[2]_CO[3])
                                                      0.398    21.020 r  game_datapath/game_regfiles/io_segment_OBUF[6]_inst_i_75/CO[3]
                         net (fo=1, routed)           0.000    21.020    game_datapath/game_regfiles/io_segment_OBUF[6]_inst_i_75_n_0
    SLICE_X5Y4           CARRY4 (Prop_carry4_CI_O[0])
                                                      0.222    21.242 f  game_datapath/game_regfiles/io_segment_OBUF[6]_inst_i_74/O[0]
                         net (fo=4, routed)           1.117    22.360    game_datapath/game_regfiles/io_segment_OBUF[6]_inst_i_74_n_7
    SLICE_X3Y3           LUT5 (Prop_lut5_I2_O)        0.299    22.659 f  game_datapath/game_regfiles/io_segment_OBUF[6]_inst_i_27/O
                         net (fo=9, routed)           1.337    23.995    game_datapath/game_regfiles/io_segment_OBUF[6]_inst_i_27_n_0
    SLICE_X5Y1           LUT6 (Prop_lut6_I0_O)        0.124    24.119 r  game_datapath/game_regfiles/io_segment_OBUF[6]_inst_i_92/O
                         net (fo=5, routed)           0.838    24.957    game_datapath/game_regfiles/io_segment_OBUF[6]_inst_i_92_n_0
    SLICE_X1Y0           LUT6 (Prop_lut6_I1_O)        0.124    25.081 r  game_datapath/game_regfiles/io_segment_OBUF[6]_inst_i_50/O
                         net (fo=3, routed)           0.813    25.894    game_datapath/game_regfiles/io_segment_OBUF[6]_inst_i_50_n_0
    SLICE_X2Y1           LUT5 (Prop_lut5_I0_O)        0.124    26.018 r  game_datapath/game_regfiles/io_segment_OBUF[4]_inst_i_4/O
                         net (fo=4, routed)           0.851    26.870    game_datapath/game_regfiles/io_segment_OBUF[4]_inst_i_4_n_0
    SLICE_X4Y0           LUT5 (Prop_lut5_I1_O)        0.124    26.994 r  game_datapath/game_regfiles/io_segment_OBUF[6]_inst_i_70/O
                         net (fo=1, routed)           0.000    26.994    game_datapath/game_regfiles/io_segment_OBUF[6]_inst_i_70_n_0
    SLICE_X4Y0           CARRY4 (Prop_carry4_S[1]_CO[3])
                                                      0.550    27.544 r  game_datapath/game_regfiles/io_segment_OBUF[6]_inst_i_25/CO[3]
                         net (fo=1, routed)           0.000    27.544    game_datapath/game_regfiles/io_segment_OBUF[6]_inst_i_25_n_0
    SLICE_X4Y1           CARRY4 (Prop_carry4_CI_CO[3])
                                                      0.114    27.658 r  game_datapath/game_regfiles/io_segment_OBUF[6]_inst_i_62/CO[3]
                         net (fo=1, routed)           0.000    27.658    game_datapath/game_regfiles/io_segment_OBUF[6]_inst_i_62_n_0
    SLICE_X4Y2           CARRY4 (Prop_carry4_CI_O[3])
                                                      0.313    27.971 f  game_datapath/game_regfiles/io_segment_OBUF[6]_inst_i_63/O[3]
                         net (fo=1, routed)           0.953    28.924    game_datapath/game_regfiles/io_segment_OBUF[6]_inst_i_63_n_4
    SLICE_X5Y1           LUT6 (Prop_lut6_I3_O)        0.306    29.230 f  game_datapath/game_regfiles/io_segment_OBUF[6]_inst_i_64/O
                         net (fo=2, routed)           0.592    29.822    game_datapath/game_regfiles/io_segment_OBUF[6]_inst_i_64_n_0
    SLICE_X3Y1           LUT5 (Prop_lut5_I4_O)        0.124    29.946 r  game_datapath/game_regfiles/io_segment_OBUF[6]_inst_i_24/O
                         net (fo=1, routed)           0.665    30.611    game_datapath/game_regfiles/io_segment_OBUF[6]_inst_i_24_n_0
    SLICE_X3Y1           LUT5 (Prop_lut5_I2_O)        0.152    30.763 f  game_datapath/game_regfiles/io_segment_OBUF[6]_inst_i_7/O
                         net (fo=2, routed)           0.819    31.582    game_datapath/game_regfiles/M_seg_values[0][3]
    SLICE_X1Y2           LUT6 (Prop_lut6_I3_O)        0.326    31.908 f  game_datapath/game_regfiles/io_segment_OBUF[6]_inst_i_2/O
                         net (fo=9, routed)           0.855    32.762    game_datapath/game_regfiles/seg/M_seg_dec_char[3]
    SLICE_X0Y1           LUT4 (Prop_lut4_I3_O)        0.150    32.912 r  game_datapath/game_regfiles/io_segment_OBUF[1]_inst_i_1/O
                         net (fo=1, routed)           1.726    34.638    io_segment_OBUF[1]
    R5                   OBUF (Prop_obuf_I_O)         3.766    38.404 r  io_segment_OBUF[1]_inst/O
                         net (fo=0)                   0.000    38.404    io_segment[1]
    R5                                                                r  io_segment[1] (OUT)
  -------------------------------------------------------------------    -------------------

Slack:                    inf
  Source:                 game_datapath/game_regfiles/D_attempts_q_reg[4]/C
                            (rising edge-triggered cell FDRE clocked by clk_0  {rise@0.000ns fall@50.000ns period=100.000ns})
  Destination:            io_segment[4]
                            (output port)
  Path Group:             (none)
  Path Type:              Max at Slow Process Corner
  Data Path Delay:        33.150ns  (logic 10.989ns (33.149%)  route 22.161ns (66.851%))
  Logic Levels:           31  (CARRY4=7 LUT2=4 LUT4=3 LUT5=8 LUT6=8 OBUF=1)
  Clock Uncertainty:      0.025ns  ((TSJ^2 + TIJ^2)^1/2 + DJ) / 2 + PE
    Total System Jitter     (TSJ):    0.050ns
    Total Input Jitter      (TIJ):    0.000ns
    Discrete Jitter          (DJ):    0.000ns
    Phase Error              (PE):    0.000ns

    Location             Delay type                Incr(ns)  Path(ns)    Netlist Resource(s)
  -------------------------------------------------------------------    -------------------
                         (clock clk_0 rise edge)      0.000     0.000 r  
    N14                                               0.000     0.000 r  clk (IN)
                         net (fo=0)                   0.000     0.000    clk
    N14                  IBUF (Prop_ibuf_I_O)         1.517     1.517 r  clk_IBUF_inst/O
                         net (fo=1, routed)           1.972     3.488    clk_IBUF
    BUFGCTRL_X0Y0        BUFG (Prop_bufg_I_O)         0.096     3.584 r  clk_IBUF_BUFG_inst/O
                         net (fo=867, routed)         1.633     5.217    game_datapath/game_regfiles/clk_IBUF_BUFG
    SLICE_X4Y10          FDRE                                         r  game_datapath/game_regfiles/D_attempts_q_reg[4]/C
  -------------------------------------------------------------------    -------------------
    SLICE_X4Y10          FDRE (Prop_fdre_C_Q)         0.419     5.636 f  game_datapath/game_regfiles/D_attempts_q_reg[4]/Q
                         net (fo=19, routed)          1.853     7.489    game_datapath/game_regfiles/Q[4]
    SLICE_X0Y4           LUT5 (Prop_lut5_I3_O)        0.293     7.782 r  game_datapath/game_regfiles/io_segment_OBUF[6]_inst_i_198/O
                         net (fo=1, routed)           0.441     8.223    game_datapath/game_regfiles/io_segment_OBUF[6]_inst_i_198_n_0
    SLICE_X0Y4           LUT6 (Prop_lut6_I5_O)        0.326     8.549 f  game_datapath/game_regfiles/io_segment_OBUF[6]_inst_i_185/O
                         net (fo=8, routed)           0.750     9.299    game_datapath/game_regfiles/io_segment_OBUF[6]_inst_i_185_n_0
    SLICE_X1Y4           LUT2 (Prop_lut2_I0_O)        0.150     9.449 f  game_datapath/game_regfiles/io_segment_OBUF[6]_inst_i_196/O
                         net (fo=1, routed)           0.436     9.885    game_datapath/game_regfiles/io_segment_OBUF[6]_inst_i_196_n_0
    SLICE_X1Y4           LUT6 (Prop_lut6_I3_O)        0.326    10.211 r  game_datapath/game_regfiles/io_segment_OBUF[6]_inst_i_183/O
                         net (fo=3, routed)           1.020    11.231    game_datapath/game_regfiles/io_segment_OBUF[6]_inst_i_183_n_0
    SLICE_X3Y4           LUT2 (Prop_lut2_I0_O)        0.124    11.355 r  game_datapath/game_regfiles/io_segment_OBUF[6]_inst_i_128/O
                         net (fo=1, routed)           0.472    11.827    game_datapath/game_regfiles/io_segment_OBUF[6]_inst_i_128_n_0
    SLICE_X2Y3           CARRY4 (Prop_carry4_DI[3]_CO[3])
                                                      0.396    12.223 r  game_datapath/game_regfiles/io_segment_OBUF[6]_inst_i_73/CO[3]
                         net (fo=1, routed)           0.000    12.223    game_datapath/game_regfiles/io_segment_OBUF[6]_inst_i_73_n_0
    SLICE_X2Y4           CARRY4 (Prop_carry4_CI_O[3])
                                                      0.315    12.538 r  game_datapath/game_regfiles/io_segment_OBUF[6]_inst_i_101/O[3]
                         net (fo=4, routed)           0.840    13.378    game_datapath/game_regfiles/seven_converter/L_6a7c64e5_remainder0[10]
    SLICE_X4Y4           LUT5 (Prop_lut5_I2_O)        0.307    13.685 r  game_datapath/game_regfiles/io_segment_OBUF[6]_inst_i_56/O
                         net (fo=9, routed)           1.159    14.844    game_datapath/game_regfiles/io_segment_OBUF[6]_inst_i_56_n_0
    SLICE_X6Y2           LUT4 (Prop_lut4_I0_O)        0.124    14.968 r  game_datapath/game_regfiles/io_segment_OBUF[6]_inst_i_154/O
                         net (fo=3, routed)           0.713    15.681    game_datapath/game_regfiles/io_segment_OBUF[6]_inst_i_154_n_0
    SLICE_X6Y2           LUT6 (Prop_lut6_I5_O)        0.124    15.805 r  game_datapath/game_regfiles/io_segment_OBUF[6]_inst_i_157/O
                         net (fo=4, routed)           0.734    16.539    game_datapath/game_regfiles/io_segment_OBUF[6]_inst_i_157_n_0
    SLICE_X7Y1           LUT2 (Prop_lut2_I1_O)        0.150    16.689 f  game_datapath/game_regfiles/io_segment_OBUF[6]_inst_i_95/O
                         net (fo=2, routed)           0.955    17.644    game_datapath/game_regfiles/io_segment_OBUF[6]_inst_i_95_n_0
    SLICE_X7Y1           LUT2 (Prop_lut2_I1_O)        0.326    17.970 r  game_datapath/game_regfiles/io_segment_OBUF[6]_inst_i_54/O
                         net (fo=3, routed)           0.661    18.631    game_datapath/game_regfiles/io_segment_OBUF[6]_inst_i_54_n_0
    SLICE_X6Y1           LUT6 (Prop_lut6_I5_O)        0.124    18.755 f  game_datapath/game_regfiles/io_segment_OBUF[6]_inst_i_188/O
                         net (fo=2, routed)           0.875    19.630    game_datapath/game_regfiles/io_segment_OBUF[6]_inst_i_188_n_0
    SLICE_X3Y3           LUT4 (Prop_lut4_I3_O)        0.124    19.754 r  game_datapath/game_regfiles/io_segment_OBUF[6]_inst_i_143/O
                         net (fo=2, routed)           0.744    20.498    game_datapath/game_regfiles/io_segment_OBUF[6]_inst_i_143_n_0
    SLICE_X5Y3           LUT5 (Prop_lut5_I0_O)        0.124    20.622 r  game_datapath/game_regfiles/io_segment_OBUF[6]_inst_i_147/O
                         net (fo=1, routed)           0.000    20.622    game_datapath/game_regfiles/io_segment_OBUF[6]_inst_i_147_n_0
    SLICE_X5Y3           CARRY4 (Prop_carry4_S[2]_CO[3])
                                                      0.398    21.020 r  game_datapath/game_regfiles/io_segment_OBUF[6]_inst_i_75/CO[3]
                         net (fo=1, routed)           0.000    21.020    game_datapath/game_regfiles/io_segment_OBUF[6]_inst_i_75_n_0
    SLICE_X5Y4           CARRY4 (Prop_carry4_CI_O[0])
                                                      0.222    21.242 f  game_datapath/game_regfiles/io_segment_OBUF[6]_inst_i_74/O[0]
                         net (fo=4, routed)           1.117    22.360    game_datapath/game_regfiles/io_segment_OBUF[6]_inst_i_74_n_7
    SLICE_X3Y3           LUT5 (Prop_lut5_I2_O)        0.299    22.659 f  game_datapath/game_regfiles/io_segment_OBUF[6]_inst_i_27/O
                         net (fo=9, routed)           1.337    23.995    game_datapath/game_regfiles/io_segment_OBUF[6]_inst_i_27_n_0
    SLICE_X5Y1           LUT6 (Prop_lut6_I0_O)        0.124    24.119 r  game_datapath/game_regfiles/io_segment_OBUF[6]_inst_i_92/O
                         net (fo=5, routed)           0.838    24.957    game_datapath/game_regfiles/io_segment_OBUF[6]_inst_i_92_n_0
    SLICE_X1Y0           LUT6 (Prop_lut6_I1_O)        0.124    25.081 r  game_datapath/game_regfiles/io_segment_OBUF[6]_inst_i_50/O
                         net (fo=3, routed)           0.813    25.894    game_datapath/game_regfiles/io_segment_OBUF[6]_inst_i_50_n_0
    SLICE_X2Y1           LUT5 (Prop_lut5_I0_O)        0.124    26.018 r  game_datapath/game_regfiles/io_segment_OBUF[4]_inst_i_4/O
                         net (fo=4, routed)           0.851    26.870    game_datapath/game_regfiles/io_segment_OBUF[4]_inst_i_4_n_0
    SLICE_X4Y0           LUT5 (Prop_lut5_I1_O)        0.124    26.994 r  game_datapath/game_regfiles/io_segment_OBUF[6]_inst_i_70/O
                         net (fo=1, routed)           0.000    26.994    game_datapath/game_regfiles/io_segment_OBUF[6]_inst_i_70_n_0
    SLICE_X4Y0           CARRY4 (Prop_carry4_S[1]_CO[3])
                                                      0.550    27.544 r  game_datapath/game_regfiles/io_segment_OBUF[6]_inst_i_25/CO[3]
                         net (fo=1, routed)           0.000    27.544    game_datapath/game_regfiles/io_segment_OBUF[6]_inst_i_25_n_0
    SLICE_X4Y1           CARRY4 (Prop_carry4_CI_CO[3])
                                                      0.114    27.658 r  game_datapath/game_regfiles/io_segment_OBUF[6]_inst_i_62/CO[3]
                         net (fo=1, routed)           0.000    27.658    game_datapath/game_regfiles/io_segment_OBUF[6]_inst_i_62_n_0
    SLICE_X4Y2           CARRY4 (Prop_carry4_CI_O[3])
                                                      0.313    27.971 f  game_datapath/game_regfiles/io_segment_OBUF[6]_inst_i_63/O[3]
                         net (fo=1, routed)           0.953    28.924    game_datapath/game_regfiles/io_segment_OBUF[6]_inst_i_63_n_4
    SLICE_X5Y1           LUT6 (Prop_lut6_I3_O)        0.306    29.230 f  game_datapath/game_regfiles/io_segment_OBUF[6]_inst_i_64/O
                         net (fo=2, routed)           0.592    29.822    game_datapath/game_regfiles/io_segment_OBUF[6]_inst_i_64_n_0
    SLICE_X3Y1           LUT5 (Prop_lut5_I4_O)        0.124    29.946 r  game_datapath/game_regfiles/io_segment_OBUF[6]_inst_i_24/O
                         net (fo=1, routed)           0.665    30.611    game_datapath/game_regfiles/io_segment_OBUF[6]_inst_i_24_n_0
    SLICE_X3Y1           LUT5 (Prop_lut5_I2_O)        0.152    30.763 f  game_datapath/game_regfiles/io_segment_OBUF[6]_inst_i_7/O
                         net (fo=2, routed)           0.819    31.582    game_datapath/game_regfiles/M_seg_values[0][3]
    SLICE_X1Y2           LUT6 (Prop_lut6_I3_O)        0.326    31.908 f  game_datapath/game_regfiles/io_segment_OBUF[6]_inst_i_2/O
                         net (fo=9, routed)           0.843    32.751    game_datapath/game_regfiles/seg/M_seg_dec_char[3]
    SLICE_X0Y1           LUT4 (Prop_lut4_I0_O)        0.150    32.901 r  game_datapath/game_regfiles/io_segment_OBUF[4]_inst_i_1/O
                         net (fo=1, routed)           1.679    34.580    io_segment_OBUF[4]
    R7                   OBUF (Prop_obuf_I_O)         3.787    38.367 r  io_segment_OBUF[4]_inst/O
                         net (fo=0)                   0.000    38.367    io_segment[4]
    R7                                                                r  io_segment[4] (OUT)
  -------------------------------------------------------------------    -------------------

Slack:                    inf
  Source:                 game_datapath/game_regfiles/D_attempts_q_reg[4]/C
                            (rising edge-triggered cell FDRE clocked by clk_0  {rise@0.000ns fall@50.000ns period=100.000ns})
  Destination:            io_segment[3]
                            (output port)
  Path Group:             (none)
  Path Type:              Max at Slow Process Corner
  Data Path Delay:        32.910ns  (logic 10.755ns (32.679%)  route 22.156ns (67.321%))
  Logic Levels:           31  (CARRY4=7 LUT2=4 LUT4=3 LUT5=8 LUT6=8 OBUF=1)
  Clock Uncertainty:      0.025ns  ((TSJ^2 + TIJ^2)^1/2 + DJ) / 2 + PE
    Total System Jitter     (TSJ):    0.050ns
    Total Input Jitter      (TIJ):    0.000ns
    Discrete Jitter          (DJ):    0.000ns
    Phase Error              (PE):    0.000ns

    Location             Delay type                Incr(ns)  Path(ns)    Netlist Resource(s)
  -------------------------------------------------------------------    -------------------
                         (clock clk_0 rise edge)      0.000     0.000 r  
    N14                                               0.000     0.000 r  clk (IN)
                         net (fo=0)                   0.000     0.000    clk
    N14                  IBUF (Prop_ibuf_I_O)         1.517     1.517 r  clk_IBUF_inst/O
                         net (fo=1, routed)           1.972     3.488    clk_IBUF
    BUFGCTRL_X0Y0        BUFG (Prop_bufg_I_O)         0.096     3.584 r  clk_IBUF_BUFG_inst/O
                         net (fo=867, routed)         1.633     5.217    game_datapath/game_regfiles/clk_IBUF_BUFG
    SLICE_X4Y10          FDRE                                         r  game_datapath/game_regfiles/D_attempts_q_reg[4]/C
  -------------------------------------------------------------------    -------------------
    SLICE_X4Y10          FDRE (Prop_fdre_C_Q)         0.419     5.636 f  game_datapath/game_regfiles/D_attempts_q_reg[4]/Q
                         net (fo=19, routed)          1.853     7.489    game_datapath/game_regfiles/Q[4]
    SLICE_X0Y4           LUT5 (Prop_lut5_I3_O)        0.293     7.782 r  game_datapath/game_regfiles/io_segment_OBUF[6]_inst_i_198/O
                         net (fo=1, routed)           0.441     8.223    game_datapath/game_regfiles/io_segment_OBUF[6]_inst_i_198_n_0
    SLICE_X0Y4           LUT6 (Prop_lut6_I5_O)        0.326     8.549 f  game_datapath/game_regfiles/io_segment_OBUF[6]_inst_i_185/O
                         net (fo=8, routed)           0.750     9.299    game_datapath/game_regfiles/io_segment_OBUF[6]_inst_i_185_n_0
    SLICE_X1Y4           LUT2 (Prop_lut2_I0_O)        0.150     9.449 f  game_datapath/game_regfiles/io_segment_OBUF[6]_inst_i_196/O
                         net (fo=1, routed)           0.436     9.885    game_datapath/game_regfiles/io_segment_OBUF[6]_inst_i_196_n_0
    SLICE_X1Y4           LUT6 (Prop_lut6_I3_O)        0.326    10.211 r  game_datapath/game_regfiles/io_segment_OBUF[6]_inst_i_183/O
                         net (fo=3, routed)           1.020    11.231    game_datapath/game_regfiles/io_segment_OBUF[6]_inst_i_183_n_0
    SLICE_X3Y4           LUT2 (Prop_lut2_I0_O)        0.124    11.355 r  game_datapath/game_regfiles/io_segment_OBUF[6]_inst_i_128/O
                         net (fo=1, routed)           0.472    11.827    game_datapath/game_regfiles/io_segment_OBUF[6]_inst_i_128_n_0
    SLICE_X2Y3           CARRY4 (Prop_carry4_DI[3]_CO[3])
                                                      0.396    12.223 r  game_datapath/game_regfiles/io_segment_OBUF[6]_inst_i_73/CO[3]
                         net (fo=1, routed)           0.000    12.223    game_datapath/game_regfiles/io_segment_OBUF[6]_inst_i_73_n_0
    SLICE_X2Y4           CARRY4 (Prop_carry4_CI_O[3])
                                                      0.315    12.538 r  game_datapath/game_regfiles/io_segment_OBUF[6]_inst_i_101/O[3]
                         net (fo=4, routed)           0.840    13.378    game_datapath/game_regfiles/seven_converter/L_6a7c64e5_remainder0[10]
    SLICE_X4Y4           LUT5 (Prop_lut5_I2_O)        0.307    13.685 r  game_datapath/game_regfiles/io_segment_OBUF[6]_inst_i_56/O
                         net (fo=9, routed)           1.159    14.844    game_datapath/game_regfiles/io_segment_OBUF[6]_inst_i_56_n_0
    SLICE_X6Y2           LUT4 (Prop_lut4_I0_O)        0.124    14.968 r  game_datapath/game_regfiles/io_segment_OBUF[6]_inst_i_154/O
                         net (fo=3, routed)           0.713    15.681    game_datapath/game_regfiles/io_segment_OBUF[6]_inst_i_154_n_0
    SLICE_X6Y2           LUT6 (Prop_lut6_I5_O)        0.124    15.805 r  game_datapath/game_regfiles/io_segment_OBUF[6]_inst_i_157/O
                         net (fo=4, routed)           0.734    16.539    game_datapath/game_regfiles/io_segment_OBUF[6]_inst_i_157_n_0
    SLICE_X7Y1           LUT2 (Prop_lut2_I1_O)        0.150    16.689 f  game_datapath/game_regfiles/io_segment_OBUF[6]_inst_i_95/O
                         net (fo=2, routed)           0.955    17.644    game_datapath/game_regfiles/io_segment_OBUF[6]_inst_i_95_n_0
    SLICE_X7Y1           LUT2 (Prop_lut2_I1_O)        0.326    17.970 r  game_datapath/game_regfiles/io_segment_OBUF[6]_inst_i_54/O
                         net (fo=3, routed)           0.661    18.631    game_datapath/game_regfiles/io_segment_OBUF[6]_inst_i_54_n_0
    SLICE_X6Y1           LUT6 (Prop_lut6_I5_O)        0.124    18.755 f  game_datapath/game_regfiles/io_segment_OBUF[6]_inst_i_188/O
                         net (fo=2, routed)           0.875    19.630    game_datapath/game_regfiles/io_segment_OBUF[6]_inst_i_188_n_0
    SLICE_X3Y3           LUT4 (Prop_lut4_I3_O)        0.124    19.754 r  game_datapath/game_regfiles/io_segment_OBUF[6]_inst_i_143/O
                         net (fo=2, routed)           0.744    20.498    game_datapath/game_regfiles/io_segment_OBUF[6]_inst_i_143_n_0
    SLICE_X5Y3           LUT5 (Prop_lut5_I0_O)        0.124    20.622 r  game_datapath/game_regfiles/io_segment_OBUF[6]_inst_i_147/O
                         net (fo=1, routed)           0.000    20.622    game_datapath/game_regfiles/io_segment_OBUF[6]_inst_i_147_n_0
    SLICE_X5Y3           CARRY4 (Prop_carry4_S[2]_CO[3])
                                                      0.398    21.020 r  game_datapath/game_regfiles/io_segment_OBUF[6]_inst_i_75/CO[3]
                         net (fo=1, routed)           0.000    21.020    game_datapath/game_regfiles/io_segment_OBUF[6]_inst_i_75_n_0
    SLICE_X5Y4           CARRY4 (Prop_carry4_CI_O[0])
                                                      0.222    21.242 f  game_datapath/game_regfiles/io_segment_OBUF[6]_inst_i_74/O[0]
                         net (fo=4, routed)           1.117    22.360    game_datapath/game_regfiles/io_segment_OBUF[6]_inst_i_74_n_7
    SLICE_X3Y3           LUT5 (Prop_lut5_I2_O)        0.299    22.659 f  game_datapath/game_regfiles/io_segment_OBUF[6]_inst_i_27/O
                         net (fo=9, routed)           1.337    23.995    game_datapath/game_regfiles/io_segment_OBUF[6]_inst_i_27_n_0
    SLICE_X5Y1           LUT6 (Prop_lut6_I0_O)        0.124    24.119 r  game_datapath/game_regfiles/io_segment_OBUF[6]_inst_i_92/O
                         net (fo=5, routed)           0.838    24.957    game_datapath/game_regfiles/io_segment_OBUF[6]_inst_i_92_n_0
    SLICE_X1Y0           LUT6 (Prop_lut6_I1_O)        0.124    25.081 r  game_datapath/game_regfiles/io_segment_OBUF[6]_inst_i_50/O
                         net (fo=3, routed)           0.813    25.894    game_datapath/game_regfiles/io_segment_OBUF[6]_inst_i_50_n_0
    SLICE_X2Y1           LUT5 (Prop_lut5_I0_O)        0.124    26.018 r  game_datapath/game_regfiles/io_segment_OBUF[4]_inst_i_4/O
                         net (fo=4, routed)           0.851    26.870    game_datapath/game_regfiles/io_segment_OBUF[4]_inst_i_4_n_0
    SLICE_X4Y0           LUT5 (Prop_lut5_I1_O)        0.124    26.994 r  game_datapath/game_regfiles/io_segment_OBUF[6]_inst_i_70/O
                         net (fo=1, routed)           0.000    26.994    game_datapath/game_regfiles/io_segment_OBUF[6]_inst_i_70_n_0
    SLICE_X4Y0           CARRY4 (Prop_carry4_S[1]_CO[3])
                                                      0.550    27.544 r  game_datapath/game_regfiles/io_segment_OBUF[6]_inst_i_25/CO[3]
                         net (fo=1, routed)           0.000    27.544    game_datapath/game_regfiles/io_segment_OBUF[6]_inst_i_25_n_0
    SLICE_X4Y1           CARRY4 (Prop_carry4_CI_CO[3])
                                                      0.114    27.658 r  game_datapath/game_regfiles/io_segment_OBUF[6]_inst_i_62/CO[3]
                         net (fo=1, routed)           0.000    27.658    game_datapath/game_regfiles/io_segment_OBUF[6]_inst_i_62_n_0
    SLICE_X4Y2           CARRY4 (Prop_carry4_CI_O[3])
                                                      0.313    27.971 f  game_datapath/game_regfiles/io_segment_OBUF[6]_inst_i_63/O[3]
                         net (fo=1, routed)           0.953    28.924    game_datapath/game_regfiles/io_segment_OBUF[6]_inst_i_63_n_4
    SLICE_X5Y1           LUT6 (Prop_lut6_I3_O)        0.306    29.230 f  game_datapath/game_regfiles/io_segment_OBUF[6]_inst_i_64/O
                         net (fo=2, routed)           0.592    29.822    game_datapath/game_regfiles/io_segment_OBUF[6]_inst_i_64_n_0
    SLICE_X3Y1           LUT5 (Prop_lut5_I4_O)        0.124    29.946 r  game_datapath/game_regfiles/io_segment_OBUF[6]_inst_i_24/O
                         net (fo=1, routed)           0.665    30.611    game_datapath/game_regfiles/io_segment_OBUF[6]_inst_i_24_n_0
    SLICE_X3Y1           LUT5 (Prop_lut5_I2_O)        0.152    30.763 f  game_datapath/game_regfiles/io_segment_OBUF[6]_inst_i_7/O
                         net (fo=2, routed)           0.819    31.582    game_datapath/game_regfiles/M_seg_values[0][3]
    SLICE_X1Y2           LUT6 (Prop_lut6_I3_O)        0.326    31.908 f  game_datapath/game_regfiles/io_segment_OBUF[6]_inst_i_2/O
                         net (fo=9, routed)           0.843    32.751    game_datapath/game_regfiles/seg/M_seg_dec_char[3]
    SLICE_X0Y1           LUT4 (Prop_lut4_I3_O)        0.124    32.875 r  game_datapath/game_regfiles/io_segment_OBUF[3]_inst_i_1/O
                         net (fo=1, routed)           1.674    34.549    io_segment_OBUF[3]
    R6                   OBUF (Prop_obuf_I_O)         3.579    38.128 r  io_segment_OBUF[3]_inst/O
                         net (fo=0)                   0.000    38.128    io_segment[3]
    R6                                                                r  io_segment[3] (OUT)
  -------------------------------------------------------------------    -------------------

Slack:                    inf
  Source:                 game_datapath/game_regfiles/D_attempts_q_reg[4]/C
                            (rising edge-triggered cell FDRE clocked by clk_0  {rise@0.000ns fall@50.000ns period=100.000ns})
  Destination:            io_segment[0]
                            (output port)
  Path Group:             (none)
  Path Type:              Max at Slow Process Corner
  Data Path Delay:        32.908ns  (logic 10.744ns (32.648%)  route 22.164ns (67.352%))
  Logic Levels:           31  (CARRY4=7 LUT2=4 LUT4=3 LUT5=8 LUT6=8 OBUF=1)
  Clock Uncertainty:      0.025ns  ((TSJ^2 + TIJ^2)^1/2 + DJ) / 2 + PE
    Total System Jitter     (TSJ):    0.050ns
    Total Input Jitter      (TIJ):    0.000ns
    Discrete Jitter          (DJ):    0.000ns
    Phase Error              (PE):    0.000ns

    Location             Delay type                Incr(ns)  Path(ns)    Netlist Resource(s)
  -------------------------------------------------------------------    -------------------
                         (clock clk_0 rise edge)      0.000     0.000 r  
    N14                                               0.000     0.000 r  clk (IN)
                         net (fo=0)                   0.000     0.000    clk
    N14                  IBUF (Prop_ibuf_I_O)         1.517     1.517 r  clk_IBUF_inst/O
                         net (fo=1, routed)           1.972     3.488    clk_IBUF
    BUFGCTRL_X0Y0        BUFG (Prop_bufg_I_O)         0.096     3.584 r  clk_IBUF_BUFG_inst/O
                         net (fo=867, routed)         1.633     5.217    game_datapath/game_regfiles/clk_IBUF_BUFG
    SLICE_X4Y10          FDRE                                         r  game_datapath/game_regfiles/D_attempts_q_reg[4]/C
  -------------------------------------------------------------------    -------------------
    SLICE_X4Y10          FDRE (Prop_fdre_C_Q)         0.419     5.636 f  game_datapath/game_regfiles/D_attempts_q_reg[4]/Q
                         net (fo=19, routed)          1.853     7.489    game_datapath/game_regfiles/Q[4]
    SLICE_X0Y4           LUT5 (Prop_lut5_I3_O)        0.293     7.782 r  game_datapath/game_regfiles/io_segment_OBUF[6]_inst_i_198/O
                         net (fo=1, routed)           0.441     8.223    game_datapath/game_regfiles/io_segment_OBUF[6]_inst_i_198_n_0
    SLICE_X0Y4           LUT6 (Prop_lut6_I5_O)        0.326     8.549 f  game_datapath/game_regfiles/io_segment_OBUF[6]_inst_i_185/O
                         net (fo=8, routed)           0.750     9.299    game_datapath/game_regfiles/io_segment_OBUF[6]_inst_i_185_n_0
    SLICE_X1Y4           LUT2 (Prop_lut2_I0_O)        0.150     9.449 f  game_datapath/game_regfiles/io_segment_OBUF[6]_inst_i_196/O
                         net (fo=1, routed)           0.436     9.885    game_datapath/game_regfiles/io_segment_OBUF[6]_inst_i_196_n_0
    SLICE_X1Y4           LUT6 (Prop_lut6_I3_O)        0.326    10.211 r  game_datapath/game_regfiles/io_segment_OBUF[6]_inst_i_183/O
                         net (fo=3, routed)           1.020    11.231    game_datapath/game_regfiles/io_segment_OBUF[6]_inst_i_183_n_0
    SLICE_X3Y4           LUT2 (Prop_lut2_I0_O)        0.124    11.355 r  game_datapath/game_regfiles/io_segment_OBUF[6]_inst_i_128/O
                         net (fo=1, routed)           0.472    11.827    game_datapath/game_regfiles/io_segment_OBUF[6]_inst_i_128_n_0
    SLICE_X2Y3           CARRY4 (Prop_carry4_DI[3]_CO[3])
                                                      0.396    12.223 r  game_datapath/game_regfiles/io_segment_OBUF[6]_inst_i_73/CO[3]
                         net (fo=1, routed)           0.000    12.223    game_datapath/game_regfiles/io_segment_OBUF[6]_inst_i_73_n_0
    SLICE_X2Y4           CARRY4 (Prop_carry4_CI_O[3])
                                                      0.315    12.538 r  game_datapath/game_regfiles/io_segment_OBUF[6]_inst_i_101/O[3]
                         net (fo=4, routed)           0.840    13.378    game_datapath/game_regfiles/seven_converter/L_6a7c64e5_remainder0[10]
    SLICE_X4Y4           LUT5 (Prop_lut5_I2_O)        0.307    13.685 r  game_datapath/game_regfiles/io_segment_OBUF[6]_inst_i_56/O
                         net (fo=9, routed)           1.159    14.844    game_datapath/game_regfiles/io_segment_OBUF[6]_inst_i_56_n_0
    SLICE_X6Y2           LUT4 (Prop_lut4_I0_O)        0.124    14.968 r  game_datapath/game_regfiles/io_segment_OBUF[6]_inst_i_154/O
                         net (fo=3, routed)           0.713    15.681    game_datapath/game_regfiles/io_segment_OBUF[6]_inst_i_154_n_0
    SLICE_X6Y2           LUT6 (Prop_lut6_I5_O)        0.124    15.805 r  game_datapath/game_regfiles/io_segment_OBUF[6]_inst_i_157/O
                         net (fo=4, routed)           0.734    16.539    game_datapath/game_regfiles/io_segment_OBUF[6]_inst_i_157_n_0
    SLICE_X7Y1           LUT2 (Prop_lut2_I1_O)        0.150    16.689 f  game_datapath/game_regfiles/io_segment_OBUF[6]_inst_i_95/O
                         net (fo=2, routed)           0.955    17.644    game_datapath/game_regfiles/io_segment_OBUF[6]_inst_i_95_n_0
    SLICE_X7Y1           LUT2 (Prop_lut2_I1_O)        0.326    17.970 r  game_datapath/game_regfiles/io_segment_OBUF[6]_inst_i_54/O
                         net (fo=3, routed)           0.661    18.631    game_datapath/game_regfiles/io_segment_OBUF[6]_inst_i_54_n_0
    SLICE_X6Y1           LUT6 (Prop_lut6_I5_O)        0.124    18.755 f  game_datapath/game_regfiles/io_segment_OBUF[6]_inst_i_188/O
                         net (fo=2, routed)           0.875    19.630    game_datapath/game_regfiles/io_segment_OBUF[6]_inst_i_188_n_0
    SLICE_X3Y3           LUT4 (Prop_lut4_I3_O)        0.124    19.754 r  game_datapath/game_regfiles/io_segment_OBUF[6]_inst_i_143/O
                         net (fo=2, routed)           0.744    20.498    game_datapath/game_regfiles/io_segment_OBUF[6]_inst_i_143_n_0
    SLICE_X5Y3           LUT5 (Prop_lut5_I0_O)        0.124    20.622 r  game_datapath/game_regfiles/io_segment_OBUF[6]_inst_i_147/O
                         net (fo=1, routed)           0.000    20.622    game_datapath/game_regfiles/io_segment_OBUF[6]_inst_i_147_n_0
    SLICE_X5Y3           CARRY4 (Prop_carry4_S[2]_CO[3])
                                                      0.398    21.020 r  game_datapath/game_regfiles/io_segment_OBUF[6]_inst_i_75/CO[3]
                         net (fo=1, routed)           0.000    21.020    game_datapath/game_regfiles/io_segment_OBUF[6]_inst_i_75_n_0
    SLICE_X5Y4           CARRY4 (Prop_carry4_CI_O[0])
                                                      0.222    21.242 f  game_datapath/game_regfiles/io_segment_OBUF[6]_inst_i_74/O[0]
                         net (fo=4, routed)           1.117    22.360    game_datapath/game_regfiles/io_segment_OBUF[6]_inst_i_74_n_7
    SLICE_X3Y3           LUT5 (Prop_lut5_I2_O)        0.299    22.659 f  game_datapath/game_regfiles/io_segment_OBUF[6]_inst_i_27/O
                         net (fo=9, routed)           1.337    23.995    game_datapath/game_regfiles/io_segment_OBUF[6]_inst_i_27_n_0
    SLICE_X5Y1           LUT6 (Prop_lut6_I0_O)        0.124    24.119 r  game_datapath/game_regfiles/io_segment_OBUF[6]_inst_i_92/O
                         net (fo=5, routed)           0.838    24.957    game_datapath/game_regfiles/io_segment_OBUF[6]_inst_i_92_n_0
    SLICE_X1Y0           LUT6 (Prop_lut6_I1_O)        0.124    25.081 r  game_datapath/game_regfiles/io_segment_OBUF[6]_inst_i_50/O
                         net (fo=3, routed)           0.813    25.894    game_datapath/game_regfiles/io_segment_OBUF[6]_inst_i_50_n_0
    SLICE_X2Y1           LUT5 (Prop_lut5_I0_O)        0.124    26.018 r  game_datapath/game_regfiles/io_segment_OBUF[4]_inst_i_4/O
                         net (fo=4, routed)           0.851    26.870    game_datapath/game_regfiles/io_segment_OBUF[4]_inst_i_4_n_0
    SLICE_X4Y0           LUT5 (Prop_lut5_I1_O)        0.124    26.994 r  game_datapath/game_regfiles/io_segment_OBUF[6]_inst_i_70/O
                         net (fo=1, routed)           0.000    26.994    game_datapath/game_regfiles/io_segment_OBUF[6]_inst_i_70_n_0
    SLICE_X4Y0           CARRY4 (Prop_carry4_S[1]_CO[3])
                                                      0.550    27.544 r  game_datapath/game_regfiles/io_segment_OBUF[6]_inst_i_25/CO[3]
                         net (fo=1, routed)           0.000    27.544    game_datapath/game_regfiles/io_segment_OBUF[6]_inst_i_25_n_0
    SLICE_X4Y1           CARRY4 (Prop_carry4_CI_CO[3])
                                                      0.114    27.658 r  game_datapath/game_regfiles/io_segment_OBUF[6]_inst_i_62/CO[3]
                         net (fo=1, routed)           0.000    27.658    game_datapath/game_regfiles/io_segment_OBUF[6]_inst_i_62_n_0
    SLICE_X4Y2           CARRY4 (Prop_carry4_CI_O[3])
                                                      0.313    27.971 r  game_datapath/game_regfiles/io_segment_OBUF[6]_inst_i_63/O[3]
                         net (fo=1, routed)           0.953    28.924    game_datapath/game_regfiles/io_segment_OBUF[6]_inst_i_63_n_4
    SLICE_X5Y1           LUT6 (Prop_lut6_I3_O)        0.306    29.230 r  game_datapath/game_regfiles/io_segment_OBUF[6]_inst_i_64/O
                         net (fo=2, routed)           0.592    29.822    game_datapath/game_regfiles/io_segment_OBUF[6]_inst_i_64_n_0
    SLICE_X3Y1           LUT5 (Prop_lut5_I4_O)        0.124    29.946 f  game_datapath/game_regfiles/io_segment_OBUF[6]_inst_i_24/O
                         net (fo=1, routed)           0.665    30.611    game_datapath/game_regfiles/io_segment_OBUF[6]_inst_i_24_n_0
    SLICE_X3Y1           LUT5 (Prop_lut5_I2_O)        0.152    30.763 r  game_datapath/game_regfiles/io_segment_OBUF[6]_inst_i_7/O
                         net (fo=2, routed)           0.819    31.582    game_datapath/game_regfiles/M_seg_values[0][3]
    SLICE_X1Y2           LUT6 (Prop_lut6_I3_O)        0.326    31.908 r  game_datapath/game_regfiles/io_segment_OBUF[6]_inst_i_2/O
                         net (fo=9, routed)           0.855    32.762    game_datapath/game_regfiles/seg/M_seg_dec_char[3]
    SLICE_X0Y1           LUT4 (Prop_lut4_I1_O)        0.124    32.886 r  game_datapath/game_regfiles/io_segment_OBUF[0]_inst_i_1/O
                         net (fo=1, routed)           1.671    34.558    io_segment_OBUF[0]
    T5                   OBUF (Prop_obuf_I_O)         3.568    38.125 r  io_segment_OBUF[0]_inst/O
                         net (fo=0)                   0.000    38.125    io_segment[0]
    T5                                                                r  io_segment[0] (OUT)
  -------------------------------------------------------------------    -------------------

Slack:                    inf
  Source:                 game_datapath/game_regfiles/D_current_button_light_q_reg[3]/C
                            (rising edge-triggered cell FDRE clocked by clk_0  {rise@0.000ns fall@50.000ns period=100.000ns})
  Destination:            io_led[2][5]
                            (output port)
  Path Group:             (none)
  Path Type:              Max at Slow Process Corner
  Data Path Delay:        9.932ns  (logic 4.345ns (43.744%)  route 5.587ns (56.256%))
  Logic Levels:           2  (LUT4=1 OBUF=1)
  Clock Uncertainty:      0.025ns  ((TSJ^2 + TIJ^2)^1/2 + DJ) / 2 + PE
    Total System Jitter     (TSJ):    0.050ns
    Total Input Jitter      (TIJ):    0.000ns
    Discrete Jitter          (DJ):    0.000ns
    Phase Error              (PE):    0.000ns

    Location             Delay type                Incr(ns)  Path(ns)    Netlist Resource(s)
  -------------------------------------------------------------------    -------------------
                         (clock clk_0 rise edge)      0.000     0.000 r  
    N14                                               0.000     0.000 r  clk (IN)
                         net (fo=0)                   0.000     0.000    clk
    N14                  IBUF (Prop_ibuf_I_O)         1.517     1.517 r  clk_IBUF_inst/O
                         net (fo=1, routed)           1.972     3.488    clk_IBUF
    BUFGCTRL_X0Y0        BUFG (Prop_bufg_I_O)         0.096     3.584 r  clk_IBUF_BUFG_inst/O
                         net (fo=867, routed)         1.627     5.211    game_datapath/game_regfiles/clk_IBUF_BUFG
    SLICE_X5Y16          FDRE                                         r  game_datapath/game_regfiles/D_current_button_light_q_reg[3]/C
  -------------------------------------------------------------------    -------------------
    SLICE_X5Y16          FDRE (Prop_fdre_C_Q)         0.456     5.667 r  game_datapath/game_regfiles/D_current_button_light_q_reg[3]/Q
                         net (fo=10, routed)          1.763     7.431    duckler/Q[3]
    SLICE_X14Y31         LUT4 (Prop_lut4_I0_O)        0.153     7.584 r  duckler/io_led[2][5]_INST_0_i_1/O
                         net (fo=1, routed)           3.824    11.408    io_led[2]_OBUF[5]
    J1                   OBUF (Prop_obuf_I_O)         3.736    15.143 r  io_led[2][5]_INST_0/O
                         net (fo=0)                   0.000    15.143    io_led[2][5]
    J1                                                                r  io_led[2][5] (OUT)
  -------------------------------------------------------------------    -------------------

Slack:                    inf
  Source:                 game_datapath/game_regfiles/D_current_button_light_q_reg[2]/C
                            (rising edge-triggered cell FDRE clocked by clk_0  {rise@0.000ns fall@50.000ns period=100.000ns})
  Destination:            io_led[2][0]
                            (output port)
  Path Group:             (none)
  Path Type:              Max at Slow Process Corner
  Data Path Delay:        9.943ns  (logic 4.331ns (43.554%)  route 5.613ns (56.446%))
  Logic Levels:           2  (LUT4=1 OBUF=1)
  Clock Uncertainty:      0.025ns  ((TSJ^2 + TIJ^2)^1/2 + DJ) / 2 + PE
    Total System Jitter     (TSJ):    0.050ns
    Total Input Jitter      (TIJ):    0.000ns
    Discrete Jitter          (DJ):    0.000ns
    Phase Error              (PE):    0.000ns

    Location             Delay type                Incr(ns)  Path(ns)    Netlist Resource(s)
  -------------------------------------------------------------------    -------------------
                         (clock clk_0 rise edge)      0.000     0.000 r  
    N14                                               0.000     0.000 r  clk (IN)
                         net (fo=0)                   0.000     0.000    clk
    N14                  IBUF (Prop_ibuf_I_O)         1.517     1.517 r  clk_IBUF_inst/O
                         net (fo=1, routed)           1.972     3.488    clk_IBUF
    BUFGCTRL_X0Y0        BUFG (Prop_bufg_I_O)         0.096     3.584 r  clk_IBUF_BUFG_inst/O
                         net (fo=867, routed)         1.560     5.144    game_datapath/game_regfiles/clk_IBUF_BUFG
    SLICE_X9Y17          FDRE                                         r  game_datapath/game_regfiles/D_current_button_light_q_reg[2]/C
  -------------------------------------------------------------------    -------------------
    SLICE_X9Y17          FDRE (Prop_fdre_C_Q)         0.456     5.600 f  game_datapath/game_regfiles/D_current_button_light_q_reg[2]/Q
                         net (fo=10, routed)          1.670     7.271    duckler/Q[2]
    SLICE_X14Y31         LUT4 (Prop_lut4_I3_O)        0.146     7.417 r  duckler/io_led[2][0]_INST_0_i_1/O
                         net (fo=1, routed)           3.942    11.359    io_led[2]_OBUF[0]
    G2                   OBUF (Prop_obuf_I_O)         3.729    15.088 r  io_led[2][0]_INST_0/O
                         net (fo=0)                   0.000    15.088    io_led[2][0]
    G2                                                                r  io_led[2][0] (OUT)
  -------------------------------------------------------------------    -------------------

Slack:                    inf
  Source:                 game_datapath/game_regfiles/D_current_button_light_q_reg[3]/C
                            (rising edge-triggered cell FDRE clocked by clk_0  {rise@0.000ns fall@50.000ns period=100.000ns})
  Destination:            io_led[2][2]
                            (output port)
  Path Group:             (none)
  Path Type:              Max at Slow Process Corner
  Data Path Delay:        9.823ns  (logic 4.101ns (41.751%)  route 5.722ns (58.249%))
  Logic Levels:           2  (LUT4=1 OBUF=1)
  Clock Uncertainty:      0.025ns  ((TSJ^2 + TIJ^2)^1/2 + DJ) / 2 + PE
    Total System Jitter     (TSJ):    0.050ns
    Total Input Jitter      (TIJ):    0.000ns
    Discrete Jitter          (DJ):    0.000ns
    Phase Error              (PE):    0.000ns

    Location             Delay type                Incr(ns)  Path(ns)    Netlist Resource(s)
  -------------------------------------------------------------------    -------------------
                         (clock clk_0 rise edge)      0.000     0.000 r  
    N14                                               0.000     0.000 r  clk (IN)
                         net (fo=0)                   0.000     0.000    clk
    N14                  IBUF (Prop_ibuf_I_O)         1.517     1.517 r  clk_IBUF_inst/O
                         net (fo=1, routed)           1.972     3.488    clk_IBUF
    BUFGCTRL_X0Y0        BUFG (Prop_bufg_I_O)         0.096     3.584 r  clk_IBUF_BUFG_inst/O
                         net (fo=867, routed)         1.627     5.211    game_datapath/game_regfiles/clk_IBUF_BUFG
    SLICE_X5Y16          FDRE                                         r  game_datapath/game_regfiles/D_current_button_light_q_reg[3]/C
  -------------------------------------------------------------------    -------------------
    SLICE_X5Y16          FDRE (Prop_fdre_C_Q)         0.456     5.667 r  game_datapath/game_regfiles/D_current_button_light_q_reg[3]/Q
                         net (fo=10, routed)          1.698     7.366    duckler/Q[3]
    SLICE_X14Y31         LUT4 (Prop_lut4_I0_O)        0.124     7.490 r  duckler/io_led[2][2]_INST_0_i_1/O
                         net (fo=1, routed)           4.024    11.513    io_led[2]_OBUF[2]
    H2                   OBUF (Prop_obuf_I_O)         3.521    15.035 r  io_led[2][2]_INST_0/O
                         net (fo=0)                   0.000    15.035    io_led[2][2]
    H2                                                                r  io_led[2][2] (OUT)
  -------------------------------------------------------------------    -------------------





Min Delay Paths
--------------------------------------------------------------------------------------
Slack:                    inf
  Source:                 game_datapath/game_timer_clock/D_ctr_q_reg[26]/C
                            (rising edge-triggered cell FDRE clocked by clk_0  {rise@0.000ns fall@50.000ns period=100.000ns})
  Destination:            timer_led
                            (output port)
  Path Group:             (none)
  Path Type:              Min at Fast Process Corner
  Data Path Delay:        1.843ns  (logic 1.438ns (78.015%)  route 0.405ns (21.985%))
  Logic Levels:           1  (OBUF=1)
  Clock Uncertainty:      0.025ns  ((TSJ^2 + TIJ^2)^1/2 + DJ) / 2 + PE
    Total System Jitter     (TSJ):    0.050ns
    Total Input Jitter      (TIJ):    0.000ns
    Discrete Jitter          (DJ):    0.000ns
    Phase Error              (PE):    0.000ns

    Location             Delay type                Incr(ns)  Path(ns)    Netlist Resource(s)
  -------------------------------------------------------------------    -------------------
                         (clock clk_0 rise edge)      0.000     0.000 r  
    N14                                               0.000     0.000 r  clk (IN)
                         net (fo=0)                   0.000     0.000    clk
    N14                  IBUF (Prop_ibuf_I_O)         0.284     0.284 r  clk_IBUF_inst/O
                         net (fo=1, routed)           0.634     0.918    clk_IBUF
    BUFGCTRL_X0Y0        BUFG (Prop_bufg_I_O)         0.026     0.944 r  clk_IBUF_BUFG_inst/O
                         net (fo=867, routed)         0.586     1.530    game_datapath/game_timer_clock/clk_IBUF_BUFG
    SLICE_X2Y20          FDRE                                         r  game_datapath/game_timer_clock/D_ctr_q_reg[26]/C
  -------------------------------------------------------------------    -------------------
    SLICE_X2Y20          FDRE (Prop_fdre_C_Q)         0.164     1.694 r  game_datapath/game_timer_clock/D_ctr_q_reg[26]/Q
                         net (fo=9, routed)           0.405     2.099    timer_led_OBUF
    N11                  OBUF (Prop_obuf_I_O)         1.274     3.373 r  timer_led_OBUF_inst/O
                         net (fo=0)                   0.000     3.373    timer_led
    N11                                                               r  timer_led (OUT)
  -------------------------------------------------------------------    -------------------

Slack:                    inf
  Source:                 game_datapath/game_regfiles/D_user_input_q_reg[1]_lopt_replica/C
                            (rising edge-triggered cell FDRE clocked by clk_0  {rise@0.000ns fall@50.000ns period=100.000ns})
  Destination:            led[4]
                            (output port)
  Path Group:             (none)
  Path Type:              Min at Fast Process Corner
  Data Path Delay:        1.956ns  (logic 1.403ns (71.732%)  route 0.553ns (28.268%))
  Logic Levels:           1  (OBUF=1)
  Clock Uncertainty:      0.025ns  ((TSJ^2 + TIJ^2)^1/2 + DJ) / 2 + PE
    Total System Jitter     (TSJ):    0.050ns
    Total Input Jitter      (TIJ):    0.000ns
    Discrete Jitter          (DJ):    0.000ns
    Phase Error              (PE):    0.000ns

    Location             Delay type                Incr(ns)  Path(ns)    Netlist Resource(s)
  -------------------------------------------------------------------    -------------------
                         (clock clk_0 rise edge)      0.000     0.000 r  
    N14                                               0.000     0.000 r  clk (IN)
                         net (fo=0)                   0.000     0.000    clk
    N14                  IBUF (Prop_ibuf_I_O)         0.284     0.284 r  clk_IBUF_inst/O
                         net (fo=1, routed)           0.634     0.918    clk_IBUF
    BUFGCTRL_X0Y0        BUFG (Prop_bufg_I_O)         0.026     0.944 r  clk_IBUF_BUFG_inst/O
                         net (fo=867, routed)         0.587     1.531    game_datapath/game_regfiles/clk_IBUF_BUFG
    SLICE_X1Y19          FDRE                                         r  game_datapath/game_regfiles/D_user_input_q_reg[1]_lopt_replica/C
  -------------------------------------------------------------------    -------------------
    SLICE_X1Y19          FDRE (Prop_fdre_C_Q)         0.141     1.672 r  game_datapath/game_regfiles/D_user_input_q_reg[1]_lopt_replica/Q
                         net (fo=1, routed)           0.553     2.225    lopt_10
    M16                  OBUF (Prop_obuf_I_O)         1.262     3.487 r  led_OBUF[4]_inst/O
                         net (fo=0)                   0.000     3.487    led[4]
    M16                                                               r  led[4] (OUT)
  -------------------------------------------------------------------    -------------------

Slack:                    inf
  Source:                 game_datapath/game_regfiles/D_user_input_q_reg[3]_lopt_replica/C
                            (rising edge-triggered cell FDRE clocked by clk_0  {rise@0.000ns fall@50.000ns period=100.000ns})
  Destination:            led[6]
                            (output port)
  Path Group:             (none)
  Path Type:              Min at Fast Process Corner
  Data Path Delay:        1.983ns  (logic 1.367ns (68.951%)  route 0.616ns (31.049%))
  Logic Levels:           1  (OBUF=1)
  Clock Uncertainty:      0.025ns  ((TSJ^2 + TIJ^2)^1/2 + DJ) / 2 + PE
    Total System Jitter     (TSJ):    0.050ns
    Total Input Jitter      (TIJ):    0.000ns
    Discrete Jitter          (DJ):    0.000ns
    Phase Error              (PE):    0.000ns

    Location             Delay type                Incr(ns)  Path(ns)    Netlist Resource(s)
  -------------------------------------------------------------------    -------------------
                         (clock clk_0 rise edge)      0.000     0.000 r  
    N14                                               0.000     0.000 r  clk (IN)
                         net (fo=0)                   0.000     0.000    clk
    N14                  IBUF (Prop_ibuf_I_O)         0.284     0.284 r  clk_IBUF_inst/O
                         net (fo=1, routed)           0.634     0.918    clk_IBUF
    BUFGCTRL_X0Y0        BUFG (Prop_bufg_I_O)         0.026     0.944 r  clk_IBUF_BUFG_inst/O
                         net (fo=867, routed)         0.587     1.531    game_datapath/game_regfiles/clk_IBUF_BUFG
    SLICE_X1Y19          FDRE                                         r  game_datapath/game_regfiles/D_user_input_q_reg[3]_lopt_replica/C
  -------------------------------------------------------------------    -------------------
    SLICE_X1Y19          FDRE (Prop_fdre_C_Q)         0.141     1.672 r  game_datapath/game_regfiles/D_user_input_q_reg[3]_lopt_replica/Q
                         net (fo=1, routed)           0.616     2.287    lopt_12
    M12                  OBUF (Prop_obuf_I_O)         1.226     3.514 r  led_OBUF[6]_inst/O
                         net (fo=0)                   0.000     3.514    led[6]
    M12                                                               r  led[6] (OUT)
  -------------------------------------------------------------------    -------------------

Slack:                    inf
  Source:                 game_datapath/game_display_timer/D_ctr_q_reg[25]/C
                            (rising edge-triggered cell FDRE clocked by clk_0  {rise@0.000ns fall@50.000ns period=100.000ns})
  Destination:            led[1]
                            (output port)
  Path Group:             (none)
  Path Type:              Min at Fast Process Corner
  Data Path Delay:        1.989ns  (logic 1.348ns (67.761%)  route 0.641ns (32.239%))
  Logic Levels:           1  (OBUF=1)
  Clock Uncertainty:      0.025ns  ((TSJ^2 + TIJ^2)^1/2 + DJ) / 2 + PE
    Total System Jitter     (TSJ):    0.050ns
    Total Input Jitter      (TIJ):    0.000ns
    Discrete Jitter          (DJ):    0.000ns
    Phase Error              (PE):    0.000ns

    Location             Delay type                Incr(ns)  Path(ns)    Netlist Resource(s)
  -------------------------------------------------------------------    -------------------
                         (clock clk_0 rise edge)      0.000     0.000 r  
    N14                                               0.000     0.000 r  clk (IN)
                         net (fo=0)                   0.000     0.000    clk
    N14                  IBUF (Prop_ibuf_I_O)         0.284     0.284 r  clk_IBUF_inst/O
                         net (fo=1, routed)           0.634     0.918    clk_IBUF
    BUFGCTRL_X0Y0        BUFG (Prop_bufg_I_O)         0.026     0.944 r  clk_IBUF_BUFG_inst/O
                         net (fo=867, routed)         0.582     1.526    game_datapath/game_display_timer/clk_IBUF_BUFG
    SLICE_X0Y25          FDRE                                         r  game_datapath/game_display_timer/D_ctr_q_reg[25]/C
  -------------------------------------------------------------------    -------------------
    SLICE_X0Y25          FDRE (Prop_fdre_C_Q)         0.141     1.667 r  game_datapath/game_display_timer/D_ctr_q_reg[25]/Q
                         net (fo=6, routed)           0.641     2.308    led_OBUF[1]
    K12                  OBUF (Prop_obuf_I_O)         1.207     3.514 r  led_OBUF[1]_inst/O
                         net (fo=0)                   0.000     3.514    led[1]
    K12                                                               r  led[1] (OUT)
  -------------------------------------------------------------------    -------------------

Slack:                    inf
  Source:                 game_datapath/game_regfiles/D_user_input_q_reg[0]_lopt_replica/C
                            (rising edge-triggered cell FDRE clocked by clk_0  {rise@0.000ns fall@50.000ns period=100.000ns})
  Destination:            led[3]
                            (output port)
  Path Group:             (none)
  Path Type:              Min at Fast Process Corner
  Data Path Delay:        2.013ns  (logic 1.357ns (67.434%)  route 0.656ns (32.566%))
  Logic Levels:           1  (OBUF=1)
  Clock Uncertainty:      0.025ns  ((TSJ^2 + TIJ^2)^1/2 + DJ) / 2 + PE
    Total System Jitter     (TSJ):    0.050ns
    Total Input Jitter      (TIJ):    0.000ns
    Discrete Jitter          (DJ):    0.000ns
    Phase Error              (PE):    0.000ns

    Location             Delay type                Incr(ns)  Path(ns)    Netlist Resource(s)
  -------------------------------------------------------------------    -------------------
                         (clock clk_0 rise edge)      0.000     0.000 r  
    N14                                               0.000     0.000 r  clk (IN)
                         net (fo=0)                   0.000     0.000    clk
    N14                  IBUF (Prop_ibuf_I_O)         0.284     0.284 r  clk_IBUF_inst/O
                         net (fo=1, routed)           0.634     0.918    clk_IBUF
    BUFGCTRL_X0Y0        BUFG (Prop_bufg_I_O)         0.026     0.944 r  clk_IBUF_BUFG_inst/O
                         net (fo=867, routed)         0.587     1.531    game_datapath/game_regfiles/clk_IBUF_BUFG
    SLICE_X1Y19          FDRE                                         r  game_datapath/game_regfiles/D_user_input_q_reg[0]_lopt_replica/C
  -------------------------------------------------------------------    -------------------
    SLICE_X1Y19          FDRE (Prop_fdre_C_Q)         0.141     1.672 r  game_datapath/game_regfiles/D_user_input_q_reg[0]_lopt_replica/Q
                         net (fo=1, routed)           0.656     2.327    lopt_9
    L13                  OBUF (Prop_obuf_I_O)         1.216     3.544 r  led_OBUF[3]_inst/O
                         net (fo=0)                   0.000     3.544    led[3]
    L13                                                               r  led[3] (OUT)
  -------------------------------------------------------------------    -------------------

Slack:                    inf
  Source:                 game_datapath/game_regfiles/D_current_player_q_reg[0]_lopt_replica/C
                            (rising edge-triggered cell FDRE clocked by clk_0  {rise@0.000ns fall@50.000ns period=100.000ns})
  Destination:            led[2]
                            (output port)
  Path Group:             (none)
  Path Type:              Min at Fast Process Corner
  Data Path Delay:        2.069ns  (logic 1.380ns (66.661%)  route 0.690ns (33.339%))
  Logic Levels:           1  (OBUF=1)
  Clock Uncertainty:      0.025ns  ((TSJ^2 + TIJ^2)^1/2 + DJ) / 2 + PE
    Total System Jitter     (TSJ):    0.050ns
    Total Input Jitter      (TIJ):    0.000ns
    Discrete Jitter          (DJ):    0.000ns
    Phase Error              (PE):    0.000ns

    Location             Delay type                Incr(ns)  Path(ns)    Netlist Resource(s)
  -------------------------------------------------------------------    -------------------
                         (clock clk_0 rise edge)      0.000     0.000 r  
    N14                                               0.000     0.000 r  clk (IN)
                         net (fo=0)                   0.000     0.000    clk
    N14                  IBUF (Prop_ibuf_I_O)         0.284     0.284 r  clk_IBUF_inst/O
                         net (fo=1, routed)           0.634     0.918    clk_IBUF
    BUFGCTRL_X0Y0        BUFG (Prop_bufg_I_O)         0.026     0.944 r  clk_IBUF_BUFG_inst/O
                         net (fo=867, routed)         0.588     1.532    game_datapath/game_regfiles/clk_IBUF_BUFG
    SLICE_X1Y18          FDRE                                         r  game_datapath/game_regfiles/D_current_player_q_reg[0]_lopt_replica/C
  -------------------------------------------------------------------    -------------------
    SLICE_X1Y18          FDRE (Prop_fdre_C_Q)         0.141     1.673 r  game_datapath/game_regfiles/D_current_player_q_reg[0]_lopt_replica/Q
                         net (fo=1, routed)           0.690     2.363    lopt_8
    L14                  OBUF (Prop_obuf_I_O)         1.239     3.601 r  led_OBUF[2]_inst/O
                         net (fo=0)                   0.000     3.601    led[2]
    L14                                                               r  led[2] (OUT)
  -------------------------------------------------------------------    -------------------

Slack:                    inf
  Source:                 game_datapath/game_regfiles/D_user_input_q_reg[2]_lopt_replica/C
                            (rising edge-triggered cell FDRE clocked by clk_0  {rise@0.000ns fall@50.000ns period=100.000ns})
  Destination:            led[5]
                            (output port)
  Path Group:             (none)
  Path Type:              Min at Fast Process Corner
  Data Path Delay:        2.071ns  (logic 1.379ns (66.589%)  route 0.692ns (33.411%))
  Logic Levels:           1  (OBUF=1)
  Clock Uncertainty:      0.025ns  ((TSJ^2 + TIJ^2)^1/2 + DJ) / 2 + PE
    Total System Jitter     (TSJ):    0.050ns
    Total Input Jitter      (TIJ):    0.000ns
    Discrete Jitter          (DJ):    0.000ns
    Phase Error              (PE):    0.000ns

    Location             Delay type                Incr(ns)  Path(ns)    Netlist Resource(s)
  -------------------------------------------------------------------    -------------------
                         (clock clk_0 rise edge)      0.000     0.000 r  
    N14                                               0.000     0.000 r  clk (IN)
                         net (fo=0)                   0.000     0.000    clk
    N14                  IBUF (Prop_ibuf_I_O)         0.284     0.284 r  clk_IBUF_inst/O
                         net (fo=1, routed)           0.634     0.918    clk_IBUF
    BUFGCTRL_X0Y0        BUFG (Prop_bufg_I_O)         0.026     0.944 r  clk_IBUF_BUFG_inst/O
                         net (fo=867, routed)         0.587     1.531    game_datapath/game_regfiles/clk_IBUF_BUFG
    SLICE_X1Y19          FDRE                                         r  game_datapath/game_regfiles/D_user_input_q_reg[2]_lopt_replica/C
  -------------------------------------------------------------------    -------------------
    SLICE_X1Y19          FDRE (Prop_fdre_C_Q)         0.141     1.672 r  game_datapath/game_regfiles/D_user_input_q_reg[2]_lopt_replica/Q
                         net (fo=1, routed)           0.692     2.364    lopt_11
    M14                  OBUF (Prop_obuf_I_O)         1.238     3.602 r  led_OBUF[5]_inst/O
                         net (fo=0)                   0.000     3.602    led[5]
    M14                                                               r  led[5] (OUT)
  -------------------------------------------------------------------    -------------------

Slack:                    inf
  Source:                 game_datapath/game_timer_clock/D_ctr_q_reg[26]/C
                            (rising edge-triggered cell FDRE clocked by clk_0  {rise@0.000ns fall@50.000ns period=100.000ns})
  Destination:            led[0]
                            (output port)
  Path Group:             (none)
  Path Type:              Min at Fast Process Corner
  Data Path Delay:        2.098ns  (logic 1.378ns (65.687%)  route 0.720ns (34.313%))
  Logic Levels:           1  (OBUF=1)
  Clock Uncertainty:      0.025ns  ((TSJ^2 + TIJ^2)^1/2 + DJ) / 2 + PE
    Total System Jitter     (TSJ):    0.050ns
    Total Input Jitter      (TIJ):    0.000ns
    Discrete Jitter          (DJ):    0.000ns
    Phase Error              (PE):    0.000ns

    Location             Delay type                Incr(ns)  Path(ns)    Netlist Resource(s)
  -------------------------------------------------------------------    -------------------
                         (clock clk_0 rise edge)      0.000     0.000 r  
    N14                                               0.000     0.000 r  clk (IN)
                         net (fo=0)                   0.000     0.000    clk
    N14                  IBUF (Prop_ibuf_I_O)         0.284     0.284 r  clk_IBUF_inst/O
                         net (fo=1, routed)           0.634     0.918    clk_IBUF
    BUFGCTRL_X0Y0        BUFG (Prop_bufg_I_O)         0.026     0.944 r  clk_IBUF_BUFG_inst/O
                         net (fo=867, routed)         0.586     1.530    game_datapath/game_timer_clock/clk_IBUF_BUFG
    SLICE_X2Y20          FDRE                                         r  game_datapath/game_timer_clock/D_ctr_q_reg[26]/C
  -------------------------------------------------------------------    -------------------
    SLICE_X2Y20          FDRE (Prop_fdre_C_Q)         0.164     1.694 r  game_datapath/game_timer_clock/D_ctr_q_reg[26]/Q
                         net (fo=9, routed)           0.720     2.414    timer_led_OBUF
    K13                  OBUF (Prop_obuf_I_O)         1.214     3.628 r  led_OBUF[0]_inst/O
                         net (fo=0)                   0.000     3.628    led[0]
    K13                                                               r  led[0] (OUT)
  -------------------------------------------------------------------    -------------------

Slack:                    inf
  Source:                 seg/ctr/D_ctr_q_reg[17]/C
                            (rising edge-triggered cell FDRE clocked by clk_0  {rise@0.000ns fall@50.000ns period=100.000ns})
  Destination:            io_select[0]
                            (output port)
  Path Group:             (none)
  Path Type:              Min at Fast Process Corner
  Data Path Delay:        2.401ns  (logic 1.491ns (62.098%)  route 0.910ns (37.902%))
  Logic Levels:           2  (LUT2=1 OBUF=1)
  Clock Uncertainty:      0.025ns  ((TSJ^2 + TIJ^2)^1/2 + DJ) / 2 + PE
    Total System Jitter     (TSJ):    0.050ns
    Total Input Jitter      (TIJ):    0.000ns
    Discrete Jitter          (DJ):    0.000ns
    Phase Error              (PE):    0.000ns

    Location             Delay type                Incr(ns)  Path(ns)    Netlist Resource(s)
  -------------------------------------------------------------------    -------------------
                         (clock clk_0 rise edge)      0.000     0.000 r  
    N14                                               0.000     0.000 r  clk (IN)
                         net (fo=0)                   0.000     0.000    clk
    N14                  IBUF (Prop_ibuf_I_O)         0.284     0.284 r  clk_IBUF_inst/O
                         net (fo=1, routed)           0.634     0.918    clk_IBUF
    BUFGCTRL_X0Y0        BUFG (Prop_bufg_I_O)         0.026     0.944 r  clk_IBUF_BUFG_inst/O
                         net (fo=867, routed)         0.566     1.510    seg/ctr/clk_IBUF_BUFG
    SLICE_X8Y4           FDRE                                         r  seg/ctr/D_ctr_q_reg[17]/C
  -------------------------------------------------------------------    -------------------
    SLICE_X8Y4           FDRE (Prop_fdre_C_Q)         0.164     1.674 f  seg/ctr/D_ctr_q_reg[17]/Q
                         net (fo=16, routed)          0.462     2.136    seg/ctr/S[1]
    SLICE_X3Y4           LUT2 (Prop_lut2_I1_O)        0.045     2.181 r  seg/ctr/io_select_OBUF[0]_inst_i_1/O
                         net (fo=3, routed)           0.448     2.629    io_select_OBUF[0]
    P8                   OBUF (Prop_obuf_I_O)         1.282     3.911 r  io_select_OBUF[0]_inst/O
                         net (fo=0)                   0.000     3.911    io_select[0]
    P8                                                                r  io_select[0] (OUT)
  -------------------------------------------------------------------    -------------------

Slack:                    inf
  Source:                 seg/ctr/D_ctr_q_reg[17]/C
                            (rising edge-triggered cell FDRE clocked by clk_0  {rise@0.000ns fall@50.000ns period=100.000ns})
  Destination:            io_select[1]
                            (output port)
  Path Group:             (none)
  Path Type:              Min at Fast Process Corner
  Data Path Delay:        2.425ns  (logic 1.549ns (63.844%)  route 0.877ns (36.156%))
  Logic Levels:           2  (LUT2=1 OBUF=1)
  Clock Uncertainty:      0.025ns  ((TSJ^2 + TIJ^2)^1/2 + DJ) / 2 + PE
    Total System Jitter     (TSJ):    0.050ns
    Total Input Jitter      (TIJ):    0.000ns
    Discrete Jitter          (DJ):    0.000ns
    Phase Error              (PE):    0.000ns

    Location             Delay type                Incr(ns)  Path(ns)    Netlist Resource(s)
  -------------------------------------------------------------------    -------------------
                         (clock clk_0 rise edge)      0.000     0.000 r  
    N14                                               0.000     0.000 r  clk (IN)
                         net (fo=0)                   0.000     0.000    clk
    N14                  IBUF (Prop_ibuf_I_O)         0.284     0.284 r  clk_IBUF_inst/O
                         net (fo=1, routed)           0.634     0.918    clk_IBUF
    BUFGCTRL_X0Y0        BUFG (Prop_bufg_I_O)         0.026     0.944 r  clk_IBUF_BUFG_inst/O
                         net (fo=867, routed)         0.566     1.510    seg/ctr/clk_IBUF_BUFG
    SLICE_X8Y4           FDRE                                         r  seg/ctr/D_ctr_q_reg[17]/C
  -------------------------------------------------------------------    -------------------
    SLICE_X8Y4           FDRE (Prop_fdre_C_Q)         0.164     1.674 f  seg/ctr/D_ctr_q_reg[17]/Q
                         net (fo=16, routed)          0.462     2.136    seg/ctr/S[1]
    SLICE_X3Y4           LUT2 (Prop_lut2_I1_O)        0.043     2.179 r  seg/ctr/io_select_OBUF[1]_inst_i_1/O
                         net (fo=3, routed)           0.415     2.594    io_select_OBUF[1]
    R8                   OBUF (Prop_obuf_I_O)         1.342     3.935 r  io_select_OBUF[1]_inst/O
                         net (fo=0)                   0.000     3.935    io_select[1]
    R8                                                                r  io_select[1] (OUT)
  -------------------------------------------------------------------    -------------------





--------------------------------------------------------------------------------------
Path Group:  (none)
From Clock:  
  To Clock:  clk_0

Max Delay            19 Endpoints
Min Delay            19 Endpoints
--------------------------------------------------------------------------------------


Max Delay Paths
--------------------------------------------------------------------------------------
Slack:                    inf
  Source:                 io_dip[1][2]
                            (input port)
  Destination:            input_handler/forLoop_idx_0_1249631209[3].btn_cond/sync/D_pipe_q_reg[0]/D
                            (rising edge-triggered cell FDRE clocked by clk_0  {rise@0.000ns fall@50.000ns period=100.000ns})
  Path Group:             (none)
  Path Type:              Setup (Max at Slow Process Corner)
  Data Path Delay:        5.693ns  (logic 1.504ns (26.419%)  route 4.189ns (73.581%))
  Logic Levels:           1  (IBUF=1)
  Clock Path Skew:        4.843ns (DCD - SCD + CPR)
    Destination Clock Delay (DCD):    4.843ns
    Source Clock Delay      (SCD):    0.000ns
    Clock Pessimism Removal (CPR):    0.000ns
  Clock Uncertainty:      0.025ns  ((TSJ^2 + TIJ^2)^1/2 + DJ) / 2 + PE
    Total System Jitter     (TSJ):    0.050ns
    Total Input Jitter      (TIJ):    0.000ns
    Discrete Jitter          (DJ):    0.000ns
    Phase Error              (PE):    0.000ns
  Timing Exception:       Asynchronous Clock Groups

    Location             Delay type                Incr(ns)  Path(ns)    Netlist Resource(s)
  -------------------------------------------------------------------    -------------------
    C3                                                0.000     0.000 r  io_dip[1][2] (IN)
                         net (fo=0)                   0.000     0.000    io_dip[1][2]
    C3                   IBUF (Prop_ibuf_I_O)         1.504     1.504 r  D_pipe_q_reg[0]_i_1__6/O
                         net (fo=1, routed)           4.189     5.693    input_handler/forLoop_idx_0_1249631209[3].btn_cond/sync/btns[0]
    SLICE_X12Y28         FDRE                                         r  input_handler/forLoop_idx_0_1249631209[3].btn_cond/sync/D_pipe_q_reg[0]/D
  -------------------------------------------------------------------    -------------------

                         (clock clk_0 rise edge)      0.000     0.000 r  
    N14                                               0.000     0.000 r  clk (IN)
                         net (fo=0)                   0.000     0.000    clk
    N14                  IBUF (Prop_ibuf_I_O)         1.446     1.446 r  clk_IBUF_inst/O
                         net (fo=1, routed)           1.868     3.314    clk_IBUF
    BUFGCTRL_X0Y0        BUFG (Prop_bufg_I_O)         0.091     3.405 r  clk_IBUF_BUFG_inst/O
                         net (fo=867, routed)         1.438     4.843    input_handler/forLoop_idx_0_1249631209[3].btn_cond/sync/clk_IBUF_BUFG
    SLICE_X12Y28         FDRE                                         r  input_handler/forLoop_idx_0_1249631209[3].btn_cond/sync/D_pipe_q_reg[0]/C

Slack:                    inf
  Source:                 io_dip[1][3]
                            (input port)
  Destination:            input_handler/forLoop_idx_0_1249631209[4].btn_cond/sync/D_pipe_q_reg[0]/D
                            (rising edge-triggered cell FDRE clocked by clk_0  {rise@0.000ns fall@50.000ns period=100.000ns})
  Path Group:             (none)
  Path Type:              Setup (Max at Slow Process Corner)
  Data Path Delay:        5.680ns  (logic 1.501ns (26.420%)  route 4.179ns (73.580%))
  Logic Levels:           1  (IBUF=1)
  Clock Path Skew:        4.838ns (DCD - SCD + CPR)
    Destination Clock Delay (DCD):    4.838ns
    Source Clock Delay      (SCD):    0.000ns
    Clock Pessimism Removal (CPR):    0.000ns
  Clock Uncertainty:      0.025ns  ((TSJ^2 + TIJ^2)^1/2 + DJ) / 2 + PE
    Total System Jitter     (TSJ):    0.050ns
    Total Input Jitter      (TIJ):    0.000ns
    Discrete Jitter          (DJ):    0.000ns
    Phase Error              (PE):    0.000ns
  Timing Exception:       Asynchronous Clock Groups

    Location             Delay type                Incr(ns)  Path(ns)    Netlist Resource(s)
  -------------------------------------------------------------------    -------------------
    C2                                                0.000     0.000 r  io_dip[1][3] (IN)
                         net (fo=0)                   0.000     0.000    io_dip[1][3]
    C2                   IBUF (Prop_ibuf_I_O)         1.501     1.501 r  D_pipe_q_reg[0]_i_1__5/O
                         net (fo=1, routed)           4.179     5.680    input_handler/forLoop_idx_0_1249631209[4].btn_cond/sync/btns[0]
    SLICE_X14Y24         FDRE                                         r  input_handler/forLoop_idx_0_1249631209[4].btn_cond/sync/D_pipe_q_reg[0]/D
  -------------------------------------------------------------------    -------------------

                         (clock clk_0 rise edge)      0.000     0.000 r  
    N14                                               0.000     0.000 r  clk (IN)
                         net (fo=0)                   0.000     0.000    clk
    N14                  IBUF (Prop_ibuf_I_O)         1.446     1.446 r  clk_IBUF_inst/O
                         net (fo=1, routed)           1.868     3.314    clk_IBUF
    BUFGCTRL_X0Y0        BUFG (Prop_bufg_I_O)         0.091     3.405 r  clk_IBUF_BUFG_inst/O
                         net (fo=867, routed)         1.433     4.838    input_handler/forLoop_idx_0_1249631209[4].btn_cond/sync/clk_IBUF_BUFG
    SLICE_X14Y24         FDRE                                         r  input_handler/forLoop_idx_0_1249631209[4].btn_cond/sync/D_pipe_q_reg[0]/C

Slack:                    inf
  Source:                 io_dip[0][6]
                            (input port)
  Destination:            input_handler/forLoop_idx_0_1249631209[16].btn_cond/sync/D_pipe_q_reg[0]/D
                            (rising edge-triggered cell FDRE clocked by clk_0  {rise@0.000ns fall@50.000ns period=100.000ns})
  Path Group:             (none)
  Path Type:              Setup (Max at Slow Process Corner)
  Data Path Delay:        5.648ns  (logic 1.519ns (26.894%)  route 4.129ns (73.106%))
  Logic Levels:           1  (IBUF=1)
  Clock Path Skew:        4.838ns (DCD - SCD + CPR)
    Destination Clock Delay (DCD):    4.838ns
    Source Clock Delay      (SCD):    0.000ns
    Clock Pessimism Removal (CPR):    0.000ns
  Clock Uncertainty:      0.025ns  ((TSJ^2 + TIJ^2)^1/2 + DJ) / 2 + PE
    Total System Jitter     (TSJ):    0.050ns
    Total Input Jitter      (TIJ):    0.000ns
    Discrete Jitter          (DJ):    0.000ns
    Phase Error              (PE):    0.000ns
  Timing Exception:       Asynchronous Clock Groups

    Location             Delay type                Incr(ns)  Path(ns)    Netlist Resource(s)
  -------------------------------------------------------------------    -------------------
    D4                                                0.000     0.000 r  io_dip[0][6] (IN)
                         net (fo=0)                   0.000     0.000    io_dip[0][6]
    D4                   IBUF (Prop_ibuf_I_O)         1.519     1.519 r  D_pipe_q_reg[0]_i_1__10/O
                         net (fo=1, routed)           4.129     5.648    input_handler/forLoop_idx_0_1249631209[16].btn_cond/sync/btns[0]
    SLICE_X8Y25          FDRE                                         r  input_handler/forLoop_idx_0_1249631209[16].btn_cond/sync/D_pipe_q_reg[0]/D
  -------------------------------------------------------------------    -------------------

                         (clock clk_0 rise edge)      0.000     0.000 r  
    N14                                               0.000     0.000 r  clk (IN)
                         net (fo=0)                   0.000     0.000    clk
    N14                  IBUF (Prop_ibuf_I_O)         1.446     1.446 r  clk_IBUF_inst/O
                         net (fo=1, routed)           1.868     3.314    clk_IBUF
    BUFGCTRL_X0Y0        BUFG (Prop_bufg_I_O)         0.091     3.405 r  clk_IBUF_BUFG_inst/O
                         net (fo=867, routed)         1.433     4.838    input_handler/forLoop_idx_0_1249631209[16].btn_cond/sync/clk_IBUF_BUFG
    SLICE_X8Y25          FDRE                                         r  input_handler/forLoop_idx_0_1249631209[16].btn_cond/sync/D_pipe_q_reg[0]/C

Slack:                    inf
  Source:                 io_dip[0][0]
                            (input port)
  Destination:            input_handler/forLoop_idx_0_1249631209[10].btn_cond/sync/D_pipe_q_reg[0]/D
                            (rising edge-triggered cell FDRE clocked by clk_0  {rise@0.000ns fall@50.000ns period=100.000ns})
  Path Group:             (none)
  Path Type:              Setup (Max at Slow Process Corner)
  Data Path Delay:        5.470ns  (logic 1.474ns (26.945%)  route 3.996ns (73.055%))
  Logic Levels:           1  (IBUF=1)
  Clock Path Skew:        4.843ns (DCD - SCD + CPR)
    Destination Clock Delay (DCD):    4.843ns
    Source Clock Delay      (SCD):    0.000ns
    Clock Pessimism Removal (CPR):    0.000ns
  Clock Uncertainty:      0.025ns  ((TSJ^2 + TIJ^2)^1/2 + DJ) / 2 + PE
    Total System Jitter     (TSJ):    0.050ns
    Total Input Jitter      (TIJ):    0.000ns
    Discrete Jitter          (DJ):    0.000ns
    Phase Error              (PE):    0.000ns
  Timing Exception:       Asynchronous Clock Groups

    Location             Delay type                Incr(ns)  Path(ns)    Netlist Resource(s)
  -------------------------------------------------------------------    -------------------
    D6                                                0.000     0.000 r  io_dip[0][0] (IN)
                         net (fo=0)                   0.000     0.000    io_dip[0][0]
    D6                   IBUF (Prop_ibuf_I_O)         1.474     1.474 r  D_pipe_q_reg[0]_i_1__16/O
                         net (fo=1, routed)           3.996     5.470    input_handler/forLoop_idx_0_1249631209[10].btn_cond/sync/btns[0]
    SLICE_X12Y28         FDRE                                         r  input_handler/forLoop_idx_0_1249631209[10].btn_cond/sync/D_pipe_q_reg[0]/D
  -------------------------------------------------------------------    -------------------

                         (clock clk_0 rise edge)      0.000     0.000 r  
    N14                                               0.000     0.000 r  clk (IN)
                         net (fo=0)                   0.000     0.000    clk
    N14                  IBUF (Prop_ibuf_I_O)         1.446     1.446 r  clk_IBUF_inst/O
                         net (fo=1, routed)           1.868     3.314    clk_IBUF
    BUFGCTRL_X0Y0        BUFG (Prop_bufg_I_O)         0.091     3.405 r  clk_IBUF_BUFG_inst/O
                         net (fo=867, routed)         1.438     4.843    input_handler/forLoop_idx_0_1249631209[10].btn_cond/sync/clk_IBUF_BUFG
    SLICE_X12Y28         FDRE                                         r  input_handler/forLoop_idx_0_1249631209[10].btn_cond/sync/D_pipe_q_reg[0]/C

Slack:                    inf
  Source:                 io_dip[0][7]
                            (input port)
  Destination:            input_handler/forLoop_idx_0_1249631209[17].btn_cond/sync/D_pipe_q_reg[0]/D
                            (rising edge-triggered cell FDRE clocked by clk_0  {rise@0.000ns fall@50.000ns period=100.000ns})
  Path Group:             (none)
  Path Type:              Setup (Max at Slow Process Corner)
  Data Path Delay:        5.451ns  (logic 1.525ns (27.968%)  route 3.927ns (72.032%))
  Logic Levels:           1  (IBUF=1)
  Clock Path Skew:        4.838ns (DCD - SCD + CPR)
    Destination Clock Delay (DCD):    4.838ns
    Source Clock Delay      (SCD):    0.000ns
    Clock Pessimism Removal (CPR):    0.000ns
  Clock Uncertainty:      0.025ns  ((TSJ^2 + TIJ^2)^1/2 + DJ) / 2 + PE
    Total System Jitter     (TSJ):    0.050ns
    Total Input Jitter      (TIJ):    0.000ns
    Discrete Jitter          (DJ):    0.000ns
    Phase Error              (PE):    0.000ns
  Timing Exception:       Asynchronous Clock Groups

    Location             Delay type                Incr(ns)  Path(ns)    Netlist Resource(s)
  -------------------------------------------------------------------    -------------------
    C4                                                0.000     0.000 r  io_dip[0][7] (IN)
                         net (fo=0)                   0.000     0.000    io_dip[0][7]
    C4                   IBUF (Prop_ibuf_I_O)         1.525     1.525 r  D_pipe_q_reg[0]_i_1__9/O
                         net (fo=1, routed)           3.927     5.451    input_handler/forLoop_idx_0_1249631209[17].btn_cond/sync/btns[0]
    SLICE_X8Y25          FDRE                                         r  input_handler/forLoop_idx_0_1249631209[17].btn_cond/sync/D_pipe_q_reg[0]/D
  -------------------------------------------------------------------    -------------------

                         (clock clk_0 rise edge)      0.000     0.000 r  
    N14                                               0.000     0.000 r  clk (IN)
                         net (fo=0)                   0.000     0.000    clk
    N14                  IBUF (Prop_ibuf_I_O)         1.446     1.446 r  clk_IBUF_inst/O
                         net (fo=1, routed)           1.868     3.314    clk_IBUF
    BUFGCTRL_X0Y0        BUFG (Prop_bufg_I_O)         0.091     3.405 r  clk_IBUF_BUFG_inst/O
                         net (fo=867, routed)         1.433     4.838    input_handler/forLoop_idx_0_1249631209[17].btn_cond/sync/clk_IBUF_BUFG
    SLICE_X8Y25          FDRE                                         r  input_handler/forLoop_idx_0_1249631209[17].btn_cond/sync/D_pipe_q_reg[0]/C

Slack:                    inf
  Source:                 io_dip[1][5]
                            (input port)
  Destination:            input_handler/forLoop_idx_0_1249631209[6].btn_cond/sync/D_pipe_q_reg[0]/D
                            (rising edge-triggered cell FDRE clocked by clk_0  {rise@0.000ns fall@50.000ns period=100.000ns})
  Path Group:             (none)
  Path Type:              Setup (Max at Slow Process Corner)
  Data Path Delay:        5.381ns  (logic 1.495ns (27.786%)  route 3.886ns (72.214%))
  Logic Levels:           1  (IBUF=1)
  Clock Path Skew:        4.848ns (DCD - SCD + CPR)
    Destination Clock Delay (DCD):    4.848ns
    Source Clock Delay      (SCD):    0.000ns
    Clock Pessimism Removal (CPR):    0.000ns
  Clock Uncertainty:      0.025ns  ((TSJ^2 + TIJ^2)^1/2 + DJ) / 2 + PE
    Total System Jitter     (TSJ):    0.050ns
    Total Input Jitter      (TIJ):    0.000ns
    Discrete Jitter          (DJ):    0.000ns
    Phase Error              (PE):    0.000ns
  Timing Exception:       Asynchronous Clock Groups

    Location             Delay type                Incr(ns)  Path(ns)    Netlist Resource(s)
  -------------------------------------------------------------------    -------------------
    B1                                                0.000     0.000 r  io_dip[1][5] (IN)
                         net (fo=0)                   0.000     0.000    io_dip[1][5]
    B1                   IBUF (Prop_ibuf_I_O)         1.495     1.495 r  D_pipe_q_reg[0]_i_1__3/O
                         net (fo=1, routed)           3.886     5.381    input_handler/forLoop_idx_0_1249631209[6].btn_cond/sync/btns[0]
    SLICE_X8Y33          FDRE                                         r  input_handler/forLoop_idx_0_1249631209[6].btn_cond/sync/D_pipe_q_reg[0]/D
  -------------------------------------------------------------------    -------------------

                         (clock clk_0 rise edge)      0.000     0.000 r  
    N14                                               0.000     0.000 r  clk (IN)
                         net (fo=0)                   0.000     0.000    clk
    N14                  IBUF (Prop_ibuf_I_O)         1.446     1.446 r  clk_IBUF_inst/O
                         net (fo=1, routed)           1.868     3.314    clk_IBUF
    BUFGCTRL_X0Y0        BUFG (Prop_bufg_I_O)         0.091     3.405 r  clk_IBUF_BUFG_inst/O
                         net (fo=867, routed)         1.443     4.848    input_handler/forLoop_idx_0_1249631209[6].btn_cond/sync/clk_IBUF_BUFG
    SLICE_X8Y33          FDRE                                         r  input_handler/forLoop_idx_0_1249631209[6].btn_cond/sync/D_pipe_q_reg[0]/C

Slack:                    inf
  Source:                 io_dip[1][0]
                            (input port)
  Destination:            input_handler/forLoop_idx_0_1249631209[1].btn_cond/sync/D_pipe_q_reg[0]/D
                            (rising edge-triggered cell FDRE clocked by clk_0  {rise@0.000ns fall@50.000ns period=100.000ns})
  Path Group:             (none)
  Path Type:              Setup (Max at Slow Process Corner)
  Data Path Delay:        5.318ns  (logic 1.492ns (28.060%)  route 3.826ns (71.940%))
  Logic Levels:           1  (IBUF=1)
  Clock Path Skew:        4.841ns (DCD - SCD + CPR)
    Destination Clock Delay (DCD):    4.841ns
    Source Clock Delay      (SCD):    0.000ns
    Clock Pessimism Removal (CPR):    0.000ns
  Clock Uncertainty:      0.025ns  ((TSJ^2 + TIJ^2)^1/2 + DJ) / 2 + PE
    Total System Jitter     (TSJ):    0.050ns
    Total Input Jitter      (TIJ):    0.000ns
    Discrete Jitter          (DJ):    0.000ns
    Phase Error              (PE):    0.000ns
  Timing Exception:       Asynchronous Clock Groups

    Location             Delay type                Incr(ns)  Path(ns)    Netlist Resource(s)
  -------------------------------------------------------------------    -------------------
    E3                                                0.000     0.000 r  io_dip[1][0] (IN)
                         net (fo=0)                   0.000     0.000    io_dip[1][0]
    E3                   IBUF (Prop_ibuf_I_O)         1.492     1.492 r  D_pipe_q_reg[0]_i_1__8/O
                         net (fo=1, routed)           3.826     5.318    input_handler/forLoop_idx_0_1249631209[1].btn_cond/sync/btns[0]
    SLICE_X15Y22         FDRE                                         r  input_handler/forLoop_idx_0_1249631209[1].btn_cond/sync/D_pipe_q_reg[0]/D
  -------------------------------------------------------------------    -------------------

                         (clock clk_0 rise edge)      0.000     0.000 r  
    N14                                               0.000     0.000 r  clk (IN)
                         net (fo=0)                   0.000     0.000    clk
    N14                  IBUF (Prop_ibuf_I_O)         1.446     1.446 r  clk_IBUF_inst/O
                         net (fo=1, routed)           1.868     3.314    clk_IBUF
    BUFGCTRL_X0Y0        BUFG (Prop_bufg_I_O)         0.091     3.405 r  clk_IBUF_BUFG_inst/O
                         net (fo=867, routed)         1.436     4.841    input_handler/forLoop_idx_0_1249631209[1].btn_cond/sync/clk_IBUF_BUFG
    SLICE_X15Y22         FDRE                                         r  input_handler/forLoop_idx_0_1249631209[1].btn_cond/sync/D_pipe_q_reg[0]/C

Slack:                    inf
  Source:                 io_dip[1][4]
                            (input port)
  Destination:            input_handler/forLoop_idx_0_1249631209[5].btn_cond/sync/D_pipe_q_reg[0]/D
                            (rising edge-triggered cell FDRE clocked by clk_0  {rise@0.000ns fall@50.000ns period=100.000ns})
  Path Group:             (none)
  Path Type:              Setup (Max at Slow Process Corner)
  Data Path Delay:        5.266ns  (logic 1.494ns (28.370%)  route 3.772ns (71.630%))
  Logic Levels:           1  (IBUF=1)
  Clock Path Skew:        4.850ns (DCD - SCD + CPR)
    Destination Clock Delay (DCD):    4.850ns
    Source Clock Delay      (SCD):    0.000ns
    Clock Pessimism Removal (CPR):    0.000ns
  Clock Uncertainty:      0.025ns  ((TSJ^2 + TIJ^2)^1/2 + DJ) / 2 + PE
    Total System Jitter     (TSJ):    0.050ns
    Total Input Jitter      (TIJ):    0.000ns
    Discrete Jitter          (DJ):    0.000ns
    Phase Error              (PE):    0.000ns
  Timing Exception:       Asynchronous Clock Groups

    Location             Delay type                Incr(ns)  Path(ns)    Netlist Resource(s)
  -------------------------------------------------------------------    -------------------
    C1                                                0.000     0.000 r  io_dip[1][4] (IN)
                         net (fo=0)                   0.000     0.000    io_dip[1][4]
    C1                   IBUF (Prop_ibuf_I_O)         1.494     1.494 r  D_pipe_q_reg[0]_i_1__4/O
                         net (fo=1, routed)           3.772     5.266    input_handler/forLoop_idx_0_1249631209[5].btn_cond/sync/btns[0]
    SLICE_X8Y35          FDRE                                         r  input_handler/forLoop_idx_0_1249631209[5].btn_cond/sync/D_pipe_q_reg[0]/D
  -------------------------------------------------------------------    -------------------

                         (clock clk_0 rise edge)      0.000     0.000 r  
    N14                                               0.000     0.000 r  clk (IN)
                         net (fo=0)                   0.000     0.000    clk
    N14                  IBUF (Prop_ibuf_I_O)         1.446     1.446 r  clk_IBUF_inst/O
                         net (fo=1, routed)           1.868     3.314    clk_IBUF
    BUFGCTRL_X0Y0        BUFG (Prop_bufg_I_O)         0.091     3.405 r  clk_IBUF_BUFG_inst/O
                         net (fo=867, routed)         1.445     4.850    input_handler/forLoop_idx_0_1249631209[5].btn_cond/sync/clk_IBUF_BUFG
    SLICE_X8Y35          FDRE                                         r  input_handler/forLoop_idx_0_1249631209[5].btn_cond/sync/D_pipe_q_reg[0]/C

Slack:                    inf
  Source:                 io_dip[2][0]
                            (input port)
  Destination:            input_handler/forLoop_idx_0_1249631209[9].btn_cond/sync/D_pipe_q_reg[0]/D
                            (rising edge-triggered cell FDRE clocked by clk_0  {rise@0.000ns fall@50.000ns period=100.000ns})
  Path Group:             (none)
  Path Type:              Setup (Max at Slow Process Corner)
  Data Path Delay:        5.230ns  (logic 1.486ns (28.418%)  route 3.744ns (71.582%))
  Logic Levels:           1  (IBUF=1)
  Clock Path Skew:        4.913ns (DCD - SCD + CPR)
    Destination Clock Delay (DCD):    4.913ns
    Source Clock Delay      (SCD):    0.000ns
    Clock Pessimism Removal (CPR):    0.000ns
  Clock Uncertainty:      0.025ns  ((TSJ^2 + TIJ^2)^1/2 + DJ) / 2 + PE
    Total System Jitter     (TSJ):    0.050ns
    Total Input Jitter      (TIJ):    0.000ns
    Discrete Jitter          (DJ):    0.000ns
    Phase Error              (PE):    0.000ns
  Timing Exception:       Asynchronous Clock Groups

    Location             Delay type                Incr(ns)  Path(ns)    Netlist Resource(s)
  -------------------------------------------------------------------    -------------------
    H5                                                0.000     0.000 r  io_dip[2][0] (IN)
                         net (fo=0)                   0.000     0.000    io_dip[2][0]
    H5                   IBUF (Prop_ibuf_I_O)         1.486     1.486 r  D_pipe_q_reg[0]_i_1__0/O
                         net (fo=1, routed)           3.744     5.230    input_handler/forLoop_idx_0_1249631209[9].btn_cond/sync/btns[0]
    SLICE_X2Y30          FDRE                                         r  input_handler/forLoop_idx_0_1249631209[9].btn_cond/sync/D_pipe_q_reg[0]/D
  -------------------------------------------------------------------    -------------------

                         (clock clk_0 rise edge)      0.000     0.000 r  
    N14                                               0.000     0.000 r  clk (IN)
                         net (fo=0)                   0.000     0.000    clk
    N14                  IBUF (Prop_ibuf_I_O)         1.446     1.446 r  clk_IBUF_inst/O
                         net (fo=1, routed)           1.868     3.314    clk_IBUF
    BUFGCTRL_X0Y0        BUFG (Prop_bufg_I_O)         0.091     3.405 r  clk_IBUF_BUFG_inst/O
                         net (fo=867, routed)         1.508     4.913    input_handler/forLoop_idx_0_1249631209[9].btn_cond/sync/clk_IBUF_BUFG
    SLICE_X2Y30          FDRE                                         r  input_handler/forLoop_idx_0_1249631209[9].btn_cond/sync/D_pipe_q_reg[0]/C

Slack:                    inf
  Source:                 io_dip[0][1]
                            (input port)
  Destination:            input_handler/forLoop_idx_0_1249631209[11].btn_cond/sync/D_pipe_q_reg[0]/D
                            (rising edge-triggered cell FDRE clocked by clk_0  {rise@0.000ns fall@50.000ns period=100.000ns})
  Path Group:             (none)
  Path Type:              Setup (Max at Slow Process Corner)
  Data Path Delay:        5.228ns  (logic 1.471ns (28.135%)  route 3.757ns (71.865%))
  Logic Levels:           1  (IBUF=1)
  Clock Path Skew:        4.850ns (DCD - SCD + CPR)
    Destination Clock Delay (DCD):    4.850ns
    Source Clock Delay      (SCD):    0.000ns
    Clock Pessimism Removal (CPR):    0.000ns
  Clock Uncertainty:      0.025ns  ((TSJ^2 + TIJ^2)^1/2 + DJ) / 2 + PE
    Total System Jitter     (TSJ):    0.050ns
    Total Input Jitter      (TIJ):    0.000ns
    Discrete Jitter          (DJ):    0.000ns
    Phase Error              (PE):    0.000ns
  Timing Exception:       Asynchronous Clock Groups

    Location             Delay type                Incr(ns)  Path(ns)    Netlist Resource(s)
  -------------------------------------------------------------------    -------------------
    D5                                                0.000     0.000 r  io_dip[0][1] (IN)
                         net (fo=0)                   0.000     0.000    io_dip[0][1]
    D5                   IBUF (Prop_ibuf_I_O)         1.471     1.471 r  D_pipe_q_reg[0]_i_1__15/O
                         net (fo=1, routed)           3.757     5.228    input_handler/forLoop_idx_0_1249631209[11].btn_cond/sync/btns[0]
    SLICE_X12Y36         FDRE                                         r  input_handler/forLoop_idx_0_1249631209[11].btn_cond/sync/D_pipe_q_reg[0]/D
  -------------------------------------------------------------------    -------------------

                         (clock clk_0 rise edge)      0.000     0.000 r  
    N14                                               0.000     0.000 r  clk (IN)
                         net (fo=0)                   0.000     0.000    clk
    N14                  IBUF (Prop_ibuf_I_O)         1.446     1.446 r  clk_IBUF_inst/O
                         net (fo=1, routed)           1.868     3.314    clk_IBUF
    BUFGCTRL_X0Y0        BUFG (Prop_bufg_I_O)         0.091     3.405 r  clk_IBUF_BUFG_inst/O
                         net (fo=867, routed)         1.445     4.850    input_handler/forLoop_idx_0_1249631209[11].btn_cond/sync/clk_IBUF_BUFG
    SLICE_X12Y36         FDRE                                         r  input_handler/forLoop_idx_0_1249631209[11].btn_cond/sync/D_pipe_q_reg[0]/C





Min Delay Paths
--------------------------------------------------------------------------------------
Slack:                    inf
  Source:                 io_dip[1][6]
                            (input port)
  Destination:            input_handler/forLoop_idx_0_1249631209[7].btn_cond/sync/D_pipe_q_reg[0]/D
                            (rising edge-triggered cell FDRE clocked by clk_0  {rise@0.000ns fall@50.000ns period=100.000ns})
  Path Group:             (none)
  Path Type:              Hold (Min at Fast Process Corner)
  Data Path Delay:        0.678ns  (logic 0.303ns (44.738%)  route 0.375ns (55.262%))
  Logic Levels:           1  (IBUF=1)
  Clock Path Skew:        2.050ns (DCD - SCD - CPR)
    Destination Clock Delay (DCD):    2.050ns
    Source Clock Delay      (SCD):    0.000ns
    Clock Pessimism Removal (CPR):    -0.000ns
  Timing Exception:       Asynchronous Clock Groups

    Location             Delay type                Incr(ns)  Path(ns)    Netlist Resource(s)
  -------------------------------------------------------------------    -------------------
    M6                                                0.000     0.000 r  io_dip[1][6] (IN)
                         net (fo=0)                   0.000     0.000    io_dip[1][6]
    M6                   IBUF (Prop_ibuf_I_O)         0.303     0.303 r  D_pipe_q_reg[0]_i_1__2/O
                         net (fo=1, routed)           0.375     0.678    input_handler/forLoop_idx_0_1249631209[7].btn_cond/sync/btns[0]
    SLICE_X0Y15          FDRE                                         r  input_handler/forLoop_idx_0_1249631209[7].btn_cond/sync/D_pipe_q_reg[0]/D
  -------------------------------------------------------------------    -------------------

                         (clock clk_0 rise edge)      0.000     0.000 r  
    N14                                               0.000     0.000 r  clk (IN)
                         net (fo=0)                   0.000     0.000    clk
    N14                  IBUF (Prop_ibuf_I_O)         0.472     0.472 r  clk_IBUF_inst/O
                         net (fo=1, routed)           0.689     1.161    clk_IBUF
    BUFGCTRL_X0Y0        BUFG (Prop_bufg_I_O)         0.029     1.190 r  clk_IBUF_BUFG_inst/O
                         net (fo=867, routed)         0.860     2.050    input_handler/forLoop_idx_0_1249631209[7].btn_cond/sync/clk_IBUF_BUFG
    SLICE_X0Y15          FDRE                                         r  input_handler/forLoop_idx_0_1249631209[7].btn_cond/sync/D_pipe_q_reg[0]/C

Slack:                    inf
  Source:                 io_dip[1][7]
                            (input port)
  Destination:            input_handler/forLoop_idx_0_1249631209[8].btn_cond/sync/D_pipe_q_reg[0]/D
                            (rising edge-triggered cell FDRE clocked by clk_0  {rise@0.000ns fall@50.000ns period=100.000ns})
  Path Group:             (none)
  Path Type:              Hold (Min at Fast Process Corner)
  Data Path Delay:        0.678ns  (logic 0.302ns (44.471%)  route 0.377ns (55.529%))
  Logic Levels:           1  (IBUF=1)
  Clock Path Skew:        2.049ns (DCD - SCD - CPR)
    Destination Clock Delay (DCD):    2.049ns
    Source Clock Delay      (SCD):    0.000ns
    Clock Pessimism Removal (CPR):    -0.000ns
  Timing Exception:       Asynchronous Clock Groups

    Location             Delay type                Incr(ns)  Path(ns)    Netlist Resource(s)
  -------------------------------------------------------------------    -------------------
    N6                                                0.000     0.000 r  io_dip[1][7] (IN)
                         net (fo=0)                   0.000     0.000    io_dip[1][7]
    N6                   IBUF (Prop_ibuf_I_O)         0.302     0.302 r  D_pipe_q_reg[0]_i_1__1/O
                         net (fo=1, routed)           0.377     0.678    input_handler/forLoop_idx_0_1249631209[8].btn_cond/sync/btns[0]
    SLICE_X0Y16          FDRE                                         r  input_handler/forLoop_idx_0_1249631209[8].btn_cond/sync/D_pipe_q_reg[0]/D
  -------------------------------------------------------------------    -------------------

                         (clock clk_0 rise edge)      0.000     0.000 r  
    N14                                               0.000     0.000 r  clk (IN)
                         net (fo=0)                   0.000     0.000    clk
    N14                  IBUF (Prop_ibuf_I_O)         0.472     0.472 r  clk_IBUF_inst/O
                         net (fo=1, routed)           0.689     1.161    clk_IBUF
    BUFGCTRL_X0Y0        BUFG (Prop_bufg_I_O)         0.029     1.190 r  clk_IBUF_BUFG_inst/O
                         net (fo=867, routed)         0.859     2.049    input_handler/forLoop_idx_0_1249631209[8].btn_cond/sync/clk_IBUF_BUFG
    SLICE_X0Y16          FDRE                                         r  input_handler/forLoop_idx_0_1249631209[8].btn_cond/sync/D_pipe_q_reg[0]/C

Slack:                    inf
  Source:                 ex_reset_button
                            (input port)
  Destination:            external_reset_button_conditioner/sync/D_pipe_q_reg[0]/D
                            (rising edge-triggered cell FDRE clocked by clk_0  {rise@0.000ns fall@50.000ns period=100.000ns})
  Path Group:             (none)
  Path Type:              Hold (Min at Fast Process Corner)
  Data Path Delay:        0.822ns  (logic 0.274ns (33.337%)  route 0.548ns (66.663%))
  Logic Levels:           1  (IBUF=1)
  Clock Path Skew:        2.046ns (DCD - SCD - CPR)
    Destination Clock Delay (DCD):    2.046ns
    Source Clock Delay      (SCD):    0.000ns
    Clock Pessimism Removal (CPR):    -0.000ns
  Timing Exception:       Asynchronous Clock Groups

    Location             Delay type                Incr(ns)  Path(ns)    Netlist Resource(s)
  -------------------------------------------------------------------    -------------------
    R13                                               0.000     0.000 r  ex_reset_button (IN)
                         net (fo=0)                   0.000     0.000    ex_reset_button
    R13                  IBUF (Prop_ibuf_I_O)         0.274     0.274 r  ex_reset_button_IBUF_inst/O
                         net (fo=1, routed)           0.548     0.822    external_reset_button_conditioner/sync/D[0]
    SLICE_X2Y30          FDRE                                         r  external_reset_button_conditioner/sync/D_pipe_q_reg[0]/D
  -------------------------------------------------------------------    -------------------

                         (clock clk_0 rise edge)      0.000     0.000 r  
    N14                                               0.000     0.000 r  clk (IN)
                         net (fo=0)                   0.000     0.000    clk
    N14                  IBUF (Prop_ibuf_I_O)         0.472     0.472 r  clk_IBUF_inst/O
                         net (fo=1, routed)           0.689     1.161    clk_IBUF
    BUFGCTRL_X0Y0        BUFG (Prop_bufg_I_O)         0.029     1.190 r  clk_IBUF_BUFG_inst/O
                         net (fo=867, routed)         0.856     2.046    external_reset_button_conditioner/sync/clk_IBUF_BUFG
    SLICE_X2Y30          FDRE                                         r  external_reset_button_conditioner/sync/D_pipe_q_reg[0]/C

Slack:                    inf
  Source:                 io_dip[0][4]
                            (input port)
  Destination:            input_handler/forLoop_idx_0_1249631209[14].btn_cond/sync/D_pipe_q_reg[0]/D
                            (rising edge-triggered cell FDRE clocked by clk_0  {rise@0.000ns fall@50.000ns period=100.000ns})
  Path Group:             (none)
  Path Type:              Hold (Min at Fast Process Corner)
  Data Path Delay:        1.650ns  (logic 0.236ns (14.302%)  route 1.414ns (85.698%))
  Logic Levels:           1  (IBUF=1)
  Clock Path Skew:        2.021ns (DCD - SCD - CPR)
    Destination Clock Delay (DCD):    2.021ns
    Source Clock Delay      (SCD):    0.000ns
    Clock Pessimism Removal (CPR):    -0.000ns
  Timing Exception:       Asynchronous Clock Groups

    Location             Delay type                Incr(ns)  Path(ns)    Netlist Resource(s)
  -------------------------------------------------------------------    -------------------
    G5                                                0.000     0.000 r  io_dip[0][4] (IN)
                         net (fo=0)                   0.000     0.000    io_dip[0][4]
    G5                   IBUF (Prop_ibuf_I_O)         0.236     0.236 r  D_pipe_q_reg[0]_i_1__12/O
                         net (fo=1, routed)           1.414     1.650    input_handler/forLoop_idx_0_1249631209[14].btn_cond/sync/btns[0]
    SLICE_X8Y35          FDRE                                         r  input_handler/forLoop_idx_0_1249631209[14].btn_cond/sync/D_pipe_q_reg[0]/D
  -------------------------------------------------------------------    -------------------

                         (clock clk_0 rise edge)      0.000     0.000 r  
    N14                                               0.000     0.000 r  clk (IN)
                         net (fo=0)                   0.000     0.000    clk
    N14                  IBUF (Prop_ibuf_I_O)         0.472     0.472 r  clk_IBUF_inst/O
                         net (fo=1, routed)           0.689     1.161    clk_IBUF
    BUFGCTRL_X0Y0        BUFG (Prop_bufg_I_O)         0.029     1.190 r  clk_IBUF_BUFG_inst/O
                         net (fo=867, routed)         0.831     2.021    input_handler/forLoop_idx_0_1249631209[14].btn_cond/sync/clk_IBUF_BUFG
    SLICE_X8Y35          FDRE                                         r  input_handler/forLoop_idx_0_1249631209[14].btn_cond/sync/D_pipe_q_reg[0]/C

Slack:                    inf
  Source:                 io_dip[2][1]
                            (input port)
  Destination:            input_handler/forLoop_idx_0_1249631209[0].btn_cond/sync/D_pipe_q_reg[0]/D
                            (rising edge-triggered cell FDRE clocked by clk_0  {rise@0.000ns fall@50.000ns period=100.000ns})
  Path Group:             (none)
  Path Type:              Hold (Min at Fast Process Corner)
  Data Path Delay:        1.780ns  (logic 0.244ns (13.715%)  route 1.535ns (86.285%))
  Logic Levels:           1  (IBUF=1)
  Clock Path Skew:        2.019ns (DCD - SCD - CPR)
    Destination Clock Delay (DCD):    2.019ns
    Source Clock Delay      (SCD):    0.000ns
    Clock Pessimism Removal (CPR):    -0.000ns
  Timing Exception:       Asynchronous Clock Groups

    Location             Delay type                Incr(ns)  Path(ns)    Netlist Resource(s)
  -------------------------------------------------------------------    -------------------
    H4                                                0.000     0.000 r  io_dip[2][1] (IN)
                         net (fo=0)                   0.000     0.000    io_dip[2][1]
    H4                   IBUF (Prop_ibuf_I_O)         0.244     0.244 r  D_pipe_q_reg[0]_i_1/O
                         net (fo=1, routed)           1.535     1.780    input_handler/forLoop_idx_0_1249631209[0].btn_cond/sync/btns[0]
    SLICE_X8Y33          FDRE                                         r  input_handler/forLoop_idx_0_1249631209[0].btn_cond/sync/D_pipe_q_reg[0]/D
  -------------------------------------------------------------------    -------------------

                         (clock clk_0 rise edge)      0.000     0.000 r  
    N14                                               0.000     0.000 r  clk (IN)
                         net (fo=0)                   0.000     0.000    clk
    N14                  IBUF (Prop_ibuf_I_O)         0.472     0.472 r  clk_IBUF_inst/O
                         net (fo=1, routed)           0.689     1.161    clk_IBUF
    BUFGCTRL_X0Y0        BUFG (Prop_bufg_I_O)         0.029     1.190 r  clk_IBUF_BUFG_inst/O
                         net (fo=867, routed)         0.829     2.019    input_handler/forLoop_idx_0_1249631209[0].btn_cond/sync/clk_IBUF_BUFG
    SLICE_X8Y33          FDRE                                         r  input_handler/forLoop_idx_0_1249631209[0].btn_cond/sync/D_pipe_q_reg[0]/C

Slack:                    inf
  Source:                 io_dip[0][3]
                            (input port)
  Destination:            input_handler/forLoop_idx_0_1249631209[13].btn_cond/sync/D_pipe_q_reg[0]/D
                            (rising edge-triggered cell FDRE clocked by clk_0  {rise@0.000ns fall@50.000ns period=100.000ns})
  Path Group:             (none)
  Path Type:              Hold (Min at Fast Process Corner)
  Data Path Delay:        1.879ns  (logic 0.254ns (13.516%)  route 1.625ns (86.484%))
  Logic Levels:           1  (IBUF=1)
  Clock Path Skew:        2.015ns (DCD - SCD - CPR)
    Destination Clock Delay (DCD):    2.015ns
    Source Clock Delay      (SCD):    0.000ns
    Clock Pessimism Removal (CPR):    -0.000ns
  Timing Exception:       Asynchronous Clock Groups

    Location             Delay type                Incr(ns)  Path(ns)    Netlist Resource(s)
  -------------------------------------------------------------------    -------------------
    E5                                                0.000     0.000 r  io_dip[0][3] (IN)
                         net (fo=0)                   0.000     0.000    io_dip[0][3]
    E5                   IBUF (Prop_ibuf_I_O)         0.254     0.254 r  D_pipe_q_reg[0]_i_1__13/O
                         net (fo=1, routed)           1.625     1.879    input_handler/forLoop_idx_0_1249631209[13].btn_cond/sync/btns[0]
    SLICE_X15Y29         FDRE                                         r  input_handler/forLoop_idx_0_1249631209[13].btn_cond/sync/D_pipe_q_reg[0]/D
  -------------------------------------------------------------------    -------------------

                         (clock clk_0 rise edge)      0.000     0.000 r  
    N14                                               0.000     0.000 r  clk (IN)
                         net (fo=0)                   0.000     0.000    clk
    N14                  IBUF (Prop_ibuf_I_O)         0.472     0.472 r  clk_IBUF_inst/O
                         net (fo=1, routed)           0.689     1.161    clk_IBUF
    BUFGCTRL_X0Y0        BUFG (Prop_bufg_I_O)         0.029     1.190 r  clk_IBUF_BUFG_inst/O
                         net (fo=867, routed)         0.825     2.015    input_handler/forLoop_idx_0_1249631209[13].btn_cond/sync/clk_IBUF_BUFG
    SLICE_X15Y29         FDRE                                         r  input_handler/forLoop_idx_0_1249631209[13].btn_cond/sync/D_pipe_q_reg[0]/C

Slack:                    inf
  Source:                 io_dip[0][5]
                            (input port)
  Destination:            input_handler/forLoop_idx_0_1249631209[15].btn_cond/sync/D_pipe_q_reg[0]/D
                            (rising edge-triggered cell FDRE clocked by clk_0  {rise@0.000ns fall@50.000ns period=100.000ns})
  Path Group:             (none)
  Path Type:              Hold (Min at Fast Process Corner)
  Data Path Delay:        1.907ns  (logic 0.230ns (12.059%)  route 1.677ns (87.941%))
  Logic Levels:           1  (IBUF=1)
  Clock Path Skew:        2.015ns (DCD - SCD - CPR)
    Destination Clock Delay (DCD):    2.015ns
    Source Clock Delay      (SCD):    0.000ns
    Clock Pessimism Removal (CPR):    -0.000ns
  Timing Exception:       Asynchronous Clock Groups

    Location             Delay type                Incr(ns)  Path(ns)    Netlist Resource(s)
  -------------------------------------------------------------------    -------------------
    G4                                                0.000     0.000 r  io_dip[0][5] (IN)
                         net (fo=0)                   0.000     0.000    io_dip[0][5]
    G4                   IBUF (Prop_ibuf_I_O)         0.230     0.230 r  D_pipe_q_reg[0]_i_1__11/O
                         net (fo=1, routed)           1.677     1.907    input_handler/forLoop_idx_0_1249631209[15].btn_cond/sync/btns[0]
    SLICE_X8Y29          FDRE                                         r  input_handler/forLoop_idx_0_1249631209[15].btn_cond/sync/D_pipe_q_reg[0]/D
  -------------------------------------------------------------------    -------------------

                         (clock clk_0 rise edge)      0.000     0.000 r  
    N14                                               0.000     0.000 r  clk (IN)
                         net (fo=0)                   0.000     0.000    clk
    N14                  IBUF (Prop_ibuf_I_O)         0.472     0.472 r  clk_IBUF_inst/O
                         net (fo=1, routed)           0.689     1.161    clk_IBUF
    BUFGCTRL_X0Y0        BUFG (Prop_bufg_I_O)         0.029     1.190 r  clk_IBUF_BUFG_inst/O
                         net (fo=867, routed)         0.825     2.015    input_handler/forLoop_idx_0_1249631209[15].btn_cond/sync/clk_IBUF_BUFG
    SLICE_X8Y29          FDRE                                         r  input_handler/forLoop_idx_0_1249631209[15].btn_cond/sync/D_pipe_q_reg[0]/C

Slack:                    inf
  Source:                 io_dip[0][2]
                            (input port)
  Destination:            input_handler/forLoop_idx_0_1249631209[12].btn_cond/sync/D_pipe_q_reg[0]/D
                            (rising edge-triggered cell FDRE clocked by clk_0  {rise@0.000ns fall@50.000ns period=100.000ns})
  Path Group:             (none)
  Path Type:              Hold (Min at Fast Process Corner)
  Data Path Delay:        1.934ns  (logic 0.253ns (13.097%)  route 1.681ns (86.903%))
  Logic Levels:           1  (IBUF=1)
  Clock Path Skew:        2.015ns (DCD - SCD - CPR)
    Destination Clock Delay (DCD):    2.015ns
    Source Clock Delay      (SCD):    0.000ns
    Clock Pessimism Removal (CPR):    -0.000ns
  Timing Exception:       Asynchronous Clock Groups

    Location             Delay type                Incr(ns)  Path(ns)    Netlist Resource(s)
  -------------------------------------------------------------------    -------------------
    F5                                                0.000     0.000 r  io_dip[0][2] (IN)
                         net (fo=0)                   0.000     0.000    io_dip[0][2]
    F5                   IBUF (Prop_ibuf_I_O)         0.253     0.253 r  D_pipe_q_reg[0]_i_1__14/O
                         net (fo=1, routed)           1.681     1.934    input_handler/forLoop_idx_0_1249631209[12].btn_cond/sync/btns[0]
    SLICE_X15Y29         FDRE                                         r  input_handler/forLoop_idx_0_1249631209[12].btn_cond/sync/D_pipe_q_reg[0]/D
  -------------------------------------------------------------------    -------------------

                         (clock clk_0 rise edge)      0.000     0.000 r  
    N14                                               0.000     0.000 r  clk (IN)
                         net (fo=0)                   0.000     0.000    clk
    N14                  IBUF (Prop_ibuf_I_O)         0.472     0.472 r  clk_IBUF_inst/O
                         net (fo=1, routed)           0.689     1.161    clk_IBUF
    BUFGCTRL_X0Y0        BUFG (Prop_bufg_I_O)         0.029     1.190 r  clk_IBUF_BUFG_inst/O
                         net (fo=867, routed)         0.825     2.015    input_handler/forLoop_idx_0_1249631209[12].btn_cond/sync/clk_IBUF_BUFG
    SLICE_X15Y29         FDRE                                         r  input_handler/forLoop_idx_0_1249631209[12].btn_cond/sync/D_pipe_q_reg[0]/C

Slack:                    inf
  Source:                 io_dip[1][1]
                            (input port)
  Destination:            input_handler/forLoop_idx_0_1249631209[2].btn_cond/sync/D_pipe_q_reg[0]/D
                            (rising edge-triggered cell FDRE clocked by clk_0  {rise@0.000ns fall@50.000ns period=100.000ns})
  Path Group:             (none)
  Path Type:              Hold (Min at Fast Process Corner)
  Data Path Delay:        1.954ns  (logic 0.264ns (13.484%)  route 1.691ns (86.516%))
  Logic Levels:           1  (IBUF=1)
  Clock Path Skew:        2.021ns (DCD - SCD - CPR)
    Destination Clock Delay (DCD):    2.021ns
    Source Clock Delay      (SCD):    0.000ns
    Clock Pessimism Removal (CPR):    -0.000ns
  Timing Exception:       Asynchronous Clock Groups

    Location             Delay type                Incr(ns)  Path(ns)    Netlist Resource(s)
  -------------------------------------------------------------------    -------------------
    D3                                                0.000     0.000 r  io_dip[1][1] (IN)
                         net (fo=0)                   0.000     0.000    io_dip[1][1]
    D3                   IBUF (Prop_ibuf_I_O)         0.264     0.264 r  D_pipe_q_reg[0]_i_1__7/O
                         net (fo=1, routed)           1.691     1.954    input_handler/forLoop_idx_0_1249631209[2].btn_cond/sync/btns[0]
    SLICE_X12Y36         FDRE                                         r  input_handler/forLoop_idx_0_1249631209[2].btn_cond/sync/D_pipe_q_reg[0]/D
  -------------------------------------------------------------------    -------------------

                         (clock clk_0 rise edge)      0.000     0.000 r  
    N14                                               0.000     0.000 r  clk (IN)
                         net (fo=0)                   0.000     0.000    clk
    N14                  IBUF (Prop_ibuf_I_O)         0.472     0.472 r  clk_IBUF_inst/O
                         net (fo=1, routed)           0.689     1.161    clk_IBUF
    BUFGCTRL_X0Y0        BUFG (Prop_bufg_I_O)         0.029     1.190 r  clk_IBUF_BUFG_inst/O
                         net (fo=867, routed)         0.831     2.021    input_handler/forLoop_idx_0_1249631209[2].btn_cond/sync/clk_IBUF_BUFG
    SLICE_X12Y36         FDRE                                         r  input_handler/forLoop_idx_0_1249631209[2].btn_cond/sync/D_pipe_q_reg[0]/C

Slack:                    inf
  Source:                 io_dip[0][1]
                            (input port)
  Destination:            input_handler/forLoop_idx_0_1249631209[11].btn_cond/sync/D_pipe_q_reg[0]/D
                            (rising edge-triggered cell FDRE clocked by clk_0  {rise@0.000ns fall@50.000ns period=100.000ns})
  Path Group:             (none)
  Path Type:              Hold (Min at Fast Process Corner)
  Data Path Delay:        1.964ns  (logic 0.239ns (12.164%)  route 1.725ns (87.836%))
  Logic Levels:           1  (IBUF=1)
  Clock Path Skew:        2.021ns (DCD - SCD - CPR)
    Destination Clock Delay (DCD):    2.021ns
    Source Clock Delay      (SCD):    0.000ns
    Clock Pessimism Removal (CPR):    -0.000ns
  Timing Exception:       Asynchronous Clock Groups

    Location             Delay type                Incr(ns)  Path(ns)    Netlist Resource(s)
  -------------------------------------------------------------------    -------------------
    D5                                                0.000     0.000 r  io_dip[0][1] (IN)
                         net (fo=0)                   0.000     0.000    io_dip[0][1]
    D5                   IBUF (Prop_ibuf_I_O)         0.239     0.239 r  D_pipe_q_reg[0]_i_1__15/O
                         net (fo=1, routed)           1.725     1.964    input_handler/forLoop_idx_0_1249631209[11].btn_cond/sync/btns[0]
    SLICE_X12Y36         FDRE                                         r  input_handler/forLoop_idx_0_1249631209[11].btn_cond/sync/D_pipe_q_reg[0]/D
  -------------------------------------------------------------------    -------------------

                         (clock clk_0 rise edge)      0.000     0.000 r  
    N14                                               0.000     0.000 r  clk (IN)
                         net (fo=0)                   0.000     0.000    clk
    N14                  IBUF (Prop_ibuf_I_O)         0.472     0.472 r  clk_IBUF_inst/O
                         net (fo=1, routed)           0.689     1.161    clk_IBUF
    BUFGCTRL_X0Y0        BUFG (Prop_bufg_I_O)         0.029     1.190 r  clk_IBUF_BUFG_inst/O
                         net (fo=867, routed)         0.831     2.021    input_handler/forLoop_idx_0_1249631209[11].btn_cond/sync/clk_IBUF_BUFG
    SLICE_X12Y36         FDRE                                         r  input_handler/forLoop_idx_0_1249631209[11].btn_cond/sync/D_pipe_q_reg[0]/C





